tweet_id,sentiment,content,Detected Emotion
1956979150,sadness,I'm having a problem with my photo here in twitter amf!!!...can't see my face!,no emotion detected
1956979917,empty,@djmicdamn hey yu lil fucker i textd yu,no emotion detected
1957000788,worry,Achieving a new appreciation on how a xml build script can really be painful and cumbersome,no emotion detected
1957006098,worry,I got a giant splinter stuck up underneath my finger nail today at Muppets...it hurt.  But I got to go to First Aid for the first time!,no emotion detected
1957014653,neutral,@yelgiuQnayR airport? and you didnt show up tonight homo!,no emotion detected
1957017486,neutral,@ poll : was trying to get it to work in a powerpoint to no avail.,no emotion detected
1957019121,neutral,"@Nymo would have been better, IMO, if it let you play through all 3 songs provided. I just start to &quot;get it&quot; and it blacks out.",no emotion detected
1957027630,sadness,my mums trying to make me feel ebtter about stopping voting adn not winning shortstack. i almost cried.,no emotion detected
1957029899,neutral,@jennyvokals girl a blunt is soooooooo in my thoughts right now. I had an absolutly GREAT day with a few stressors...come home,no emotion detected
1957033558,worry,Decided that no matter how good my hair looks curly it doesn't justify the burn I get from the curler! My hands covered  I suck at it!,no emotion detected
1957038324,sadness,my teeth and head hurts,no emotion detected
1957044935,hate,aarrgghh - fu*k.....a hose has leaked water all over the new floating floor,no emotion detected
1957045940,worry,@SharonHayes Thank you for the rec but that doesn't work,no emotion detected
1957056027,sadness,@judyrey  The link doesn't work,no emotion detected
1957059348,sadness,my stupid tooooth hurts,no emotion detected
1957065963,neutral,@nayRyelgiuQ airport? and you didnt show up tonight homo!,no emotion detected
1957068880,sadness,@CocktailChic oh f*ck! I completely forgot about Thirsty Thursday! oh. my. gaga. this sucks,no emotion detected
1957073984,worry,"Ugh, my internet was down!",no emotion detected
1957074812,neutral,@rockingjude The link doesn't work,no emotion detected
1957077528,neutral,"@taylor_d No, it's not...",no emotion detected
1957083641,anger,fuckin'm transtelecom,no emotion detected
1957087780,worry,@pb_and_jay hi!  Fuck your job!,no emotion detected
1957094989,hate,my sister is a douchebag,no emotion detected
1957098732,worry,"finished sewing for the night, uploading pictures from slidebar and beach. i cant believe i am having difficulties with twitter!",no emotion detected
1957104001,worry,@RDeRozario woops! I only just realized my DMs to you are not going through,no emotion detected
1957114162,worry,"@bigyahu no I was trying to interview Dr Paul Twomey, CEO of ICANN. Phone issues cut the interview from 30 mins to 15.",no emotion detected
1957115742,neutral,Still confuse...,no emotion detected
1957118612,sadness,Hmmm. Using TinyTwitter on a small non-touch screen is really not much fun,no emotion detected
1957119180,neutral,@Joshuah_Pearson,no emotion detected
1957119815,neutral,@ccburns Unfortunately not,no emotion detected
1957125620,sadness,@Dakshinamurti Not yet... sorry,no emotion detected
1957125747,worry,All I want to do is sit back &amp; relax for a little while. How can that be this difficult?!,no emotion detected
1957128989,surprise,Math quiz: If Meow =  but Allergies =   then Meow + Allergies = ?,no emotion detected
1957133923,sadness,"I can't sleep, this is so darn frustrating.",no emotion detected
1957137805,neutral,playing the game of watching straight people hook up but can't leave because of another reason,no emotion detected
1957154062,worry,"@mayora not this part, unfortunately.",no emotion detected
1957154821,hate,i just murdered two fucking mouses!!! now i cant sleep,no emotion detected
1957168222,neutral,mannnn..... @alllyy_ got an iphone!!! im jealous....  http://bit.ly/NgnaR,no emotion detected
1957180100,worry,My tongue still hurts.  I need to sleep!!!,no emotion detected
1957182104,worry,"its from all that anal sex, i forgot the lube. damn  may need to go to the E.R.",no emotion detected
1957192397,sadness,"@rscheuer sorry, is only in spanish for the moment",no emotion detected
1957192967,neutral,I signed up for an account on a political website so I could post a comment but it isn't working.,no emotion detected
1957195514,neutral,@3Gguy and within a short time of the last clue all of them,no emotion detected
1957198359,hate,"@StonedSteve yes it was good 2 see them laught at each other,,but that poor lad asking his mum &amp; dad 2 kill him",no emotion detected
1957205912,neutral,"facebook quizzes are one cure of boredom haha, my teeth/mouth hurts",no emotion detected
1957208962,boredom,Not actually managed to purchase anything from the ovi store yet. Constant server error on check out,no emotion detected
1957208989,worry,@HoptonHouseBnB now theres a thought .... do you still get goldfish at the fair ?? not seen them for years,no emotion detected
1957211180,worry,I dont get twitter  Someone help me!,no emotion detected
1957216783,fun,i wish i was at @angelcore's burning trees and trying on dresses...,no emotion detected
1957217758,boredom,Tweeting from the tarmac at Cork Airport. Delayed,no emotion detected
1957230653,worry,@andyclemmensen you didnt send me the text,no emotion detected
1957231863,neutral,I don't remember what i text to twitter to get a list of commands  halp,no emotion detected
1957243718,worry,My baby was so drunk I brought her home for an hour to pass out then carried her to the car,no emotion detected
1957246875,worry,i pulled a muscle in my neck this morning just feels like its getting more sore,no emotion detected
1957249686,boredom,Friday tubes at work are slow..,no emotion detected
1957250995,hate,almost everyone can suck my clit right about now. ive had it up to here with people fucking me over !,no emotion detected
1957256459,worry,Oh good God crampsss...,no emotion detected
1957260020,worry,Can't get the sound to work while on DVD. I was going to watch Mary Poppins.,no emotion detected
1957264295,worry,Gotta a lot of work knocked out on the project but there's one feature that just refuses to work right. Can't release next version until,no emotion detected
1957266393,worry,The computers and the Ethernet at school are so slow!,no emotion detected
1957268164,worry,very very bad headache that is getting worse by the minute not better.,no emotion detected
1957273033,worry,someone has hacked into my emails!! fuck off!!,no emotion detected
1957286023,hate,The Taxi Q at Pelangi was super loooong.. and now I'm getting headaches because of the hot-cold transition,no emotion detected
1957292653,worry,thinks its annoying when i keep getting twitter error messages from my mobile,no emotion detected
1957305086,sadness,OMG sore shoulder,no emotion detected
1957306485,neutral,FML still awake  melatonin not working!,no emotion detected
1957321474,worry,valium makes you feel goood. i need more. i can't fall back asleep. i want my mommy,no emotion detected
1957322446,surprise,my cheeeks hurt so bad. what happened!?,no emotion detected
1957328439,worry,Hoping that this will just heal on it's own because anything I put on it just makes it worse. Owww,no emotion detected
1957340848,worry,"@busays12 dont undrstand malaysian busays.just english,tagalog at waray only",no emotion detected
1957343450,enthusiasm,"Google Wave looks cool. I should be working for these guys, I came up with some of these ideas years ago.  http://tinyurl.com/m77gp7",no emotion detected
1957345027,sadness,fell asleep waiting for my ride!,no emotion detected
1957345942,neutral,@ayawan I actually meant to type &quot;end of September&quot; but I was in the middle of a conversation with someone and I cant multitask,no emotion detected
1957350007,worry,@galaxydazzle okay thank you! i can't find it,no emotion detected
1957362871,sadness,have a splitting headache!,no emotion detected
1957362899,sadness,OMG. Period cramps are FTL. So much pain.,no emotion detected
1957365292,worry,"@onmammaz ugh! I have a knee injury too, except mine is just an infected cut that hurts like hell",no emotion detected
1957376526,neutral,"You need to remember the data the customer has entered on previous pages when they use the back button. So, so many don't do this",no emotion detected
1957385439,worry,"@irascian ach, probably not... they are labeled as MI-5, which I believe was the name used when they aired on BBC America",no emotion detected
1957388050,worry,Ahh! my right kidney hurts soooo bad!!! Ooommmmggggg!!!!,no emotion detected
1957388211,worry,Blehckk ! my cereal is yuck  why does it taste sour ?,no emotion detected
1957399972,worry,@r4nt penis.  @shdwtrev i hope you made sure it's okay. D:,no emotion detected
1957403428,sadness,20 mins from BEJ to Semanggi. Traffic on Friday  *siggghh*,no emotion detected
1957403480,worry,Trying to get to sleep but my migraine is getting in the way,no emotion detected
1957403707,neutral,@itsJorx what do you mean jorx?,no emotion detected
1957406858,worry,"I just managed to stab a piece of bhuja (hot, of course) into the roof of my mouth. Blood everywhere - well, at least in my mouth.",no emotion detected
1957408740,neutral,@poohbaby91 hey you WHORE!! that's kinda mean dont yu think?!,no emotion detected
1957414375,neutral,am hungry agaaaaaaiiiin maaaam,no emotion detected
1957421539,neutral,"I'm going to see Le Mis tonight. - myonlysanction: ugh, so jealous. aw  im a sucker for musicals, but i... http://tumblr.com/xtl1wb089",no emotion detected
1957426142,worry,"Youtube's tubes appear to be clogging up somewhat today, connection errors a plenty.",no emotion detected
1957429876,neutral,wishes that she has a private jet so that she can go see her BFF @ times like this.. ok ok..ot really thinking of carbon footprint here.,no emotion detected
1957430884,empty,"I spent my free time over the last few days converting my server to 64bit, getting VT-x working etc just to get something to run. No Luck",no emotion detected
1957434786,worry,vmware fusion seems getting slower and slower,no emotion detected
1957445955,neutral,@amazondotjon Can you ask Ryan why he stopped following me on Twitter,no emotion detected
1957448065,worry,I feel like I'm on alott of drugs,no emotion detected
1957449197,sadness,ouch  epic bruise between my toes and a lump just under my ankle  bad times,no emotion detected
1957451307,surprise,Owww I'm aching alll over!!,no emotion detected
1957451499,worry,massive headache. argh,no emotion detected
1957452386,sadness,Heading home. Could really have done without banging my head on the way into the bus,no emotion detected
1957454181,surprise,umm...why will it not let me change my background?! im twitter-challenged.,no emotion detected
1957465259,hate,FUCKSAKE i shouldn't smoke so much stuff.,no emotion detected
1957466403,worry,Why don't any of my friends ever miss me  why do 40 year old pervs like me  why can't I be a shape shifter ((((((((((((((((((,no emotion detected
1957480314,hate,@Epiphora I will never forgive you for burying the erotica. You're snuffing out our love.,no emotion detected
1957495917,neutral,@krissysalisbury don't ask  Hoping that today will be an improvment on the rest of the week. Looking forward to the weekend weather!,no emotion detected
1957505599,worry,"E docs are getting younger these days.can u guess where am i??yup, NUH!! paying my ear doc a visit. Ouch!!",no emotion detected
1957516725,neutral,backache,no emotion detected
1957516892,boredom,"Finishing the video. Fuck me, it's so long",no emotion detected
1957524173,neutral,"Ghhh! Went an hour earlier to bed thinking ill get an area hr of sleep, woke up an hr earlier. Today is gonna be a looooong one again.",no emotion detected
1957530310,worry,My dead grandpa pays more attention to me than you do,no emotion detected
1957533942,sadness,going to bed...with NO sexy time UGHHH!,no emotion detected
1957540034,sadness,Damn I failed in my assassination attempt on Louis  re: http://ff.im/3mrIM,no emotion detected
1957558817,sadness,Headache,no emotion detected
1957559642,worry,@DavidAWatson link no worky-work,no emotion detected
1957581930,worry,"actually, i think i'm being mean to her....i feel sorry now",no emotion detected
1957589272,sadness,"How I wish I get at least 2 days-off in a row. 1 day off is not enough to rest.  3 days on, 1 day off, 4 days on, 1 day off...Ugh!!!",no emotion detected
1957599828,worry,driving lesson then off to ikea with the mother and finally work. today is going to be wank,no emotion detected
1957602228,fun,"I'm saying goodbye to Sydney for a few days, and Hello to Rapeville.... I'll miss pretty",no emotion detected
1957606569,worry,@dalzinho I was trying to back all her documents up but it wasn't playing along. its taking forever but am back at it again now,no emotion detected
1957611093,neutral,In Kelantan! Good to be (sort of) home! :pI'm guilt stricken after having that turtle egg.  Really. Won't do it again. Really.,no emotion detected
1957615648,worry,"@_refugee_ /me gets &quot;Your video will start in 15 seconds&quot;, Exiting to watch ... for minutes  #flash #linux #fail",no emotion detected
1957625794,neutral,my thumb hurts after breaking the nail....,no emotion detected
1957633293,worry,Burnt 3 of my fingers from trying to keep my hands warm over the rice cooker.,no emotion detected
1957638410,sadness,owww i think i tore something in my leg,no emotion detected
1957640700,neutral,"Back on track with the transcription process. Still can't stop my lappy overheating, though",no emotion detected
1957650383,sadness,@BlueEyed_Cat @himynameisrose we all know and yes dont remind me im so effin jealous  fuck aust some times,no emotion detected
1957653553,worry,@peacelovetylr Help i need the stalker police can you give me their number,no emotion detected
1957657920,worry,is there a way to &quot;stabalise&quot; a shaky video in post production? I apparently have a very shaky hand.,no emotion detected
1957658932,sadness,"Fell down the stairs at dancing, sword fell on me and now my bum hurts",no emotion detected
1957663654,worry,"@MadamSalami i had to get the same sized jeans, i couldnt get my hips into the 14's",no emotion detected
1957664578,hate,I bruised my toe worse than my I did my finger. It fuckin hurts right now even with ice on it,no emotion detected
1957669715,surprise,"Uuu, am din nou PR 4. Yeey, my epenis is now bigger! ... ... ...",no emotion detected
1957674693,hate,"urgh, my head is banging.",no emotion detected
1957677002,worry,"i juz registered my cp in twitter, but my tweets wont go thru? Argh..Hmm wanna follow my idols lyk @DavidArchie away from the PC..",no emotion detected
1957680374,worry,@Danisidhe Wow - that's one deep sleep!  Wish I could sleep like that -one little noise and I'm awake,no emotion detected
1957693897,sadness,fuck elora danan are breaking up  too and im missing their last nsw show too  def need to hit up melbs !! someone come with ?,no emotion detected
1957699183,surprise,Rather jealous of my football club who have all gone to Portugal on tour today. They're even playing a Sporting Lisbon veterans side.,no emotion detected
1957701215,worry,i got a bruise on my foot out if nowhere!  it hurts!,no emotion detected
1957716189,worry,My neck hurts a lot.,no emotion detected
1957720016,worry,dual reject ...  http://tinyurl.com/mfm7tl,no emotion detected
1957739309,worry,my boss is bullying me...,no emotion detected
1957742569,hate,I am so damn hungry it's not even funny!,no emotion detected
1957743172,neutral,@geekgrrl  I missed one,no emotion detected
1957745916,sadness,"[Wrong!] #liesboystell Your the only one, I love (they really have several women)  http://tinyurl.com/nl6pct",no emotion detected
1957746643,neutral,@Reynolds_x all three are in the first 2 weeks of june for me,no emotion detected
1957757593,fun,"@ashetler I've totally been MIA, i know  bad me",no emotion detected
1957764405,happiness,AH! so nice to be back on bike commute although three days off and my (what google sez are called) my quadriceps literally screaming. gah,no emotion detected
1958046204,neutral,It's cause you give me a reason to assume.  - http://tweet.sg,no emotion detected
1958051442,fun,Working at home  Wifi not reaching the garden,no emotion detected
1958054790,worry,"Can't sleep, clowns will eat me",no emotion detected
1958063917,sadness,@RedMummy And it's such glorious weather too - poor you,no emotion detected
1958065575,worry,Why am I limited to only being able to sync with 1 MS Exchange account on iPhone?  ... same goes for Outlook. Why... http://bit.ly/etB8H,no emotion detected
1958067947,worry,feels guility . sorry 'bout that  http://plurk.com/p/wyqow,no emotion detected
1958072584,worry,I stung myself with stinging nettles all down my shin,no emotion detected
1958073482,fun,@jodieharsh Ahhh so Jealous!  Have a nice time and I'll see you when you get back x,no emotion detected
1958073734,worry,I dreamt someone committed suicide w a drip stand!  - http://tweet.sg,no emotion detected
1958076611,neutral,Getting really guilty,no emotion detected
1958082200,sadness,i have the bigggest headache,no emotion detected
1958092381,sadness,Got three shots today.   I can't lift my arms...,no emotion detected
1958110692,neutral,@mateoviento don't see the link on my web interface,no emotion detected
1958116760,worry,Home. Don't think i'll wake up at 5. :-p I had set an alarm for 6 in the kids' room &amp; forgot to turn it off. I feel bad about that.,no emotion detected
1958119313,hate,@tweetie Why do I have to enter my registration details every time I update?,no emotion detected
1958120056,surprise,Oh. Seems the playable Joker PS3 exclusivity on Arkham Asylum is much bigger than thought.,no emotion detected
1958130674,sadness,@EPMorgan I know!  I can read bt I can't sit outside coz I gota answer the phone,no emotion detected
1958131886,worry,working wearing sunglasses...my eyes are bleeding!,no emotion detected
1958133344,sadness,"@ShaneSakata Hi Shane, that link doesn't seem to work",no emotion detected
1960122166,worry,I just woke up. My teeth really hurt from my rubber bands,no emotion detected
1960122779,worry,Burnt the fuck out of my hand today.,no emotion detected
1960133559,worry,Can't seem to find the new Mountain Dew Throwback in 12 packs....only in 1 liter bottles,no emotion detected
1960143909,surprise,Why can't I buy the Nokia N97?!? Amazon says &quot;cannot ship to this address.&quot;,no emotion detected
1960158758,love,wants to smoke a cig but doesn't have a lighter.,no emotion detected
1960160266,hate,not sure why I can't get tweetdeck to work on my computer. want to know what all of the hype is about,no emotion detected
1960168026,worry,@bdule the installer is crashing towards the end of the installation,no emotion detected
1960193477,worry,@fuzzydave at YVR.... Fog delay is in SFO so we can't leave yet,no emotion detected
1960193716,worry,@fosforo  shame on me!!!,no emotion detected
1960200429,worry,Waiting waiting waiting very difficult for an impatient lass like me...,no emotion detected
1960202790,sadness,"@katcal i'm relying on my mobile, which lacks reception. Trying to help, but just looking silly",no emotion detected
1960207689,fun,@NotARichGirl everyone else get all the good stuff!!,no emotion detected
1960208219,hate,"@cskly Kev, fuck off! I'm stuck in Westgate working",no emotion detected
1960209316,worry,I cut my thumb on a broken coffee pot.,no emotion detected
1960210067,worry,"Oh, ew. That's too bad - after not using this certain lip gloss for a long time I just tried to wear it - literally making my lips burn.",no emotion detected
1960216827,empty,Fighting with Nagios configuration.  Great tool but the config is a bit of a labour,no emotion detected
1960252817,worry,"@BleedingSweat I saw this link, but I get an error on the CNN site when I open this page and cannot read the article.",no emotion detected
1960265389,sadness,My stomach hurts so bad,no emotion detected
1960268822,empty,Is hungry with a sub,no emotion detected
1960269312,neutral,It's hella itchy!  http://twitpic.com/66m7f,no emotion detected
1960293684,worry,"My knee fucking hurts man  Haylee doesn't even care, GET ME MORE MILKSHAKE-SHAKE-SHAKE-SHAKE IT!",no emotion detected
1960297077,worry,@hotelqueen hmm...your blog won't let me post a comment.,no emotion detected
1960304042,sadness,Have spent half of the day troubleshooting something that wasn't even within my control. Clusters doesn't always mean high availability.,no emotion detected
1960305421,neutral,@MrBillyBones Twitpic won't show me the picture,no emotion detected
1960310709,worry,sitting in the parking lot-by myself  i miss you baby. couple min til i gotta deal with a bitch. then i'm peacin' out and hitting the gym,no emotion detected
1960315759,neutral,@marianawerneck o que houve?,no emotion detected
1960319421,hate,THE SUN IS SHINING&lt; THE SKY IS FACKING BLUE&lt; TELETUBBIES? I HAVE TO FUCKING WORK.,no emotion detected
1960328274,hate,rt : @LiLi214 ughhhh got fuckin pulled over for talkin on my cell in a school zone  FUCK HIGHLAND PARK POLICE rude mofo,no emotion detected
1960337145,hate,"@dmolsen Gain an instant follower, just use the #tits tag in a tweet. WTF? Lesson learned, Summer of Todd to get a new *official* tag.",no emotion detected
1960353321,surprise,"@bex_1210 holy crap, I need to see that! Too bad I gotta wait until tomorrow",no emotion detected
1960354374,worry,"@Boy_Kill_Boy oh sorry! not getting all my replies  nothing against you. and yes, i do know nirvana",no emotion detected
1960386912,neutral,the puppy shall loose his um... manly parts today  poor guy....,no emotion detected
1960388281,hate,@chellemariee I have my 830 class  fuckin school! what time you work wed? if jade comes ima have to get her in antioch at amtrak.,no emotion detected
1960391389,worry,@illmindPRODUCER careful the cops dont mistake you and your kids for criminals - i hear there is some indiscrimate shooting going on,no emotion detected
1960419728,empty,"@alanmcnamee nope no idea, I've registered, so far no response",no emotion detected
1960423130,sadness,@GarethCliff my heart hurts for them. Imagine how shit their skin will be when they're twenty from all the stuff they smeer on it. shame,no emotion detected
1960430302,love,@_Trystianity_ you got some sexy pics girl!!!  Love the eyebrow piercing!  I used to have a ton of piercings now I only have my ears  lol,no emotion detected
1960434953,love,i ditched school ( i hate it ) and im taking a huge dump.......    it hurts REAL BAD!,no emotion detected
1960451739,neutral,Anyone know a good PNG compression tool for OS X? Tried PNGCrush but it just doesnt run,no emotion detected
1960452956,neutral,Is there a cvs equivalent to &quot;git status&quot;?,no emotion detected
1960472599,worry,"Grrr, I can't even practice Trumpet or vocals because my glands in my neck hurt too much! Guitar it is then.",no emotion detected
1960473783,surprise,&quot;yeah them men love them blowjobs&quot; -something you never want to hear your grandma say over breakfast talkin about charles barkley,no emotion detected
1960489887,sadness,http://tinyurl.com/nqudrt - Hurt my finger at work,no emotion detected
1960492482,love,"i saw some lovely skinny jeans today for ï¿½3 at a charity shop, but they were just a little bit tight on my thighs.  ahhh so annoying",no emotion detected
1960494819,neutral,@_NewAmerykah_ im alllllllllllllllllllllllllllll about that... a nigga woke up late... didnt get my breakfast (wakenbake),no emotion detected
1960511009,worry,My twitterberry wont work on my friends and me,no emotion detected
1960511157,surprise,Oh man sold out  had to step away from my desk for 10 min! @theaskanison you were right,no emotion detected
1960537578,neutral,@philleasfogg,no emotion detected
1960541171,sadness,"Drop the girl she's only got it for your heart she's sure to leave broke and bleeding, and you know she'll turn her back on you.  I lo ...",no emotion detected
1960562456,neutral,@WillKnott,no emotion detected
1960567413,hate,Ugh! I can't access through my mobile web!,no emotion detected
1960574654,neutral,@arulnick I tried that but I can only use import/export for contacts saved locally on my Outlook. Thanks Though,no emotion detected
1960590815,worry,Can't play World in Conflict because the computer is running too slow,no emotion detected
1960598323,worry,"@LushLtd why can't i buy the new night in for toes? i see it, it's within my grasp, but it's just not bringing it to my shopping cart",no emotion detected
1960598982,anger,@_hayles are u serious???? you touched his arse? ohmygod u bitch!!! lol aaaaawwwwwww y did u tell me that!!!,no emotion detected
1960602485,worry,Fuck. My arms feel like really sore jell-o,no emotion detected
1960620873,worry,I'm trying to figure out how on earth I am supposed to be able to update my statuses via my phone. Someone help meeee!,no emotion detected
1960623734,neutral,@xDKrystal yen lol but i can only get the vid on my phone and ipod cant find the song  lol,no emotion detected
1960627142,worry,@laurenmichell Scary!,no emotion detected
1960628368,worry,NEED SUMTHING FOR THIS EXCRUCIATING HEADACHE,no emotion detected
1960659700,surprise,my best friends bought something which i really want.,no emotion detected
1960668746,empty,Facebook.com isint letting me change my profile picture,no emotion detected
1960669889,neutral,"Sitting here, waiting to go to the gym.....almost left, then realized I never charged my iPod from my trip to Wisconsin....it's dead",no emotion detected
1960673237,worry,Hey #rda2009cla presentation was too large to post!  sorry   (From rules to entities: cataloguing with RDA live &gt; http://ustre.am/2j3l),no emotion detected
1960673469,surprise,@mynameisgay You are so lucky you get to travel.,no emotion detected
1960704293,worry,@marvelvscapcom I entered it in within 20 seconds of post and still didn't get it,no emotion detected
1960705157,worry,super hungry... Dominos or martabak... both tempting and fattening,no emotion detected
1960705629,surprise,My chick wont shut up  Will only stop chirping if i sit with the bloody thing.,no emotion detected
1960708674,sadness,(@MeowMeowHotMix) My chick wont shut up  Will only stop chirping if i sit with the bloody thing.,no emotion detected
1960714631,worry,Woke up and felt a sharp pain in the back of my leg. No school for me today,no emotion detected
1960751542,neutral,@MikeAbrams Link doesn't work,no emotion detected
1960758721,fun,@yoitsbooty ) NICE. I want it. I'll get the pirated. ) I MISS YOU,no emotion detected
1960808956,sadness,"@PhilipHotchkiss Sorry, but I don't see a Twitter user named @TomClain",no emotion detected
1960811720,hate,"ow, I just rolled over my toe with my desk chair.",no emotion detected
1960815185,hate,@RoTone u suck! had i went to jail i couldnt tweet anymore,no emotion detected
1960817866,surprise,My mom just texted me and told me that Rodney was chasing fireflies in their backyard. Awwwww I'm miss him    http://twitpic.com/66pn1,no emotion detected
1960864881,neutral,@aigulf,no emotion detected
1960870774,neutral,http://pic.im/4d8   Horten moss kï¿½,no emotion detected
1960906439,worry,I always feel like I'm betraying her trust in me when I drop the pup off at the groomer.,no emotion detected
1960907499,neutral,"thought id tanned after an hour in the sun, i was wrong....i've just burnt",no emotion detected
1960909310,neutral,@circusaudium it's saying that it is the wrong link-it cannot find the address.,no emotion detected
1960913872,worry,Mouth hurts,no emotion detected
1960945108,worry,"ok, i have to turn off all of my twitter device updates until i get a new battery. phone goes from fully charged to dead in about 5 hours",no emotion detected
1960948752,worry,I'm nauseous  I need a yogurt or something..,no emotion detected
1961000534,surprise,I sunburnt through factor 30,no emotion detected
1961005387,worry,has toothache,no emotion detected
1961033997,worry,@KMON3Y LOL well these girls didnt!!! And my girl made me tip the lady and she put her boobies in my face,no emotion detected
1961038032,neutral,honestly i cannot figure this twitter thing out,no emotion detected
1961044331,worry,"Woke up.. Walked out of my room, and a bug flew in my eye",no emotion detected
1961049328,surprise,im not going to my dads tonight !!!!! and hes got a 12 foot pool  he has to tell me that hes got things when im not going TWAT !!,no emotion detected
1961060202,worry,"Ouch, my back. Man I'm sick",no emotion detected
1961062763,worry,My shirt is a fuzz magnet today and I feel totally uncomfortable,no emotion detected
1961085903,neutral,@karneee love it! Really its simple i think of a word and put twi on the front i should be more clever,no emotion detected
1961097027,empty,@hellorachael yep,no emotion detected
1961099229,hate,im tweeting... this is so hard... i dont get it...,no emotion detected
1961102942,sadness,@ingek73 I'm on blip but can't get it to work on me iPhone,no emotion detected
1961106228,neutral,@Selfish_Hisashi Mï¿½y em mï¿½ torrent thï¿½ bï¿½ ch? trï¿½n nhï¿½ ?ang Thiï¿½n Long l?i ch?y xu?ng ?i?u tra,no emotion detected
1961121802,worry,has at least 30 bug bites on her legs,no emotion detected
1961140626,hate,Open office &quot;writer&quot; is weird. I need Word to open word documents correctly,no emotion detected
1961142780,neutral,"@Sobk13 Yes, it seems that way - page not found",no emotion detected
1961144804,neutral,@azboricua No. Its a bug  in coding. Go into the forum then do reg. Let me know if that work!,no emotion detected
1961145215,neutral,Sorry I'm not using tweetdeck it's not letting me tweet today,no emotion detected
1961145713,neutral,@RolliePollie32 I ate some hot food,no emotion detected
1961151572,worry,half my class just called me retarded it hurt for real,no emotion detected
1961154556,worry,hand hurts,no emotion detected
1961171018,neutral,Ow it hurts,no emotion detected
1961174215,hate,Then back to fucking school,no emotion detected
1961178192,worry,Hmm... the new sports catalog and card jitsu updates are not appearing for me,no emotion detected
1961215362,happiness,Straighening my hair and its not going as straight as i want it to be what a  bummerrr for me,no emotion detected
1961215445,happiness,@josemarques I don't feel like having to reboot  If only OSX supported Hibernate &amp; Reboot in Bootcamp... -.-,no emotion detected
1961237275,worry,"it's so slow, and I want to go home already",no emotion detected
1961248597,love,changos el link no me sirve mta,no emotion detected
1961262703,sadness,@lexie_98 Kevin can't leave work until 2,no emotion detected
1961264949,worry,Back is SORE... should not have done that jump last night,no emotion detected
1961291085,worry,My throat is killing me,no emotion detected
1961291543,neutral,is still craving for a cheeseburger.,no emotion detected
1961366316,sadness,Headache,no emotion detected
1961410498,empty,@alisonhaislip I envy everyone on AOTS...,no emotion detected
1961417007,hate,My TweetDeck is languishing in API Hell. Again.,no emotion detected
1961422360,worry,My teeth and my eye hurt   someone make them feel better,no emotion detected
1961422696,sadness,headache,no emotion detected
1961430716,worry,how come when i straighten my hair it has to sprinkle,no emotion detected
1961449908,love,"@fifthroom I tried TD, but it battled with CS3 over my processor. Nambu is really good, but unintuitive",no emotion detected
1961459940,worry,I burnt my finger on the toaster,no emotion detected
1961462822,happiness,"@MissShell20 eeeeep so jealous ;) I'm at work  um, how can u receive Viva? Do they broadcast it online? :plz:",no emotion detected
1961474612,sadness,"@Lesley_M Melted maybe 2 square inches of skin. Ran it under cold water for a min or two and then iced until the ice melted. Now, hurts",no emotion detected
1961475719,worry,"#3wordsaftersex  Ow, rug burns",no emotion detected
1961517164,worry,My cankle is sore.,no emotion detected
1961547644,happiness,@isuhin O dear. so you're going to be fucking that kiddoe and I'm going to sit there doing..  nothing! awesome  WHERES THE SHOPPING?!&lt;3,no emotion detected
1961557167,neutral,"@FrankieTheSats comon , answer me  what do you think about my friend drawning? x http://www.twitpic.com/5m7vd",no emotion detected
1961558960,neutral,@KuhliZzle i cant even call a nigga man  bitches on bogus shit. yah digg?,no emotion detected
1961567207,worry,@fightingfatigue Got any tips for a mum of a 14 yr old with CFS who can't sleep at night. He falls asleep about 4a.m. till midday or so,no emotion detected
1961573536,sadness,Just burned my tongue!!,no emotion detected
1961606703,worry,Sunburn ouch,no emotion detected
1961646529,worry,"@itsgabbith oh no!  thats no good! I pierced  my bottom lip on the right side...myself in 12th grade, but we had a no piercings dress code",no emotion detected
1961648166,sadness,"I need to get in a good, hard workout today after work, I feel like I've been slacking! No good",no emotion detected
1961648530,worry,This is a joke surely? http://prune.it/WEAt,no emotion detected
1961658707,neutral,@kennyblak I spoke but when niggas be looking at ya crazi all the time u just stop....  plus I always used to see yall when I just wanted,no emotion detected
1961701176,sadness,"I have never had a Starbucks coffee in my entire life, people keep making me jealous",no emotion detected
1961701968,neutral,@captainkarenn I dont think so,no emotion detected
1961738726,worry,"Just updated my To-Do List (notepad, need something else?) with Flickr and downloads. Internet being slow and sluggish",no emotion detected
1961741398,neutral,@thegoodhuman,no emotion detected
1961743698,worry,i have three hours to do my hair. and it STILL won't be straight,no emotion detected
1961746208,worry,"@MBLeah Unfortunately, no.",no emotion detected
1961746482,neutral,@projectcloud i'm trying  in lots of pain though.,no emotion detected
1961751982,neutral,fuck i hate when the strawberries run out in my special K,no emotion detected
1961760353,neutral,Someone just fuck up birthday sex for me ...  he basically said the song is about a nigga being selfish ... Listen to the song carefully,no emotion detected
1961769545,worry,Bar exam madness:  topic for today is torts,no emotion detected
1961818155,relief,@clothes_w thank you..,no emotion detected
1961831968,worry,i just fell going into my house.. not fun,no emotion detected
1961863429,neutral,"@opaque19 I can't do that.  I take it at 11, or I work through it.  Those are my options here.",no emotion detected
1961864167,worry,Im only failing 1 class.... Algebra 2 damn it that shit is hard!,no emotion detected
1961869175,worry,"Loaded up box of recyle stuff for Salvation Army,but took  corner too fast..everything is all over the back.Might have to recycle to dump",no emotion detected
1961878200,worry,@SteveAgl not for me,no emotion detected
1961888913,neutral,there's a guy in my house so i can't go downstairs with no pants,no emotion detected
1961890740,worry,is there a program that tells you when someone stops following you or who started following you? Lost one last night and I've only got 85,no emotion detected
1961894538,neutral,I am so jealous that @collystringgs got to sleep until 1,no emotion detected
1961895266,relief,"Ok, shortened urls are fine and all but, please, give me more context other than just &quot;cool&quot;. Not everyone has &quot;url-auto-expand&quot;",no emotion detected
1961909997,enthusiasm,@bryanhowl  @kat10187  You guys can make it through!,no emotion detected
1961912625,neutral,"@reba Wish I could listen but because I'm from Canada, the website won't let me!",no emotion detected
1961919879,sadness,I saw amazing heeels. But they were too big,no emotion detected
1961920539,worry,@princessxansley oh and i dont know how to get twatter mobile to work.,no emotion detected
1961921468,sadness,I watched wayyyy too much Beverly Hills 90210 today and I am not proud of that fact.  TV FAIL,no emotion detected
1961922392,sadness,skype call with billie but my webcam dont work,no emotion detected
1961922700,worry,"@twaysive hm, this not a good medium for much more then yes/no  I am responding to previous posts,days ago, &amp; other conversations we had",no emotion detected
1961925259,hate,"Oh god, I want to blow up my tooth. It hurts.",no emotion detected
1961925614,sadness,@neeshababyyy they won't  guys are retarded!,no emotion detected
1961961127,neutral,@howlertwit AAAAhhhh! you makin me feel all gilty now,no emotion detected
1961962542,worry,headache,no emotion detected
1961967029,happiness,"Dang it! It seems that every time I blip a song, it's unavailable.",no emotion detected
1961968715,sadness,@SweetHomeBirth  link isn't working,no emotion detected
1961968721,worry,"The computer is being really slow, especially on typing!",no emotion detected
1961969115,worry,@jmliss Link didn't work,no emotion detected
1961996330,sadness,@katebuckjr Sorry I can not reach either URL,no emotion detected
1962004783,sadness,Is youtube not working properly for anyone else? I can't watch videos because they keep failing to load,no emotion detected
1962016023,worry,Sunburn on my knees,no emotion detected
1962022144,worry,i totally need to go to the doctor for my arm...this bitch is STILL hurtin like hell      i shall return,no emotion detected
1962022315,neutral,just slammed my finger in a car dor  FML ow,no emotion detected
1962030628,neutral,Twitter is slow!,no emotion detected
1962055828,sadness,I'm trying to find a pic for twitter but all that  ihave are too big or can't upload. So I shall remain faceless  lol,no emotion detected
1962069091,neutral,@taragracee,no emotion detected
1962100964,hate,Uploading a 1Mo video with microb and on 3G Network in the train is really slow,no emotion detected
1962106409,anger,MOtherfuck QW,no emotion detected
1962110280,hate,"@sierraphares oh! Yeah,your mom told be about that.  I thought you meant his twitter ID &amp; I was very confused. That sucks. Sick.",no emotion detected
1962114172,worry,@b33f4l0 @KevinDoyle Ha!  I dunno about standing anything up.  Very very rough today.  It hurts to talk.,no emotion detected
1962137981,boredom,"@shaveblog Problem is, Flash isnt GPU accelerated.  The Atom 330 can't play Youtube HD or Hulu HD fullscreen   Big deal with Plex...",no emotion detected
1962167899,hate,i JUST fucking cleaned the whole kitchen....and the asshole comes home &amp; is going to make a mess of it...my mom didn't even get to see it,no emotion detected
1962168915,sadness,My peeps is coming from chi*twn today for the weekend to hang w me and i dont have any time  always workin!,no emotion detected
1962169404,hate,John making me wear a mask and gloves at work cause I'm sick. Says he doesn't want to catch swine flu.  http://yfrog.com/02mxjj,no emotion detected
1962171118,anger,No gas PLUS no money = Desperation!!!   and that's the word of the day!  http://twitpic.com/66zls,no emotion detected
1962200824,empty,@nick_carter THE LINK DOESNT WORK,no emotion detected
1962201693,neutral,@iNetters thank you,no emotion detected
1962202327,empty,Eu to com fome,no emotion detected
1962203470,fun,@candypants2 http://twitpic.com/66wxk - SO jealous right now!!!hate new england weather,no emotion detected
1962209044,empty,i dreamt about monsters last night.  like a little girl.,no emotion detected
1962217992,worry,Can not get pictures to print without brown splotches. Must not have gotten tanks clean enough... Will have to do again prob,no emotion detected
1962220579,sadness,@myersandchang it's not.,no emotion detected
1962222507,neutral,@projectcloud pinched nerve,no emotion detected
1962231640,worry,Pissing annoying date stamp on all my pictures. Wish I'd remembered to turn it off.,no emotion detected
1962232934,neutral,@gabyrizzo i want pho... i've never had it before.,no emotion detected
1962235394,empty,@_Glitter_  kk but 4 sum reason its not lettin me vote 4 them,no emotion detected
1962237963,worry,my whole back is burnt from tanning. ouch,no emotion detected
1962254002,neutral,@xvikki Yes it does,no emotion detected
1962258733,hate,Ugh.. Fricken Internet is down. Can do like 0 work without it. I want back in college just for the connection,no emotion detected
1962262932,sadness,r @njsharkman  that squeeze bacon looks like poop,no emotion detected
1962263473,worry,@theyjusthowl,no emotion detected
1962264343,surprise,@channilein It didn't start as a long message ... It just got longer when I wrote it,no emotion detected
1962302611,surprise,http://tinyurl.com/ry9wap Hi!!! You are pretty man... I cant upload more pics here for some reason  You wrote you wish to find a women ...,no emotion detected
1962306908,worry,has dislocated her knee  *bad/painful times* gas + air and morphine are fun though,no emotion detected
1962308105,love,@LolliroyAngel yep im very jelous too  id love to be in miley position haha x,no emotion detected
1962310128,hate,Ready to kill myself  i hate history,no emotion detected
1962318850,worry,YES I AM GOING TO BE A SOPHMORE IN COLLEGE. Geez. Cant get a job cause everyone thinks im fifteen.,no emotion detected
1962325121,empty,When God created man i also believed he created a million people to get on ya tits for a laff,no emotion detected
1962331462,surprise,@tursiops718 Ohnoes!   That's icky!,no emotion detected
1962365187,neutral,Glued to the copier machine today.,no emotion detected
1962369897,sadness,i bit my tongue sooo bad...it's swollen.,no emotion detected
1962383482,sadness,some advice for all of you: dont pressure wash your foot. it hurts and is not worth it. you really do want the skin on your foot. FYI. ow,no emotion detected
1962385947,worry,"@itsaimee sorry, that's probably my fault.",no emotion detected
1962391823,neutral,@Nigganelle yeah do you feel anything at all? I remembered I was looking at loopt on his phone and that nigga was coughin all over that,no emotion detected
1962404738,sadness,its impossible to watch in full ANY flash video with my mac after 5.7,no emotion detected
1962411704,worry,Bloody sunburned,no emotion detected
1962414241,sadness,@RetroRewind dave why why why can't this happen when I'm not working and can listen?! :::whining big time:::,no emotion detected
1962417316,sadness,"i burned my tongue!  @ workkkkkkkkkkkkkkkkk,",no emotion detected
1962428802,worry,@PinkBerryGirl Aniya666 yours wasn't there,no emotion detected
1962450075,neutral,@philcanty,no emotion detected
1962452866,worry,"@xolotl ohhh ok. so like, it's more frustrating? I had my hands on a 3g iphone last week but it was upgraded so i couldn't unlock it",no emotion detected
1962458576,empty,@emuhleepee Why?,no emotion detected
1962464446,empty,@kimberMuffin,no emotion detected
1962474029,sadness,so fuckin tired. didn't get home till 5:30. work at bjs at 12:15,no emotion detected
1962477778,worry,@SteveSerrano I adoreeeee Matt Nathanson!! I am so jealous of you right now.,no emotion detected
1962482790,sadness,stood on my curlers and burnt myself  then burnt my hand when i picked them up..,no emotion detected
1962484814,sadness,@jovialhoney Can you guys adopt me? Yall are always doing fun stuff. Y'all take trips to Miami... we go to Arkansas,no emotion detected
1962513788,sadness,i'm hungry but can't eat anything right now because my tongue hurts so bad.,no emotion detected
1962517074,neutral,doesnt know how to pimp out here Twitter page.,no emotion detected
1962527743,worry,ough out of the shower and my toes feel horrible in my socks i think they are still a bit wet,no emotion detected
1962529167,neutral,@blackheartbunny - nope,no emotion detected
1962529565,worry,"Over-thought tying my shoe, couldn't figure it out for a while",no emotion detected
1962530757,worry,Hangin with the fam! My head is hurtin,no emotion detected
1962530796,sadness,@HMXCasey I sorry,no emotion detected
1962566820,worry,@Timkealey  was wong?,no emotion detected
1962567491,happiness,"@TheAllianceGuy thankies! btw, what part of scotland do you live in? I never got to visit the UK at all when I lived in Europe",no emotion detected
1962570303,hate,@DeJonGrant I accidentaly slammed my finger in the trunk,no emotion detected
1962603724,enthusiasm,"wishing i was there, so you should go in my place. #brandwkshop http://tr.im/mOXL i see they've got scott bedbury and more.. poor me",no emotion detected
1962604819,neutral,@danielfelice look like i can only quick post from the dashboard that is all,no emotion detected
1962653607,sadness,Tried to do an Audioboo recording but it' distorted due to the high volume  #OBS,no emotion detected
1962655970,sadness,@shaaqT @primaveron to mast ladki patata hai chal jiske sath bhi jaye khush rehna...will miss u my love...  #twpp,no emotion detected
1962661182,worry,I'm way to hungry to even think. I can't go to work on an empty stomach like this,no emotion detected
1962685527,neutral,"@AaronWarner I know, but I'm on Rogers and I'm pretty sure they don't have the same agreement with Twitter.",no emotion detected
1962689484,neutral,twitter wont work on my mob....,no emotion detected
1962693920,worry,@lorib709 sorry you aren't feeling well!,no emotion detected
1962700122,neutral,@EuanGriffin Why?,no emotion detected
1962703920,empty,@gcrecords yes,no emotion detected
1962703924,worry,would like to go back to bed. horrible headache pounding behind my eyes and all over my skull,no emotion detected
1962704366,neutral,@carbyville - Ya but they have to speak to you first to reply to them..,no emotion detected
1962705332,happiness,I know I shouldn't be saying this but fuck it..I'm horny as hell,no emotion detected
1962708562,worry,feel. sick. too. much. cheese. on. toast.,no emotion detected
1962715577,worry,Oh my god. I literally drove in rain that was so hard that i couldn't see in front of me. I'm shaking,no emotion detected
1962717057,hate,"@CourtJsallis  lolll, i cba to get the sun stuff and i forgot that the back of my leg wouldnt gwt tanned lol. it hurts sooo bad right now",no emotion detected
1962719705,sadness,Checking out zensify on my iphone. works fine but no landscape typing,no emotion detected
1962724272,worry,Where's my bus? I want to go home!,no emotion detected
1962724835,sadness,"@MAMAHINAi was on the list, i paid 5 to get in, but if your under 21,you cant go in and out, but it was gettin so hot, so we went outside",no emotion detected
1962732181,sadness,Powerdvd doesn't want to play my Pushing Daisies dvd. I only want screenies to make icons with! Copy protection gone bonkers?,no emotion detected
1962738022,empty,Anyone having twitter issues? It's eating my tweets.,no emotion detected
1962744193,neutral,@nmarshall23,no emotion detected
1962749327,neutral,@sianhughes_ i kinda hope she died in the fire cause i didnt like her but there was no sign of a body,no emotion detected
1962774893,neutral,URL in previous post (to timer job) should be http://bit.ly/a4Fdb. I'd removed space which messed up URL.  ^ES,no emotion detected
1962781061,neutral,@KourtneyKardash lucky bitch! haha we have COLDDD rain up here in MA  i would give anything for hot rain right now!,no emotion detected
1962781862,worry,Migraining today--the naproxen sodium tablets I took are helping a little but my neck is now killing me.  Need my muscle relaxants,no emotion detected
1962782594,surprise,"@irishgirl Right; however, you neglect to mention that younger women are &quot;gold diggers&quot; or &quot;trophies.&quot; Isn't patriarchy grand?",no emotion detected
1962783674,neutral,@FTSKirstin its taking forever to upload,no emotion detected
1962803421,hate,"damn fight night 4 demo won't load, keeps crashing at the first screen. time to delete and re download i think",no emotion detected
1962809674,neutral,@bobbyshirley Anything is accepted except Christianity. Google the discussion thread &quot;sexuality and religion&quot; and SLED for Second Life.,no emotion detected
1962813775,worry,@countrygirls86 dude i tried!! it wouldn't load!,no emotion detected
1962839676,relief,"Getting my butt kicked by this project  I have the idea, but can't get it perfect.",no emotion detected
1962841232,hate,Hairdye patch test has just smeared all over my WHITE duvet cover  fucking cunts. &lt;3,no emotion detected
1962845532,love,"mmm, pizza for dinner. yum. but i burnt my mouth though ..",no emotion detected
1962846364,worry,@Xaan I'm having trouble viewing it as well on you tube for some reason,no emotion detected
1962846451,neutral,continuo tentando trocar o background do twitter...over capacity!,no emotion detected
1962848828,sadness,@MajorSpoilers majorspoilers.com has problems - cannot get the site working,no emotion detected
1962853345,worry,@cameo1172 i have 2 friends going  so jealous,no emotion detected
1962856689,hate,Have to keep bumping the mouse so my computer doesn't go to sleep. No Internet access  No files to work on. Slowest Friday eeeeevvveeerrrr,no emotion detected
1962861170,empty,"Party, aber Subway alle   http://yfrog.com/0ayzyj",no emotion detected
1962874165,neutral,@klee123 It wasn't loading.,no emotion detected
1962876861,neutral,"@mileycyrus Miley, I tried voting for you, and it wont let me vote for some reason  Ill try back a little later! &lt;3",no emotion detected
1962884839,neutral,@sugarsharrk Hey I was scared last night at 3:17 because of you... and I had several bad nightmares,no emotion detected
1962893382,sadness,"@PvtMarcus I always choose to be a good guy, even if I know its only a game, i feel a bit bad doing evil things",no emotion detected
1962928898,worry,Dude my butt itches  but i cant scratch it cause ppl r here,no emotion detected
1962929190,worry,About to get shot! Ow!,no emotion detected
1962936350,neutral,Sneezing hurts my back.,no emotion detected
1962940726,worry,"fever's down. headache far worse, bad enough that light or sound make me want 2 cry.  new: wretched neck pain. im calling out to job#2",no emotion detected
1962949808,worry,I need a new phone already  or i needa go to the store and see if they'll fix mine o.O,no emotion detected
1962951394,sadness,Mexico City traffic  Beating the rush hour to make it to the Aeropuerto,no emotion detected
1962951954,neutral,@Mandaril blocked on this end  I'll have to try and remember it for later,no emotion detected
1962951959,worry,Installing a new hard drive! Gotta redo everything though,no emotion detected
1962952689,neutral,"@properhardcore Sorry, not getting the reference/meme",no emotion detected
1962959446,worry,"twit twit twitter! trying to &quot;legally&quot; watch a movie online, its not happening",no emotion detected
1962961308,sadness,I know I shouldn't be saying this but fuck it..I'm horny as hell  http://twurl.nl/8q6cjc,no emotion detected
1962974707,neutral,"Trying to open a .docx file on my virtual system while I'm under the dryer. But it only has Office 2007,",no emotion detected
1962978736,worry,@btpl iTunes won't let you move songs from the touch onto the computer.,no emotion detected
1962979927,worry,Hey where my left nipple? She never respond bacc..,no emotion detected
1962980089,worry,@doverbey why aren't you showing up as a #spymaster in my screen?,no emotion detected
1962982261,worry,can't find any good version of 100 Monkeys song    ++ still doesn't get how to send message things on twitter.,no emotion detected
1962994871,anger,@egheitasean Which denomination? I'm at the library and everything's blocked.,no emotion detected
1962995299,worry,@jaclynracpan ouch acid reflux hurt too...,no emotion detected
1962995678,neutral,@featherblossoms I can't stream videos on my phone,no emotion detected
1962996830,anger,bout to go to work with a wicked sunburn on the chest.,no emotion detected
1963001957,neutral,This is what I have to give a 7 day old baby  poor thing  http://yfrog.com/6pwwlj,no emotion detected
1963005572,sadness,pics arent working for me here on twitter,no emotion detected
1963019913,sadness,@supergirlnancy sorry  All the codes I have are posted on our site,no emotion detected
1963024684,worry,"@SassyLassie3 My #followillfriday sucks because while I was teaching people how to be nice, you fuckers were drooling over Notion",no emotion detected
1963038579,neutral,"Oops - correction, it's @nowheremonastry.  Can't seem to spell worth a darn today...",no emotion detected
1963039778,sadness,@oleg_s Can't test it...my demo license expired yesterday,no emotion detected
1963042327,surprise,"Just figured out why only strong guys are supposed to put heavy things on top shelves, ouch!",no emotion detected
1963044742,worry,Twitter is slowing me down today.,no emotion detected
1963046108,neutral,@DuchessAmy,no emotion detected
1963049677,hate,I need to lay down. Cramps suck asshole.,no emotion detected
1963056237,sadness,@ the drs. in beverly hills...doctor's scare crap out of me,no emotion detected
1963064849,worry,@bethanyNYC SO jealous...see if you can get some Dallas concert tix out of her...it's all sold out!!,no emotion detected
1963071449,sadness,has a headaaaaaaaaaaaache,no emotion detected
1963083363,worry,Thunder &amp; lightning scarededededed me!,no emotion detected
1963089043,worry,PRD take a long time to review!,no emotion detected
1963095345,worry,Don't really feel like I got a tan  I gave up and am working out instead. Skin cancer is overrated. &lt;3 CJ,no emotion detected
1963105681,worry,"Damn, I Burned My legs  !x",no emotion detected
1963107671,surprise,OMG - the M&amp;Ms in my pantry are calling my name. I've been ignoring them all day. It is driving me completely insane. Too many calories,no emotion detected
1963114515,neutral,@Ifightboys,no emotion detected
1963114800,worry,@SophieeeeLouise How do you vote? I'm on the website but can't find how to vote.,no emotion detected
1963127286,worry,@cathrynbray sorry,no emotion detected
1963127454,sadness,Is stuck in some long ass traffic on the motorway...I'm not gonna get home until after 10pm  I'm so tired...,no emotion detected
1963127585,neutral,@yeshenia,no emotion detected
1963146887,sadness,"Assfuck, &quot;I'm sorry&quot; roll. Okay I gave in.  I'm such a sucker.  http://twitpic.com/677xt",no emotion detected
1963146987,sadness,#thingsmummysaid  You are the result of a broken condom.,no emotion detected
1963153836,sadness,i'm at work starving,no emotion detected
1963156971,worry,"is hungry, twitter.  i want food. &lt;/3",no emotion detected
1963169126,sadness,the japanese exchange student is the cutest thing i've ever seen. seriously HAHA i want to put her in my pocket&amp;keep her D:,no emotion detected
1963173652,worry,"Anybody have advice on who to use for printing biz cards besides Overnight (bad experience) &amp; PsPrint, each biz card = sep. project =",no emotion detected
1963173934,boredom,sitting next to bed. cannot lay down because iPhone charging cable is too short.,no emotion detected
1963175434,neutral,I wish I could twitter from the BOOK EXPO but the reception at the Javitz is horrible....,no emotion detected
1963175813,fun,Everyone's talking about the goodies at #BEA09.  I wanna be there.,no emotion detected
1963177923,worry,How I wish I wish I did not eat that....burger.,no emotion detected
1963179685,worry,Tried Nokia's Ovi music store: &quot;Nokia Music does not currently support the Mozilla Firefox (Mac OS X) browser on your operating system&quot;,no emotion detected
1963189633,worry,Is in serious pain.,no emotion detected
1963200788,sadness,All done cleaning! Taking a break...OMG my back hurts,no emotion detected
1963202995,neutral,walking in 3 inch heels that ended up being a half size to big on a leg that's still has pulled muscles.not a good look.my ass hurts 2day,no emotion detected
1963219948,worry,I got a headache,no emotion detected
1963224445,worry,Havin a bad weed first wisdom teeth then ran out of weed now I might be getting sick . . . if only i had more weed,no emotion detected
1963231447,surprise,once i hit christian in the head with a metal bat! haha he then socked me in the eye! haha i miss being a reckless little kid,no emotion detected
1963266640,surprise,"Omg I just woke up after only sleeping for 3hrs, and my arm is just aching... It hurts so bad",no emotion detected
1963266779,worry,Practically my whole body burns... I can't bend over or make any sudden movements with my arms,no emotion detected
1963267415,neutral,@piratesswoop I don't have the link anymore.,no emotion detected
1963269131,worry,@FrugalGaming i can see the box but when i type and submit nothing happens. ive turned off pop up thingy too,no emotion detected
1963271780,happiness,my laptop my laptop!!!! taking sooooooooooo long to load fdms myspace page,no emotion detected
1963277597,surprise,"just got back from the ER... i cut myself while trying to cook a nice lunch  3 stiches on my right index finger, talk about ouchie",no emotion detected
1963283709,neutral,"@spencerpratt How can i vote, it wont let me, says they closed the votes in her category  i wanna vote",no emotion detected
1963296125,worry,Ahh its so gloomy out  I'm pretty sure I just heard thunder eeeeeeek.,no emotion detected
1963296388,neutral,@therealsavannah  why?,no emotion detected
1963305806,worry,@Steve_Sanderson What's with Twatter lately?  Either I can't get on or the replies don't turn up!,no emotion detected
1963321119,neutral,@Marieblue17 Yep.,no emotion detected
1963332309,worry,made my dad kool aid and it taste like shit,no emotion detected
1963345407,worry,My knee is killing me,no emotion detected
1963350222,sadness,"why did i sunbathe today  i look like a lobster, i feel like someones burning me alive!",no emotion detected
1963350616,hate,Wating to get my hair cut before prom. It sucks people screaming instead of talking.     Probably going to be wating for another hour  ...,no emotion detected
1963367302,worry,Im a bad blogger!! I have not blogged in weeks~ oops!,no emotion detected
1963371374,sadness,What the fuck!? It's only 20:35!!? Oh my GOD! My internal clock really IS fucked up. Nooooo.,no emotion detected
1963389397,worry,"@Handroll That didn't work, unfortunately.",no emotion detected
1963406978,worry,@CocaBeenSlinky sorry  LOL,no emotion detected
1963407809,worry,"Ugh.. apparantly doc authorized my refills on tuesday (and ready to be picked up), but the order status online still says waiting review.",no emotion detected
1963407992,neutral,@SQLSarg sorry about that,no emotion detected
1963411838,neutral,Headache,no emotion detected
1963421525,worry,@iViva I have trouble updating!!!,no emotion detected
1963422497,neutral,@scifisamurai selfupdate and clean ruby fixed that part but now its failing on rb-rubygems,no emotion detected
1963459933,sadness,@nkeathley tried to join the chat but the site would not let me sign in,no emotion detected
1963463639,neutral,@mj12982  &quot;Bandwidth Limit Exceeded&quot; on your website,no emotion detected
1963465273,neutral,Taking care of yucky stuff.,no emotion detected
1963465928,sadness,I burnt my arm.  (just thought you should know),no emotion detected
1963482799,surprise,Cut my thumb with the saw in small metals   again...,no emotion detected
1963485959,neutral,@7mad He's my boxing trainer. Although I think the bruise came from me hitting myself on something. Ow,no emotion detected
1963496679,empty,Took a short nap now Im ready for work. My sun burn hurts,no emotion detected
1963498926,empty,sooo bored now dat candace had 2 go get ready ugh but i got ma snowball but im still sadface  p.s.luvs pete wentz hez so fukin hott!!,no emotion detected
1963499168,worry,@mandyyjirouxx don't forget to follow emma from london = @teamcyrus like you said you would! I wish you aswered my calls  it cost me ï¿½14,no emotion detected
1963501362,worry,@miabatsoy awww...i hope you'd be well na sis....it's so disgusting to be sick  better take the rest that you need...charge up...mwah!,no emotion detected
1963504711,neutral,@TeamDeLo that one has been done already,no emotion detected
1963508602,neutral,Just ate way to many chocolate animal crackers,no emotion detected
1963521075,neutral,@clarityxx,no emotion detected
1963543287,worry,Damn... Why does it take so long to install SBS2008?!,no emotion detected
1963544700,neutral,Post-crash Spotlight is now spinning its wheels indexing my Time Machine backup drive. Naturally the drive is in the &quot;do not index&quot; list,no emotion detected
1963564610,empty,have no line bi-focals for over 3 yrs now. End up taking glasses off to read close up.,no emotion detected
1963579046,worry,"1 week post my&quot;horrible, traumatic jumping cholla accident.&quot;-cholla's next dirty trick:pieces are starting to emerge from my hand! Ouch!",no emotion detected
1963584101,surprise,lost my tooth 2day whilst i was eating gum...oww,no emotion detected
1963586510,empty,@YoungQ  ahhhh it won't let me watch the video on my phone,no emotion detected
1963588805,worry,shout out to all the people goin to prom &amp; iish &quot;damn i kinda miss high school&quot;,no emotion detected
1963594646,neutral,babysitting kids who won't let me play wii with them,no emotion detected
1963600261,worry,@Littleradge shit your in trouble now  why don't you try with one of those companys that buys your house for you,no emotion detected
1963602530,neutral,My belly is speaking to me! I need food!,no emotion detected
1963608827,surprise,arghh ! i feel like a lobster ! sunburn hurts,no emotion detected
1963646354,worry,Ouch just burned myself making soup for nico...,no emotion detected
1963648054,worry,@brenna_boo jealous  can you add 'and I really wish nicole was here..but we all know what she's really doing' to that tweet?,no emotion detected
1963649366,neutral,@skagod69 one of the usual 2.,no emotion detected
1963652352,worry,Trying to figure out how to personalize my downloaded Wordpress blog!  Not as easy as I was hoping   Any suggestions?,no emotion detected
1963700837,worry,Cramps . . .,no emotion detected
1963701368,worry,@mitchelmusso  i can't call you im from Mexico and i don't know the code,no emotion detected
1963710078,neutral,Traffic jam outside of chicago. I feel very &quot;office space&quot; right now.,no emotion detected
1963712123,neutral,@breedimetria I feel you I have a third eye right now and right before I go see foreign boys,no emotion detected
1963728281,worry,@xxAnnaSxx oh I'm sorry for that. how old was your grandpa?,no emotion detected
1963734043,neutral,@erockett89 i wish i was home in bed naked,no emotion detected
1963747853,empty,@Flesheater,no emotion detected
1963752984,empty,@dapass  http://twurl.nl/goljwp is what i get when i try to add a new post,no emotion detected
1963786833,hate,@djbelle LMAO!I was JUST thinking how I fucking hate @ least 3 people that I'm following...but I haven't unfollowed em' yet. I'm a loon.,no emotion detected
1963792125,hate,"had a great time last night, but my eye is burning !!! it hurts bad",no emotion detected
1963793230,worry,I think i pinched something in my neck.,no emotion detected
1963808743,neutral,i ate too much ice cream and curly fries,no emotion detected
1963809419,neutral,"@boredzo I assume you mean 2nd item with 3 nested lines, but no invert call tree button to be found   ï¿½  ï¿½   ï¿½",no emotion detected
1963815473,worry,I don't feel good.  .My throat hurts!!!!,no emotion detected
1963820021,fun,@TheRealKream yup,no emotion detected
1963859732,worry,Ugh! I just realized that I have to completely redo my tweetdeck groups! Pains of computer being wiped clean!,no emotion detected
1963871531,worry,"The Rain Makes Me Sad. Its Like I Want To Kill myself,&lt;-",no emotion detected
1963900399,worry,I dont like the dentist...they make my gums hurt,no emotion detected
1963903967,worry,STOMACH ACHE!!! Ahhhhhh,no emotion detected
1963909931,neutral,writing the first &quot;ShowStoppers&quot; entry Just lost an hours work due to server issues,no emotion detected
1963941413,worry,My twitter isn't updating.  How am I to know what everyone famous is doing!?!?!?,no emotion detected
1963942836,hate,"@jessicagirrl i know fuck my dick  i really wanted to go, but i have to go to some fucking puertorican wedding, damn spanish :/",no emotion detected
1963946477,worry,Does anyone know how to scale a pic down I'm trying to change my pic but all my pics r 2 big n I keep cropping them...HELP,no emotion detected
1963949689,sadness,"My tooth is bloody killing, not sure I can wait until next week to get it fixed",no emotion detected
1963952625,worry,@andybarr I was going to but I'm stuck with it as I seem to have misplaced my remote  It's extra bad tonight as well :|,no emotion detected
1963966521,worry,@Jayo240 I don't know how to use this,no emotion detected
1963973725,sadness,"trying to straighten my hair, but it's too effing hot in here. also, i need food",no emotion detected
1963994127,surprise,"@KulpreetSingh Good god, no. You can fit very few swear words into 140 characters",no emotion detected
1964004861,hate,@mitchelmusso so cool! if only i could call! my phone won't let me calll the number!,no emotion detected
1964015671,worry,"Why are tea pitcher things so hard to find?  I haven't seen any here, and I've only found this http://tiny.cc/vynk5 online.  Ugly.",no emotion detected
1964030405,neutral,Traffic is down to a crawl on I-94 right now.,no emotion detected
1964036660,hate,"gawww, why is facebook being so slow?",no emotion detected
1964039052,worry,Answering detailed questions via Twitter can be very difficult. It's a challange to get everything in to less than 140 charactres,no emotion detected
1964039315,sadness,"@millionfagmarch ah, I misunderstood your message. but really dislike the F word in the url   good luck with the march",no emotion detected
1964039653,worry,@MATTHARDYBRAND What is everyone saying about the supposed nude pics of Matt Striker? Hope he doesn''t get in trouble,no emotion detected
1964041510,hate,I made this huge revelation as I was doing the dishes( that everyone left for me) and now I totally forgot it. I hate when that happens.,no emotion detected
1964041880,fun,on youtube watching taylor on the today show wish i was there !,no emotion detected
1964051732,worry,Headache,no emotion detected
1964053218,worry,@chelseytx I don't have the app that does it,no emotion detected
1964082852,neutral,Look at how far away I've gone... locked away in a room trying to work in silence and yet... constant &quot;urgent&quot; emails and IM's persist,no emotion detected
1964087242,worry,@ChewwyUwe http://twitpic.com/66st1 - please let me freee... I can't watch you masturbate for much loongerrr!,no emotion detected
1964089603,worry,@mayankdhingra yeah... i guess my password was also changed... i was not able to login my FB  cahnge my pw again ...ufff,no emotion detected
1964123511,worry,Ouuchh! I hurt my index finger!! ahhhh,no emotion detected
1964131442,worry,Just finished curling her hair!!!! And now has to finish getting ready but doesn't have a ribbon to put in her hair,no emotion detected
1964140687,surprise,"Fuck, I cut my finger!",no emotion detected
1964145835,worry,"@TimothyTheron hmm sorry, I went mia there",no emotion detected
1964150744,worry,Now standing because my tailbone is killing me,no emotion detected
1964155762,anger,My throat is on fire,no emotion detected
1964159753,worry,@HaleyFaye  Why?,no emotion detected
1964211150,worry,i got stung. by a bee.,no emotion detected
1964211217,fun,@djknucklehead  no water park today? made me jealous looking at that pic,no emotion detected
1964212128,neutral,@mcraddictal,no emotion detected
1964215443,neutral,@EllabellCullen3 I can't. I'm on my iPod and it doesn't have IM,no emotion detected
1964225858,neutral,"aidan, please",no emotion detected
1964228010,sadness,"Hernia is hurting way more than usual tonight, no way I'm able to go out!",no emotion detected
1964244885,empty,More sunburn,no emotion detected
1964247206,hate,"Ugh, okay I'm going to go shower now  and then shopping with mommy, let's hope I don't pass the fuck out.",no emotion detected
1964247362,worry,@Mwissa Really? Can you send it to me too? I don't get the internal emails.,no emotion detected
1964250173,sadness,@oyfreakinvey u witch! im upstate in a fucking hick dry county. so no alcohol or ethnic food.  im crying.,no emotion detected
1964287070,surprise,"First fail, cant tweet from phone. Oh how I love my work phone",no emotion detected
1964288918,worry,my eyes hurts..,no emotion detected
1964292192,neutral,@amberlily,no emotion detected
1964292937,sadness,@laurenbernal MAKE ME ONE! I'm still craving shrimp,no emotion detected
1964293828,worry,"being re-admitted, at this stage for a three-night minimum with a hopeful tuesday discharge",no emotion detected
1964294302,sadness,Craving munchkins so bad.,no emotion detected
1964299113,worry,Stubbed my little toe this morning on my file cabinet ... and it's turning black,no emotion detected
1964301471,neutral,please?,no emotion detected
1964302112,worry,I am trying to upload my background from twitbacks. its not working,no emotion detected
1964376656,worry,"@prd3000 Also, I am technologically challenged and have a cell phone that only makes phone calls.  Can't #tweetb4Ueat",no emotion detected
1964379662,worry,@AndreaaaB ooops! the last link is the same as the first! sry my mistake,no emotion detected
1964384586,worry,Heyya guys! does anyone know how to give formulas to create a sudoku? Please help,no emotion detected
1964384992,sadness,I need to play inFamous... Where's a free Blockbuster rental coupon when you need one? I miss that Coke Reward,no emotion detected
1964449142,relief,Jsut F*@#$%&amp; got off work at Carowinds and am DEAD ASS TIRED!!!,no emotion detected
1964451335,neutral,Britain's got (good) Weather. I wish I had some of that over here.,no emotion detected
1964454785,sadness,"iigghhtt, just fur geet it. idc. idk. eh blah ugh. blah idk... hah..=] um yah.. immboredddd, ugh  ill just fuckitt",no emotion detected
1964458839,worry,I just stuck my finger down my throat and there are a bunch of bumps on my tongue &amp; throat.,no emotion detected
1964461887,neutral,"Firefox again taking upwards of 600k of memory, time to restart ff",no emotion detected
1964462346,worry,OUCH!!!!!!!!!!!!!!!.........that really hurt!!!,no emotion detected
1964492770,neutral,Traffic backed up inbound Lincoln tunnel,no emotion detected
1964503936,neutral,scary cape guy,no emotion detected
1964532001,sadness,surgery effin hurts,no emotion detected
1964542561,happiness,cookies and milk to make me feel better. thanks babe. still recuperating from last night.   http://yfrog.com/13izrj,no emotion detected
1964557224,neutral,@QueenM81 Nope,no emotion detected
1964566244,worry,My foot still hurts from stepping on a spider...owwwwww,no emotion detected
1964566887,neutral,"@CXI Thanks, I found the link http://bit.ly/uxOFO  , however I think you need to be a customer to download it",no emotion detected
1964567530,worry,So jealous im not at asylum right now,no emotion detected
1964581888,sadness,My sunburn itches  ouch,no emotion detected
1964586884,hate,@caniszczyk Agreed! Though Eclipse apps hinder collecting the heap dump by catching OOME. Had to muck about in JConsole,no emotion detected
1964595309,relief,@AustinWise Part of an AR-15. Actually the only part of one that qualifies as a gun. You have to be 21 to buy them without parts on them.,no emotion detected
1964603387,surprise,I burnt myself,no emotion detected
1964617614,enthusiasm,@ItsIan ohhh your soo lucky it is nice out. Here it is rainy and humid.,no emotion detected
1964618007,neutral,I had fries and an ariZona at 1130 and that's the only thing I ate today.  feeeeeed meeeeee,no emotion detected
1964618126,worry,"To cap things off, the lower part of my back really hurts.",no emotion detected
1964629068,sadness,did crossfit running today...agitated my right leg,no emotion detected
1964641821,enthusiasm,@mileycyrus i wish i could meet you once  do u think this will happen someday? :'(,no emotion detected
1964642996,relief,Cough drops taste gross...blaaaqhhh,no emotion detected
1964644234,surprise,My boss called me anerexic,no emotion detected
1964646661,worry,"Back from the gym! I'm no expert or anything, but I'm pretty sure I am not going to be able to move tomorrow, maybe even in a few hours!!",no emotion detected
1964648313,worry,i am on BLAZE and my head hurts.,no emotion detected
1964660719,worry,My back hurts...really bad,no emotion detected
1964662011,neutral,"Oh please! I wanted to complete an unfinished tweet, and 5 tweets cropped up in between!  and now my tweet looks dorky.",no emotion detected
1964666054,neutral,@caligirl00 ur Mom just called. Guess NOT. C U @ 5,no emotion detected
1964670365,worry,Problem with my must do list is: once I write it I usually forget where I've placed it...1st thing on my to do list--find my to do list,no emotion detected
1964670870,sadness,@mumalot I corrected myself,no emotion detected
1964671671,worry,@dcorsetto Ugh my trousers do that too and I've never found a way to combat it! It's so weird,no emotion detected
1964672516,surprise,good day in the sun... little bit burnt tho... well actualy quite alot  very sore  heh,no emotion detected
1964672757,worry,Hey @itsmskay sorry about your headahce,no emotion detected
1964679188,worry,needs to find SOMETHING to wear to graduation. lol can't find anything!,no emotion detected
1964686393,worry,@Remy_Foster Still not working,no emotion detected
1964688837,worry,Hmmm.... My whole body feels sore!,no emotion detected
1964690371,worry,IN PAIN. my big toe got stomped on during the hokey cokeu. it's throbbing. anyone have any suggestions to heal it?,no emotion detected
1964691187,worry,"I wanna go home, but I can't cause the customers won't leave... And my boss won't let me leave either",no emotion detected
1964697332,sadness,@SelectedTweets Sorry Ali,no emotion detected
1964710833,worry,IN PAIN. my big toe got stamped on during the hokey cokey. it hurts so much! anyone have any suggestions to help with it?,no emotion detected
1964727406,love,"@NiickJonas you are too, must be very nice city, you should have more girls to their feet!",no emotion detected
1964727982,sadness,@Santiaggo that New Yorker cover was done on a iPhone &amp; I'm jealous that I do not have one!  http://myloc.me/21a4,no emotion detected
1964729249,hate,I think I've got invisible glass shards in my hands cause my fingers keep having painful pokey feelings,no emotion detected
1964740416,sadness,Just banged my bloody foot! ow,no emotion detected
1964741198,neutral,@AnnaInTheHouse I don't know how to send it to you Anna.  Let me think for a bit and I will find some way to do it,no emotion detected
1964753108,worry,@antennaswrvu i can't figure out how to listen to it from the internet,no emotion detected
1964765612,empty,"@saryros haha.. yes, i'm jealous! i don't have money to do all that!",no emotion detected
1964769064,sadness,@gabbyflyyy im so jealous! I want to go to ny,no emotion detected
1964771287,worry,Stu is actually SEVERLY sunburnt....it hurts!!!,no emotion detected
1964793267,worry,@Pworldwide no I didn't,no emotion detected
1964801999,neutral,"@helen_bop and that marisa mauro can go use a banana as a dildo. srsly, some people are such arseholes",no emotion detected
1964812796,worry,oww...just bit my tongue,no emotion detected
1964823003,worry,My lower-left molar stings whenever it comes into contact with sugar of any sort,no emotion detected
1964824152,surprise,im blonding ... slowly but surely im blonding ... i wana scratch my hair but im not allowed,no emotion detected
1964827042,happiness,"i feel like a bright, new t-shirt.. wish i had one.",no emotion detected
1964827288,worry,"Uh oh, I am sunburned",no emotion detected
1964831580,neutral,"@GracieAlbernaz I know told you, and it tells you last tweets and all.  Just can't get it to play music.  Have it set, but it won't play",no emotion detected
1964835623,neutral,is not getting her posts posted to the topics,no emotion detected
1964839599,neutral,@scearley,no emotion detected
1964841658,sadness,has hurt feet,no emotion detected
1964842591,sadness,has cramps,no emotion detected
1964843513,hate,i may cry damn this weather got my ass burnt (nt literally jus my shins arms n chest) legs hurt lyk a biatch  slightly enjoy it tho ha,no emotion detected
1964846140,worry,@DC_Zol I would like to make a comment about the password but I can't on this medium,no emotion detected
1964850292,hate,"@sexidance I saw slater on some MTV show, So you think you wanna dance with slater or some crap like that. Where's Kelly Kapowski",no emotion detected
1964885956,neutral,My lucky lucky friend is at a nickleback concert atm  i wish i was there,no emotion detected
1964887360,sadness,"@Japumpy I need botox work on the lips if I'm going to change my name to Angelina Jolie, but it's a thought! Sad though about the racism",no emotion detected
1964894600,sadness,"@ABOResearch Pleased to hear it, but still I am shamed sometimes to hear what some men do",no emotion detected
1964894687,worry,my skin is burning up so much,no emotion detected
1964948597,sadness,Ugh. My feet feel like they're going to fall off.,no emotion detected
1964956818,neutral,I cant change my profile picture on Facebook,no emotion detected
1964965917,sadness,"i'm sunburnt on my arms, and i have burnt my mouth, and some skin is coming off",no emotion detected
1964967763,hate,"@_AislinnTighee bhaha, its a teenage nightclub and i am at home when im supposed to be there. they had no fucking license. no more touch",no emotion detected
1964975641,sadness,damn sunburn hurting  jack whitehall mmmmm,no emotion detected
1965009657,worry,I don't know how to use twitter!!,no emotion detected
1965010030,hate,At the bus stop there's always a big pile of loogies. So. Gross.,no emotion detected
1965010535,neutral,@MattHalveland no,no emotion detected
1965012284,worry,I can't figure out the empire puzzle.  Stuck at 36,no emotion detected
1965019317,worry,.....headache,no emotion detected
1965071269,sadness,http://twitpic.com/67ofz - ugh grosss,no emotion detected
1965075774,neutral,@TheMakeupSnob,no emotion detected
1965078559,sadness,my arms hurt!,no emotion detected
1965080019,worry,@Jesse236  I don't have any from you,no emotion detected
1965093493,worry,Daddy just left.................without me  http://yfrog.com/13pdrmj,no emotion detected
1965095959,sadness,"@feliciaodg  it does but the screen is dark - so when i click it, i hang up on whoever im talking to",no emotion detected
1965212122,relief,@Katiff are you feeling better? sorry you're feeling under!,no emotion detected
1965213258,neutral,@cole_nesmith,no emotion detected
1965213316,worry,"@jaykpurdy awww poor jayk. :[ try to make the drive fun.and eat something soon!have a great show tonight i wish i could go,i live too far",no emotion detected
1965220285,worry,I don't like thunder. And neither does the doggy.,no emotion detected
1965248659,happiness,Sunburned on my face &amp; legs. Fixing to be my arms tooo.,no emotion detected
1965249232,sadness,I just banged my elbow and its bleeding  owwiee,no emotion detected
1965249828,sadness,i wish i was in Jonathon Ross' audience right now,no emotion detected
1965250400,neutral,@CocaBeenSlinky Exactly,no emotion detected
1965251786,worry,MY BEST FRIEND IN THE FUCKING WORLD IS MOVING AHHHHHHHHHHH wat am i 2 do im not a happy camper,no emotion detected
1965254817,worry,@DreamingMyth why not?,no emotion detected
1965256514,surprise,Today officialy fucking sucks. My mom is the biggest bitch ever. Text me,no emotion detected
1965265905,worry,"@ddlovato it's quite hard cause when you attempt to spread it, the cornbread falls apart...",no emotion detected
1965273151,neutral,"@maggit  i'll visit ny 'til september, no diggnation for me",no emotion detected
1965277637,sadness,Omg guys my internet has been down the whole day  It's still not working  I'll try fix 2m,no emotion detected
1965285349,neutral,@Nievesteve i know,no emotion detected
1965286042,worry,"I'm still recouperating from the holiday weekend, wow, I've never been sunburnt before, this really hurts",no emotion detected
1965308342,hate,ahhh!!!! u know what really sucks??? i sprained my toe!! OUCH!!,no emotion detected
1965324222,sadness,Ughh from the filling in my tooth my ear is starting to ache ! What a life,no emotion detected
1965330794,worry,@jeweljk I can't get it to load for me.,no emotion detected
1965336483,neutral,You haven't @replied back,no emotion detected
1965366352,sadness,"Moving: nothing accessible. Camera broken, kitchen stuff in boxes, no internet.  Makes it hard to cook or blog.  get me to brooklyn!",no emotion detected
1965366629,worry,"@jwalsh well, the requirements are quite high as well",no emotion detected
1965367544,happiness,I woke up and my hiccups came back!,no emotion detected
1965371746,worry,Have a HUGE headache... don't have asprin here at work.,no emotion detected
1965381395,hate,@mtmont gah!!! twitpic is uploading sideways today,no emotion detected
1965382236,worry,ugh! my teeth hurt! its taking the enjoyment out of jack-in-the-box.,no emotion detected
1965389260,neutral,@PatsyTravers i think twitter hates every1 when it comes 2 photos! took me ages the other day 2 change my pic!! especially at this time!,no emotion detected
1965401110,anger,"@natss91 kill me as soon as you get here ,ok? my sister is having a sleepover tonight  and her obnoxious friends are driving me insane",no emotion detected
1965401274,happiness,"@selenagomez bananabrain2 got hit by a car and got screwed! : O, 32 oepn wounds, a broken finger, broken toe (both toe and nail) f**ed up",no emotion detected
1965409662,hate,Windows updates suck. There are so freaking many of them.,no emotion detected
1965411573,worry,"@kirstiealley After many attempts, I can't figure out how put a pic in the avatar. Tells me pic is too big. Frustrated trying.......sorry",no emotion detected
1965417724,sadness,@MinaScope there is always traffic heading back here to long island on fridays.,no emotion detected
1965419876,worry,@Kreeoni I can't follow that one,no emotion detected
1965424705,neutral,@queenroxs,no emotion detected
1965455358,neutral,@chinaablue,no emotion detected
1965455469,worry,"twit, my way out of grad traffic.",no emotion detected
1965464516,neutral,"@OMSVU ... Thanks Okiebud!  I get the message..Sorry, the content you selected is not currently available..",no emotion detected
1965464570,sadness,headache boo,no emotion detected
1965464799,love,@nattymsmith they have nice cakes  why can't I like them? Haha and you should! That's sooo gayy though,no emotion detected
1965473996,neutral,has a mallory-weiss tear in her stomach and gastritis...  needless to say my stomach is killing me from my scope today,no emotion detected
1965476769,empty,I can't upload a picture. Everything's too big,no emotion detected
1965495069,worry,"ok, i am finally starting to hit a draw, but now my short game has gone to crap!",no emotion detected
1965495333,boredom,"We are on the slowest train ever, it stops everywhere. Missed a quick train by a few minutes",no emotion detected
1965497371,sadness,@buzzup why would you want a clone? Unboxed a new 24&quot; iMac last night and it's beautiful! Too bad it's not mine,no emotion detected
1965515154,neutral,@argonman ouch.,no emotion detected
1965515178,worry,@jesamine Here's a more appropriate @ tweet... is everything ok  Your last 3 days of tweets don't paint a good picture :-C,no emotion detected
1965518381,worry,@b0nk T ere is a visio document but itï¿½s continuously changing until now.,no emotion detected
1965534120,hate,Pissed at you @KatieHanrahan  http://myloc.me/21CU,no emotion detected
1965536794,neutral,@YakfisherNet no way to comment on site unless you are a member,no emotion detected
1965542929,sadness,@Axelsrose  im trying to fix myself really but i need to stop cutting myself,no emotion detected
1965546055,worry,En el salon.. Que caliente el blower ouch,no emotion detected
1965552725,neutral,I would get a lot more done if I could list items on etsy on my phone. Can do everything but upload pics,no emotion detected
1965555803,worry,my tummy hurts!,no emotion detected
1965556033,worry,@mkuioka808 You still have class? Ouch,no emotion detected
1965556456,neutral,"@mcraddictal ohh, ouch",no emotion detected
1965559389,neutral,@CaLoFs meagï¿½evï¿½s.com,no emotion detected
1965565109,neutral,@JBARSODMG email those pics on ur labtop to me...  I wana put one of them as my background!  http://myloc.me/21DS,no emotion detected
1965569212,worry,@Jovani_Celeste  how long is the delay?,no emotion detected
1965573456,worry,Squashed Foot  xx,no emotion detected
1965575237,neutral,gotta restart my computer .. I thought Win7 was supposed to put an end to the constant rebootiness,no emotion detected
1965576121,worry,"Also, why are paracetamol so hard to swallow? Even when the long ones are snapped in half. Ow.",no emotion detected
1965589660,worry,http://twitpic.com/67tcr - Ouch!! Burnt my arm on the grill,no emotion detected
1965592721,worry,Ouch...waited to long to get eyebrows waxed,no emotion detected
1965594815,worry,@greenphoenix09 thanks!!! But ummmm can't find that option  http://myloc.me/21F2,no emotion detected
1965596589,sadness,can't set p my phone to twitter,no emotion detected
1965601204,worry,can't set up my phone on twitter,no emotion detected
1965650484,worry,"Oh hey, look, North Korea are going to kill us all; or at least some of us.",no emotion detected
1965653664,empty,@haemoglobin_ Why?,no emotion detected
1965654766,neutral,@ohcea nope,no emotion detected
1965655421,neutral,@Littlebitofmoni I couldn't get used to the columns in tweetdeck.  There was only room for 4 or 5 columns on my macbook.,no emotion detected
1965657212,worry,I just burnt my ear,no emotion detected
1965657716,enthusiasm,@RoboRoxy @lulzlix I'm SO jealous! I don't know when I'll be able to see Conan.,no emotion detected
1965665509,sadness,I am so hungry...if my arm were on the core diet I would eat it!  Guess I have to wait until dinner is ready,no emotion detected
1965667859,worry,Major iPhone problems  Wont let me send texts BUT I can do everything else! Can anyone help,no emotion detected
1965674792,worry,Some guy just said he wanted to spank me,no emotion detected
1965687620,happiness,@Colie5cent $300 later... I feel so good! But guilty,no emotion detected
1965692200,worry,Such a headache  It's killen me!,no emotion detected
1965724779,sadness,I hve a blister on my pinky nd it hurts soooo much!,no emotion detected
1965735846,surprise,There's a huge bulldyke eyein me,no emotion detected
1965738630,sadness,@suewaters Sorry - I have failed to grasp your meaning,no emotion detected
1965757595,empty,has a saw thumb from playing Virtua Tennis...,no emotion detected
1965758659,love,"Ok, back to packing. Have been sitting in car charging phone as charger was left @ home as well",no emotion detected
1965764448,love,@iimJacko O dear! HE'S HERE! OMGOGMGO.. U didn't see that I was going to fuck u..?,no emotion detected
1965769470,sadness,I'm soooo bored. just fuckin got a new phone and called my man but hes busy and one else bored???,no emotion detected
1965770478,worry,@paulatoole Sorry  I wasn't doing the inviting...all single women I think.,no emotion detected
1965796099,anger,FUCK. slept in,no emotion detected
1965798628,relief,@MitaliandMe thanks for trying,no emotion detected
1965808795,worry,Thought I was seeing top shelf jizz. Very dissapointed!,no emotion detected
1965821542,sadness,ugh... my back is killing me.,no emotion detected
1965830280,worry,"@SaadZaeem nothing much man, waiting for my Insurance card to come through... Cant get any workdone here w/o it... Redtape",no emotion detected
1965840244,worry,Ive got mad cramps in my legs,no emotion detected
1965851309,worry,I have a farmers sunburn! Ahhhh!,no emotion detected
1965853667,empty,Trying to get to sleep but mum is blaring Les Mis really loudly in the sitting room,no emotion detected
1965873120,hate,Danget  having problems with WLW and Blog engine  uggh... not again  !!,no emotion detected
1965873272,worry,I burneded my tummy,no emotion detected
1965876104,worry,@WardrobeGuy Sorry... What does that mean? I currently have a world phone &amp; I use apps. I'm confused...,no emotion detected
1965877094,love,@Owl311 thanks,no emotion detected
1965880541,sadness,@amalah I am very jealous.  I was supposed to go see it in Seattle with a friend this summer but she had to bail out because of work,no emotion detected
1965887540,neutral,still cant figure this twitter thing out on my phone.  i dont have the iphone.,no emotion detected
1965889329,sadness,My head hurts....  Can wait to see the new photoshoot!!!!!!!,no emotion detected
1965895135,worry,Anybody else experiencing painful slowdowns with facebook?,no emotion detected
1965897956,neutral,@Mashon96,no emotion detected
1965903605,sadness,Fuuuuuuuudgeee I burned my finger with oil! It hurts,no emotion detected
1965905523,relief,of course im almost there and theres traffic,no emotion detected
1965909051,happiness,"... I want to die. I want to TAKE my own life, forever. She's trying to get me to do a duet.",no emotion detected
1965910871,surprise,my sister just ripped my heart outta myy fukkn chest.  im super hurt right now. she's all i ever needed in this life.,no emotion detected
1965920475,sadness,@natsolovelyx3: I knowww yur mother is being a bitch and she doesn't want to take me to the movies  bitch,no emotion detected
1965922894,worry,iPhone is doing that &quot;not opening downloaded apps&quot; thing and I forgot my cord at home,no emotion detected
1965923222,happiness,@ToxicSociopath awww. well before we know it youll be back visiting XD we will hang out constantly and have another heartbreaking goodbye,no emotion detected
1965924239,sadness,@mattpicasso iPhone is doing that &quot;not opening downloaded apps&quot; thing and I forgot my cord at home,no emotion detected
1965934622,neutral,Month end... still stuck in my office waiting for the stragglers to get there s#!t together.,no emotion detected
1965940539,worry,cowering from pain,no emotion detected
1965944462,hate,"I hate horrible atmospheres, I pick them up so quick!  kisskiss xxxxxxxxxx",no emotion detected
1965948023,sadness,youtube not working,no emotion detected
1965951169,empty,feels f*cked! and feet are aching  need my beeeeeddddddd!!!,no emotion detected
1965951894,worry,tomorrow should be good. but apparently no movies,no emotion detected
1965952576,enthusiasm,I want Crimson Gem Saga.  I will just go play RF Guerilla demo repeatedly. I (Mission Failed - YOU DIED) so many times from dicking around,no emotion detected
1965954314,worry,fml. i stepped on a needle.. ouch.. waaaaa  damn drycleaners,no emotion detected
1965956559,worry,@ Barbs trying to figure out y the dsl aint connecting. I need my google. Going home to my computer if it don't start working soon. SMH,no emotion detected
1965956871,worry,"the muscle in my back is cramping up, hurts so bad! owww",no emotion detected
1965960373,worry,"I got battery acid in an open wound on my index finger  Fuck, it burned so much.",no emotion detected
1965966084,sadness,@summerkristine i want you to go walking with me!! but i still miss my satan,no emotion detected
1965969489,sadness,head hurt,no emotion detected
1965977134,surprise,THIS twitter is driving me nuts...WONT LET ME DOWNLOAD A PROFILE PIC!! ...guess i'll keep trying!!,no emotion detected
1965980003,sadness,"can't find my trusty hair tie  My hair will spill all over the place when I run!Mom's bands doesn't work for me,normal ones hurt.(((",no emotion detected
1965987026,sadness,OOUCHHHH I just pinched my own nipple by accident trying to fix my top,no emotion detected
1966002060,neutral,@beckyainsley,no emotion detected
1966003600,worry,Woa NOBODY is inside the movie theater... Its termenator ppl shud be in here... Scary,no emotion detected
1966034114,sadness,There is a MacBook Pro sitting close by and my poor MacBook is ashamed with it's plastic face and sides...,no emotion detected
1966036461,empty,"@ianiv No, it's not",no emotion detected
1966047016,surprise,@ClareHeartsMAC can u add ur link. I can't find u on YouTube.,no emotion detected
1966060860,sadness,(that was a  btw -_-),no emotion detected
1966060868,worry,@LisaMongold I know.  I have such guilt associated with picking winners.,no emotion detected
1966065758,love,I suck dick,no emotion detected
1966067890,hate,And I want you to shut the fuck up.... I really hate living with my step dad. =-\ I can't wait to move out...,no emotion detected
1966077609,sadness,@dougreport how can I read the Floyd article says it's private,no emotion detected
1966086141,worry,just woke up still fukin sick,no emotion detected
1966086988,happiness,"@bkkrakora ew, i used to get &quot;suicides&quot; in high school and mix like 5 sodas together. then drink it. i think i remember enjoying it, too.",no emotion detected
1966090955,worry,help! anyone know if there are stores that carry blackberry trackballs? just went to verizon retailer; no luck. do not want to order one,no emotion detected
1966091942,sadness,"@ss1271 yes, that's what I meant... I don't have anything to turn it into Hirigana, though.",no emotion detected
1966092716,neutral,"@bkkrakora ew, i used to get &quot;suicides&quot; in mid. school and mix like 5 sodas together. then drink it. i think i remember enjoying it, too.",no emotion detected
1966095555,sadness,UGH. why is it so hard to upload a picture on twitter?,no emotion detected
1966096671,worry,here comes the storm.....ackkkk,no emotion detected
1966104815,worry,The underwire in my bra is sticking out and poking me in the armpit,no emotion detected
1966121947,sadness,@RVDS dammit i wanted to ask you about someone who i might be shooting but cant remember her name now,no emotion detected
1966122261,worry,"is watching &quot;Wall Street&quot;, and realizing that since it is on a movie channel she won't get a potty break",no emotion detected
1966123518,worry,Suffering from  Hemorrhoids.,no emotion detected
1966125609,hate,@iamcheerbear I know  It fucking sucks. anyway you can get a fake id or something?,no emotion detected
1966132160,sadness,@StanGill Uh.... what does that mean?,no emotion detected
1966152865,hate,@KrissyJill fuck.  It's only in Canada right now.,no emotion detected
1966157035,neutral,@knitkat it stings,no emotion detected
1966169072,worry,@HeWhoWrites Aww I feel bad for the lil nigga. He look like he know what's coming,no emotion detected
1966177678,neutral,My dad just told me that he wants to put me up for sale on craigslist,no emotion detected
1966179879,hate,"still can't figure this twitter thing out, i can't my background pic to stick and i can't seem to change my profile pic",no emotion detected
1966181941,worry,"oh man, just seen the BGT news.. not cool. i loved greg.  that dancing weepy kid was just fucking obnoxious imo.",no emotion detected
1966182443,worry,mommy coming home from vegas tonight! going to pick her up later in islip her plane doesnt get in until 10:40. KILLME. i want my mommy,no emotion detected
1966182971,worry,@kakrisch im jealous.  im slaving away at the store and youre chilling on the boat.,no emotion detected
1966193047,relief,@vasilly thanks.  I'm self so I don't see the &quot;my Account&quot; area.  I'll have to dig deeper it seems,no emotion detected
1966199893,worry,@mileycyrus  it wont let me vote even tho im signed in,no emotion detected
1966201368,surprise,@jojo_jtv WHAT! I was only gone for 30 minutes and you're already showing boobage without me?,no emotion detected
1966213599,neutral,@avalm  i can never tells mommy!  or they will be means to me...,no emotion detected
1966221168,sadness,i just bit my tongue.  blood everywhere!!!,no emotion detected
1966224172,sadness,Burning my tongue on Won Ton soup,no emotion detected
1966225282,sadness,sometimes i forget my favorite porn stars are real people too. @bobbyclarkxxx made orange chicken last night and cut his finger off! sad!,no emotion detected
1966235006,sadness,"feelin depressed ,, i miss you soo damn fcking much besties  ..i wish i wouldnt have left yt",no emotion detected
1966240947,enthusiasm,Rushed to get to ups and they close at 7... I got here at 705 after making a wrong turn,no emotion detected
1966264750,worry,I really need to invest in an elliptical machine... Running with shin splints sucks!!,no emotion detected
1966264837,worry,"Alex slammed her head into the edge of the table about 30 min ago.  She's going to have a nice, blue bruise.",no emotion detected
1966267369,boredom,aw now where's that little asian girl who runs round pooping her pants in public? i miss laughing at her.,no emotion detected
1966267844,neutral,@16_MileyCyrus it wont let me do it twitter keeps saying over twitter capacity or something that bird keeps coming up.,no emotion detected
1966270775,neutral,Can't change my profile or settings,no emotion detected
1966286340,worry,@DonnieWahlberg baby I'm in maryland I'm NOT gonna make it  BUT I will see ur sexy ass next sat in camden VIP....come early n hang!!!!!,no emotion detected
1966286540,worry,"@socilover I wish I can see that. They have CNN here again, with no volume.",no emotion detected
1966289440,worry,@mommy41402 yeah i need his fricken cell number ive tried his home for months and hes too busy. i miss braddddddddd,no emotion detected
1966290920,worry,@funkylovin  on your ani?  sorry,no emotion detected
1966300836,sadness,I dont get how to use twitterr!,no emotion detected
1966308503,neutral,cant get onto twitter on the Internet,no emotion detected
1966313501,worry,my hair hurts,no emotion detected
1966316132,surprise,Waiting for my turn on wii fit gym closed,no emotion detected
1966317710,hate,Forced to eat red hotdogs coz I'm starving and there's nothing else for breakfast. Ick.,no emotion detected
1966327243,worry,i'm going to kill myself T_T . i wasted hundreds of download and realised i got the wrong one,no emotion detected
1966327411,fun,@funkylovin ah mine is never home before 8   I handed off the kids and grabbed the bottle of malibu and a coke..momma getting drinky :para,no emotion detected
1966329754,sadness,@babymakes7 no.  I lost the link you sent when I had to pull my battery.,no emotion detected
1966330244,worry,"@Hameed_Hemmat she's mad coz she purposely let you step on her foot, n thought you would give her a kiss to compensate, but you didn't",no emotion detected
1966340576,worry,"why did I get airbrushed nude, if soon as i put my dress on it messed it up a little...eerrrr",no emotion detected
1966355094,sadness,"Trying out a new Twitter client, can't seem to get a new theme applied to DestroyTwitter",no emotion detected
1966404794,neutral,my picture wont come up  it keeps saying thats a nice picture! but where is it??,no emotion detected
1966408593,neutral,@SoozInSports ouch,no emotion detected
1966411896,hate,@meecheeko Is a WHORE but she'll never know I said it cuz she doesn't love her twitter,no emotion detected
1966412179,worry,just took my shirt off and my back is COVERED in blisters  http://bit.ly/vUiXG,no emotion detected
1966418966,worry,Just remembered I still have a summer project to do.  IT NEVER ENDS!!!!!,no emotion detected
1966428567,sadness,I'm starving!! This diet is killing me but I can't eat after 8pm,no emotion detected
1966434269,worry,@SarahBawcum my mom wants to lay. We'll be there later. Probably a little after 10. And @AyyMedlin I'm sorry you're sick,no emotion detected
1966434976,worry,@xoxoJennxoxox i did a couple hours ago...ive got sun burn and its really uncomfortable,no emotion detected
1966436150,neutral,@Gen22 I can't blip right now!,no emotion detected
1966436977,worry,@emperorliu my dick feels smaller when i look at you,no emotion detected
1693975586,neutral,Hank Thompson ï¿½ The Big One Got Away -- hmm... how old do you have to be to remember THIS?  ? http://blip.fm/~5jboh,no emotion detected
1693976205,fun,@CeesDope_  ahhhhaaa bangbros.com! psshh nigga its all about onionbooty.com,no emotion detected
1693976267,neutral,@iMBA Ur welcome,no emotion detected
1693977535,happiness,For @mizhalle  ? http://blip.fm/~5jbp3,no emotion detected
1693994772,happiness,"@williamduncan the archetype thing was for a comm. class that studied archetypes in popular media. reading your links now, thanks",no emotion detected
1693994998,neutral,"http://twitpic.com/4j8yk - Thelma, Rebeca, Fernanda Symonds, Fernanda Cordova",no emotion detected
1693997278,love,"@tracymacy Thanks for follow. Was just adding you from your twitter page, after commenting your blog",no emotion detected
1693997645,neutral,@ODWGOOG Absolutely ...,no emotion detected
1694014092,neutral,"@Mattro heh, i meant differences between b3 and b4",no emotion detected
1694014711,surprise,@Dean_John what makes u think of south africa? why not italy or hawaii or something?,no emotion detected
1694015539,neutral,"@hassmanm Nemï¿½m zdrojï¿½ky Mozilly ani Perl, takï¿½e z?stanu u svï¿½ vï¿½ry ve schopnosti Ohlohu",no emotion detected
1694035886,empty,"@woopow8 Hi, what are you a consultant for?",no emotion detected
1694052743,worry,@shadiya I hope you were feeling better today!,no emotion detected
1694053213,neutral,@RomeBadBoyEnt,no emotion detected
1694068742,surprise,"@aral 105% of people between 18-24 yrs in DK is on facebook, more profiles than citizens in that range  Where are you in DK? And Why?",no emotion detected
1694071301,neutral,@rachikus thankyou,no emotion detected
1694072783,neutral,@fadeout all you have to do is have your boyfriend say something for me so i can hear his accent.,no emotion detected
1694089759,neutral,@DJWiLLGATES,no emotion detected
1694090206,neutral,@Anthaman can u follow me please,no emotion detected
1694090522,worry,@rhettroberts sexxxxxxxy  I had a silly weekend with my bff =P Fun times! Haha,no emotion detected
1694090919,neutral,@wahliaodotcom Thanks for that!,no emotion detected
1694091007,happiness,@AmineB perfect!,no emotion detected
1694091218,relief,@interpunkt wow that was easy! Thank you,no emotion detected
1694125751,empty,"@joseevans Hi, I teach some Chinese lessons on youtube... Feel free to have a look  www.youtube.com/ChineseLearn",no emotion detected
1694125983,neutral,"@bhackett Hi, I teach some Chinese lessons on youtube... Feel free to have a look  www.youtube.com/ChineseLearn",no emotion detected
1694128711,neutral,Make your own Google search page with your name   http://tinyurl.com/c4237j,no emotion detected
1694128784,worry,"@papelpicado And a good morning to you!  Up early with a bad conscience, trying to make up for taking a day off yesterday, are we? :p",no emotion detected
1694143818,worry,@mommymuse Thanks for the hint.  http://tinyurl.com/chtx7e.,no emotion detected
1694144859,neutral,when can i ever do a barre chord???,no emotion detected
1694145714,neutral,@HarryHarley,no emotion detected
1694164192,love,@StaceyFarina Hah! Thanks.,no emotion detected
1694164428,happiness,@zykloid Thanks!,no emotion detected
1694165119,surprise,"@juhasaarinen what? I do not speak Finnish or what that was, hehe",no emotion detected
1694165200,sadness,@kkkrista only if we can cuddle afterwards. I like to cuddle after turning tricks on van buren,no emotion detected
1694165762,happiness,my sister said yayyy its hannah HOEdown today  haaaa hannah is a hoe apparently hoe.,no emotion detected
1694166475,relief,@honeytweets I also believe in some things are meant to happen.,no emotion detected
1694166698,neutral,COME ON GIVE HER NICE HOME  http://tinyurl.com/dhgkc9,no emotion detected
1694181676,neutral,@cypher Thanks!,no emotion detected
1694182106,hate,@xiape copy &amp; paste fuck cunt tosser piss flap a 10000000000 times !!!!,no emotion detected
1694182110,happiness,@tfollowers thanks 4 the folow,no emotion detected
1694201335,surprise,@buguletzu thanks,no emotion detected
1694202742,worry,@tommcfly could you post a link to the internet version of the times so that I can read it pllleeeaaassseeeeee!!!!,no emotion detected
1694219737,happiness,@joyee0720 Thanks PP!,no emotion detected
1694220296,neutral,looking at the moon and thinking about _____...,no emotion detected
1694221331,enthusiasm,"@myepeenisbigger hey jesse, here's your background  let me know what you think! http://tinyurl.com/cf2yuj",no emotion detected
1694222424,love,@luckigrrl ha ha  thank you!,no emotion detected
1694237085,empty,@sickophantikmnd Exactly! Silent treatment is a great torture method,no emotion detected
1694237803,fun,today Jon Doe plays at the Moho. ia m excited  itï¿½s gonna be funny.. but before i have to carry all the equipment and do the backline,no emotion detected
1694238263,empty,"@ElvisHsiao Twitter doesn't have photo support built in, but I welcome you to try my website http://woo.sh to share the photos",no emotion detected
1694238955,neutral,@rosehwang Thanks,no emotion detected
1694239387,neutral,cant send the dream story on twitter. sending on bebo mail  x,no emotion detected
1694240050,love,"@AndrewHansen1 Thanks Andrew! It hasn't yet been published, but looking forward to it",no emotion detected
1694240105,neutral,"any legal studies/law students out there twitter? would love a couple of references to cases inolving bias juries, jury nullification etc",no emotion detected
1694240281,happiness,@Steph_Atticus Thank you,no emotion detected
1694255751,neutral,"@thorney1 I forget, are you in Edinburgh? Check out EdinburghAC.org.uk",no emotion detected
1694257410,neutral,@mac40007001 you're welcome,no emotion detected
1694257979,neutral,In bed with 2 girls,no emotion detected
1694258095,enthusiasm,@LeesaLily oh ok thanks,no emotion detected
1694258339,happiness,@DeepaPrabhu Thanks and thanks,no emotion detected
1694273424,sadness,"@krisreyes here btw, this is not a bot",no emotion detected
1694275314,happiness,@mkasper22 Thank you,no emotion detected
1694275380,happiness,@PhilLHerold Thank you,no emotion detected
1694276061,happiness,@uyaerdna thanks,no emotion detected
1694291427,neutral,@kasey79 I got it,no emotion detected
1694291488,surprise,@Brittanya69 you are so sexy mama!,no emotion detected
1694291679,worry,"@ljs777 for the most part, not enough space on one drive to properly defrag, nowhere else to put stuff, but yeah, reassembled",no emotion detected
1694293633,neutral,"@JennyMalaiAli ... go to that person and click the green arrow *following*, then you'll see *remove*",no emotion detected
1694294096,neutral,@WKJThD  Thanks for Following,no emotion detected
1694294100,happiness,@texasjackflash thnx 4 the follow,no emotion detected
1694294189,sadness,@paulusveltman Ja  Deze is interessanter - Why text messages are limited to 160 characters - http://tr.im/kpgg,no emotion detected
1694294280,neutral,Quickest way to get a seat to yourself on a London bus currently: pretend to sneeze VERY loudly about 3/4 times,no emotion detected
1694312535,neutral,"@ojtibi Hey OJ, I just want to ask, you hooked up with somebody ayt now?",no emotion detected
1694327429,empty,"@rickiep00h  no, you didn't fail.  thanks",no emotion detected
1694328367,happiness,@Cadistra Ah brilliant! Thanks a bunch,no emotion detected
1694329014,love,@chang_ROR Hey dude welcome to twitter  its seexyyyyy,no emotion detected
1694330370,love,"@amtrak747 haha hell ya id love to find some boys to toke with, and thats a very sexy bike",no emotion detected
1694330518,neutral,@MissShonah  Will certainly do that.,no emotion detected
1694330738,happiness,@TferThomas Thank you!,no emotion detected
1694331866,happiness,@LiesX xD send it!,no emotion detected
1694348300,happiness,@leeprovoost Thanks for the tip! It's our Company laptops so was aiming for another solution actually....,no emotion detected
1694364407,neutral,is walking to tesco with rhiannon and hannah to hide all evidence of lastnight,no emotion detected
1694364584,neutral,@lilmarshmellow  thanx,no emotion detected
1694365879,neutral,"@grentone Likewise. However, what was the comment about originally?",no emotion detected
1694366481,neutral,@JofArnold  Going to try it now and report on the results,no emotion detected
1694384198,worry,@AnsamsKitchen  walah me 2 still i am not getting the full idea,no emotion detected
1694399712,love,@taylorswift13 heyahh i thought u wern't cumin to london till the 5th ? i love you taylorr ..xx,no emotion detected
1694401661,happiness,@MistressB Am happy to provide backup support for all murderous rampages,no emotion detected
1694418730,happiness,@zsafwan You are very much welcome,no emotion detected
1694418939,worry,"@sawwaa I wish I could work like you, dude...",no emotion detected
1694419763,neutral,@nicchick I have seen that you are following SEO &amp; Marbella We are making a SEO Event here in Marbella  Do you speak spanish?,no emotion detected
1694420418,worry,"@willadam Granted, it won't do that, either",no emotion detected
1694421505,happiness,@jocalling hope our wishes come true someday.,no emotion detected
1694422053,worry,@robertrich the no tweeting guilt trip didn't stop you huh?  I felt so bad!,no emotion detected
1694422312,worry,@hnprashanth I can understand!,no emotion detected
1694437832,neutral,@dhempe @roadrippersid http://twitter.com/friends?page=20 press previous on that page.,no emotion detected
1694438295,worry,@DannyjClayton star wars ............ is gay BOO??? i wanna do your jobe HAND IT OVER  u can act as me at my high school   LOL,no emotion detected
1694439400,fun,@DannyjClayton star wars ............ is gay BOO??? i wanna do your job HAND IT OVER  u can act as me at my high school   LOL,no emotion detected
1694440640,happiness,@hayfa You are welcome,no emotion detected
1694455525,neutral,@edial @theineke,no emotion detected
1694458126,happiness,@Tizzik Thank you! I hope the same for you!,no emotion detected
1694473671,surprise,Photo: Thatï¿½s what you call HOPE.  http://tumblr.com/xww1phh33,no emotion detected
1694474077,neutral,@nomand Use Wordpress instead!,no emotion detected
1694474922,fun,@doast fantastic.... pick up a hooker for me,no emotion detected
1694475163,neutral,"@adelgabot @maximph Let me check, Sirs",no emotion detected
1694475272,neutral,@tyronevh Hope you've reviewed them on my site  http://snipr.com/hble5,no emotion detected
1694476502,love,this is for @calebh  http://tinyurl.com/d8fgxr,no emotion detected
1694476667,neutral,@dzschille You're welcome.,no emotion detected
1694493509,relief,"@Dannymcfly i'm the one that kept touching your willy last night  oh you were amazing, thank you so much! x",no emotion detected
1694494536,neutral,@inyiyruma You're welcome,no emotion detected
1694494633,hate,While driving u come across aggressive driving behaviour by another driver. U should... Chase the car 2 tell the driver how to drive,no emotion detected
1694495356,empty,Money Laundering tip 5 - Sell the business or constructed hotel etc and take possession of your now clean money,no emotion detected
1694510983,happiness,exams. thennn some sexy time.,no emotion detected
1694532158,worry,"Dump my boyfriend, find a much much better man and the girl can get a nice knuckle sandwich from moi",no emotion detected
1694550206,neutral,@lilymcnee  Your welcome,no emotion detected
1694567756,neutral,"@memesijaitort thanks, I will send you a photo of my first.",no emotion detected
1694587026,happiness,@lapix Thanks Ennio,no emotion detected
1694589169,happiness,@inkcircles Thank you!,no emotion detected
1694605164,neutral,@Woywegian  Hello there hope your over your flu now,no emotion detected
1694605739,neutral,@understood Well best of luck,no emotion detected
1694606406,worry,@hot30 how do you win the trip to america? please reply xo,no emotion detected
1694608429,fun,@pradeepto he he! I will send it thru anurag,no emotion detected
1694625864,neutral,@dougiedaydream thank you,no emotion detected
1694626358,empty,"@BenKasica Iowa is like that sometimes, it gets frustrating.",no emotion detected
1694626678,worry,Tanya is jealous because I'm Mike's new favorite  It's because he tried to kiss me over the weekend....pictures to follow at 95sx.com,no emotion detected
1694627220,neutral,@lisardggY Thanks for the info,no emotion detected
1694627293,love,@Jay_RachineA oh so you said you good-byes and hugs  my dad left around 4 in the morning so I woke up to an empty house i'm pretty scared.,no emotion detected
1694628019,worry,@Vixster25 Internet 1 drawing 0 ....damn I'm backing up blackberry files which could take hours  then to the drawing preps done,no emotion detected
1694644164,happiness,@col4man Thanks,no emotion detected
1694646200,neutral,"@limburger2001 Yes, sir!   See here http://is.gd/wz2K",no emotion detected
1694646920,happiness,"@johnkeithhart Thanks, glad you agree wth my follow or not policy",no emotion detected
1694647334,worry,@tommcfly Hey Tom. Have your plans to make an concert in Denmark this year?  please reply xxx,no emotion detected
1694663955,relief,@Peulo I already did..,no emotion detected
1694664568,neutral,"@profkhai Here are some that other tweeple recommend to me: www.audiomicro.com , http://tr.im/gWOy , http://tr.im/gWPx",no emotion detected
1694665553,relief,@Daniella001 thanks for agreeing with me,no emotion detected
1694665584,neutral,"@neridagill Thank you, I will have a look",no emotion detected
1694684589,neutral,"@chuckwelch that's half the solution, it doesn't address the intrusion into the link-sharing process, but thanks",no emotion detected
1694684770,enthusiasm,@matildaxo ooohhh. I understand. I never get sick of her so im on your moms side  I guess your dad just likes what he likes....lol,no emotion detected
1694685950,happiness,@irontec Thanks for the support,no emotion detected
1694686275,happiness,@supprintdesign oh i like that let me c,no emotion detected
1694706199,love,@jesseroni thanx,no emotion detected
1694708007,enthusiasm,@joonian Press 'Ctrl' on bottom right. The underscore for E71 is there.  KY,no emotion detected
1694724949,happiness,starting off my day with a little Northern Light,no emotion detected
1694726444,worry,@jonconnelly will add that. It should be hard really to keep track of 500 avatars.,no emotion detected
1694727961,neutral,@AKAVirtualPA http://twitpic.com/4bckp - that should answer part of your question,no emotion detected
1694728242,neutral,ya i walked into the wall thats why i have a plaster on my neck,no emotion detected
1694745775,neutral,"@Zaida Masson I'll give you the link, it's quite handy",no emotion detected
1694746830,enthusiasm,add me on myspace?? www.myspace.com/pwnage_org  -&gt; pcFOpc,no emotion detected
1694746926,fun,Happy Birthday to my Whore,no emotion detected
1694747814,empty,"@trishaelyca  not really, all in all, if im not mistaken, mga less than 1k each lng ang gastos namen...",no emotion detected
1694747890,relief,@DinaRoberts thanks,no emotion detected
1694768054,fun,@cmykara Something like that!,no emotion detected
1694768896,love,"I feel funny. Hmmp, better be an amazing fucking day. why not?  I LOVE HOW I KNOW SAMMY ROVIN GOT A TEXT ABOUT THIS TWEET &lt;3333",no emotion detected
1694769957,neutral,@limyh No problem. I'm just sharing the whole list to you.,no emotion detected
1694770834,neutral,@rustyrockets et's genitals are in his magic glowing finger,no emotion detected
1694791277,neutral,shares http://tinyurl.com/czhzb3 another id draft  http://plurk.com/p/rpzmx,no emotion detected
1694792427,happiness,@vampirefreak101 Haha ^^ Thanks,no emotion detected
1694792746,relief,@AndyACB yes not for putting inside anything else,no emotion detected
1694793057,happiness,@ninaaacooperrr don't not come in  i love you... and it's your last week and you need to see me..... you're hot,no emotion detected
1694812608,neutral,@turkeyburkey whatever do you mean?,no emotion detected
1694813936,hate,fucken tired as fuck  it's sunny.. good day? deffff,no emotion detected
1694814609,neutral,@RQOCJD if they try ill hack into the mainframe of the internet database and unban them!!!it may take a while but I WILL!...im high,no emotion detected
1694833427,neutral,"@colinkelly all the more reason to do ur highers later in life,vodka is a great study aid.45xy + 54pq=a 70 ml measure.I got an A in Maths",no emotion detected
1694836431,worry,@HamzaZafar That's the problem. DNS isn't working  uTorrent and DestroyTwitter are working while everything else is down.,no emotion detected
1694836461,relief,@rhyanoutrageous thank you,no emotion detected
1694836509,worry,@natalietran not to seem like some crazy paedofile typing with one hand and fiddling with my willy in the other but you the coolest ever,no emotion detected
1694836547,enthusiasm,@AlexTrup Thx,no emotion detected
1694856965,neutral,@ruis3rra ehhehehe thanks,no emotion detected
1694859457,relief,trying to watch lost online very annoying and slow...the internet not lost,no emotion detected
1694859613,relief,@hopefulauthor Thank you!,no emotion detected
1694879284,happiness,"@macmuso thank you very much, I'm glad you like them!",no emotion detected
1694879883,neutral,@tanmaygolhar thanks..,no emotion detected
1694904273,empty,"@EmmaGriffiths86 It's under Community.. I can't see it myself, but one of the moderators (Niandra) told me it was there",no emotion detected
1694928100,neutral,@bonbonita Thanks!,no emotion detected
1694929615,neutral,thanks @josephadamx3,no emotion detected
1694929621,love,i just looove my bf  u are awesoome!!!! [hannah montana the movie was amazing  best movie ever!!]  // cool http://gykd.net,no emotion detected
1694929898,neutral,"@Gregor123456789 sure, i will",no emotion detected
1694930175,happiness,"http://twitpic.com/4jerc view of Atlas Mountains, Morocco across the Straits of Gibraltar, I took the other day from Europa Point, Gib",no emotion detected
1694930319,neutral,@ayou055 nope... it is telling you that you want cameo creams,no emotion detected
1694953655,neutral,"Jamie @ Sean Cody, up for some angry sex?: Jamie @ Sean Cody, I wouldn't piss this one off  Hey there Guys, Do.. http://tinyurl.com/ddyyd6",no emotion detected
1694955144,sadness,I wasn't sore yesterday. But i'm definitely feeling those hills now! My legs hurt all the way up to my booty. Its a good hurt,no emotion detected
1694976932,neutral,"@AnneBB well, you can print CY_K not CYMK",no emotion detected
1694977878,neutral,"@brendandawes yeah, it works better as a command",no emotion detected
1694979730,neutral,@willyemai Indeed!,no emotion detected
1695001110,worry,@FawnBZee,no emotion detected
1695001478,worry,@sharagrif what a riot..now you can tell you're friends you've got chlamydia..but you're hoping to get pox-syphilis soon,no emotion detected
1695004163,love,@lizzieiscool thank you,no emotion detected
1695026686,worry,Killing people  no not realy O.o just bored although it does sound like fun,no emotion detected
1695029179,neutral,@patgarrat657961 Thanks for that,no emotion detected
1695055295,sadness,@ankurb Just kidding! Don't go around quoting me,no emotion detected
1695055809,worry,"@anthonyqkiernan Ha! PC and router have been off and on again many times, I assure you.  Funny thing is the laptop and phone connect fine!",no emotion detected
1695080588,sadness,@iveland don't know it really hurt my arm. guess you have to booze me.. or just ask @hpeikemo or @erlandwienke if you don't believe me!,no emotion detected
1695080987,happiness,Well not JUST making dinner making dinner with WET HAIR!,no emotion detected
1695082386,happiness,@rissiapriyahita @zanidia @clarixxxa thanks udah di follow,no emotion detected
1695082993,sadness,@oliyoung,no emotion detected
1695083498,neutral,Anyone of you Indie heads know what Donie from The Hassle Merchants' surname is? @unarocks @nialler9 @karlusss Help. Need for copy.,no emotion detected
1695107402,neutral,@nakedxa ok.. take care,no emotion detected
1695107992,hate,"About to go to school to help my mother set up for Teacher Appreciation Week. How ironic is that, Natalee?!",no emotion detected
1695108013,neutral,"@miss_anekie ok darl, i will suggest you to the MUA (Tracie Weaver), as she'll be making the decision",no emotion detected
1695109039,worry,@training...,no emotion detected
1695109611,neutral,@katiel777 it does.,no emotion detected
1695110106,love,Awesome and exciting  http://www.sundancechannel.com/greenporno/,no emotion detected
1695110516,neutral,@t_de_baillon,no emotion detected
1695137089,worry,"UGGG my computer is running SOOO SLOW today, it's driving me batty! Guess its time to remove files and defrag AGAIN UGG want a MAC",no emotion detected
1695138185,worry,"@gtfo dreamwidth, a new journaling site that just went into open beta.",no emotion detected
1695162933,neutral,@coliwilso hmm.. should be okay with any of 'em - DM me your e-mail and I'll send the install notes over,no emotion detected
1695163335,love,@tomfelton http://twitpic.com/4jam0 - Beautiful landscape! It seems very quiet,no emotion detected
1695164153,neutral,@byronlk yes,no emotion detected
1695164632,surprise,trying to work out how to use Twitter!,no emotion detected
1695165143,neutral,"In math class now, about to shoot myself because its so boring.",no emotion detected
1695165989,love,Monday and I am at work and the legs are a still hurting a little! Smile,no emotion detected
1695190389,sadness,@syzygy thank you,no emotion detected
1695191133,neutral,"@whatsonthetube total tv quote, not sure if u would know it",no emotion detected
1695192507,neutral,@regularjen thanks!,no emotion detected
1695192957,happiness,@mortensax Will do - promise - thanks,no emotion detected
1695219488,sadness,@shonali hello- i'd like a little chat- but can't DM you- is there a mail id?,no emotion detected
1695219505,neutral,@JerrysWifey23 Thanks,no emotion detected
1695248697,neutral,On train with at least two gaggles of teenagers sitting &amp; the commuters squished standing in the back...at least the teenagers let me sit,no emotion detected
1695250606,love,http://www.mmemarko.schilderweb.nl/ for my homepage,no emotion detected
1695251336,neutral,"@GlovesElectric well then you should come, nigguh. Only thing is i may be going to like Phuket or Bali afterwards",no emotion detected
1695252313,worry,why yes jeeves. bring me that noose there  TOO MANY ASSIGNMENTS!,no emotion detected
1695279452,surprise,@jamesonhall happy to help,no emotion detected
1695279853,neutral,"@schwammy LOL! based on my last post then, I'll plan on using you as a reference",no emotion detected
1695281004,worry,@louhhh Thanks,no emotion detected
1695281037,surprise,@offbeat87 oh okay. Thank you,no emotion detected
1695309730,neutral,"@Silent_Brad oh, cuz id like to use it on a whole heap on bitchy girls I knoww",no emotion detected
1695310233,love,"@chris511, I'd love it if you haven't had any takers yet",no emotion detected
1695310978,neutral,"@RSR108 trying to do the same thing, running an online business as well as running a regular business in the &quot;real&quot; world",no emotion detected
1695311888,happiness,@ShutterBugGeek Thank you,no emotion detected
1695341168,neutral,"@kevingraham oh, and thanks for the help",no emotion detected
1695341596,worry,@dannywood Oh It was marathon sex? mahasha,no emotion detected
1695342457,enthusiasm,@danceashleylove i hope you feel better way soon!,no emotion detected
1695342531,neutral,Please read my friend's post and leave a comment  http://tinyurl.com/czb2sg,no emotion detected
1695342983,sadness,Good Morning!  ? http://blip.fm/~5jnl7,no emotion detected
1695343586,relief,@LeviFig Already fixed that actually,no emotion detected
1695344340,surprise,@Bronzethumb Thank you.,no emotion detected
1695374755,neutral,@iloven3wyork Thanks,no emotion detected
1695375151,neutral,"@bernadeth oic, where in Cavite? no sorry im not from America ... if you can see my profile, there's no word like America there",no emotion detected
1695407730,love,@Sheamus Many thanks!,no emotion detected
1695409668,neutral,China's copycars: familiar-looking vehicles at Shanghai Auto 2009 http://tinyurl.com/ccvo3h that was funny,no emotion detected
1695410813,neutral,@zaccolley of course it is   http://is.gd/kqSK,no emotion detected
1695411166,love,"#Beijing Good massage for you &amp; Sexy girl &amp; 100% real photo  13341015518 - w4 (Beijing): Hi, .. http://tinyurl.com/c48m6r",no emotion detected
1695411631,neutral,@sueyoungmedia Thanks so much!,no emotion detected
1695441104,neutral,@amyzsenai Thank you!,no emotion detected
1695441124,worry,"@JoelyRighteous no, silly, to shoot other shoppers with  though a taser is probably the more humane penalty for 12 items in 5 item line",no emotion detected
1695443050,neutral,@maroonedmarla Try this link.  You'll have to watch an ad first though. http://tinyurl.com/4ttngg,no emotion detected
1695475657,empty,"@vickitequila oh I meant how to put stuff into formatting and in what order. It was early in the morning, okay!",no emotion detected
1695476183,neutral,@lsbautista Thank you. I needed that,no emotion detected
1695512590,happiness,@gabyrosario Thanks for the shoutout,no emotion detected
1695512936,neutral,"@Maritzasylvia Uhhh.. not yet, maybe my DM inbox is just slow. I'll let you know when it shows",no emotion detected
1695544789,neutral,@TheDailyBlonde,no emotion detected
1695545159,happiness,@Kelly_StrayCat   haha ty,no emotion detected
1695546823,empty,20 John: @johnhaydon: @TheDailyBlonde  http://tinyurl.com/cq5nkp,no emotion detected
1695548352,worry,"@loic I need to check your TOS, Loic. Are you allowed to sleep? I don't remember any mention of sleep there...",no emotion detected
1695580254,relief,@petethevet Thanks!,no emotion detected
1695583097,worry,"made a mysql table with 150 entries  wrote a shellscript for this... while-do-done, a lot of echo and a list generated by ls Videos/ &gt;list",no emotion detected
1695618313,hate,Is sick to death of doing French prep. I feel like killing a bitch.  chgehcfncshvd,no emotion detected
1695620558,enthusiasm,Por Favor!!! Only need FIVE more!  http://tinyurl.com/dzcpg3,no emotion detected
1695620608,neutral,@JanisSharp thanks Janis,no emotion detected
1695654958,neutral,@cats2cats Thanks,no emotion detected
1695655638,neutral,"@MRHYPERPCS Thanks, but the Elance course is not mine! It's @trishlambert.",no emotion detected
1695656148,love,@shortiee31,no emotion detected
1695656174,relief,"Finally picked up some handwraps, but struggling to wrap my stronger hand with the other! Defo should have got some a lot sooner though",no emotion detected
1695656668,fun,"@elegyofhope haha you didnt see my macbook or my 24'' imac in that pic, so feel extra jealous lolll",no emotion detected
1695656873,neutral,En el colectivo jodiendo con las chicas  i promisse upload photos then.,no emotion detected
1695657066,love,"Bumper Sticker: &quot;If you don't want to stand up for our troops, feel free to stand in front of them&quot; Thank you to all in the military",no emotion detected
1695692389,neutral,"Part of my Neuroanatomy take-home test.  After this, Iï¿½m... http://tinyurl.com/de8y47",no emotion detected
1695693066,neutral,"@alievans719 I have a question for you, Ali.",no emotion detected
1695694347,neutral,Here's a definition of network neutrality for those who may be interested  http://tinyurl.com/ls4qn,no emotion detected
1695694906,happiness,@yogadarla @Gypsy_Yogini @Rock_My_Soles @Lotuspad i am sooo jealous  in a good way of course.  LC is awesome.,no emotion detected
1695728672,neutral,@Deep25btech thanks for your reply. We appreciate it,no emotion detected
1695728811,neutral,@ClothCoutureLLC no problem.  i wasn't really sure what i was doing.  it was some application on the twibe page.,no emotion detected
1695728893,surprise,"@kkanester  No, but apparently a distant relative died in east africa, leaving me as his only heir. Once I send 5K I should have 250k",no emotion detected
1695729853,worry,@modernemotive Done. Thank you,no emotion detected
1695730085,love,@DonDivaWear  Thank you!,no emotion detected
1695730670,neutral,@xxAnixx whahahah thank you,no emotion detected
1695766537,neutral,@Mickey_X sorry about that.,no emotion detected
1695766729,neutral,@didactylos Yes please and check out your position on the locations map when added  - http://bit.ly/ttVn2,no emotion detected
1695766815,fun,"@RPauline8913 don't you just love the &quot;butteflies in your stomach&quot; feeling?  ano man yun, kaya mo yan.",no emotion detected
1695766840,love,@SusanSweet thank you,no emotion detected
1695767078,neutral,hook up with Rian van Staden on Twitter. He is a (much) better cook and may have some more concrete suggestions,no emotion detected
1695767723,love,"is aching from rugby, good game",no emotion detected
1695803552,neutral,@FloFischer check this out: http://tinyurl.com/d44lra,no emotion detected
1695805506,relief,@chiacy  Thanks,no emotion detected
1695805587,worry,"@lauratoogood i did, thanks laura",no emotion detected
1695806519,worry,@erinjshea You have the best hair ever. Totally jealous. Mine's unfixable if I forget and leave sunglasses stuck in it too long,no emotion detected
1695844135,empty,@VWRmurder Thanks,no emotion detected
1695845015,happiness,@Arizona_Abby Thank you. I will check that out,no emotion detected
1695845180,neutral,@jberrebi Use mozy.com,no emotion detected
1695845846,neutral,"@lamacq Si seguisses als stormtroopers, a Jabba The Hut i a Death Star te n'hauries enterat abans que jo!",no emotion detected
1695846556,neutral,@SLHamilton Thanks.,no emotion detected
1695882515,love,@ChuckJr thanks,no emotion detected
1695883402,love,@rainstormiee Thank you.,no emotion detected
1695884010,neutral,@Groovin2Life,no emotion detected
1695885061,neutral,Spending way too long looking for a new desktop background,no emotion detected
1695923170,neutral,@tangibleww I like the last part in your methodology.,no emotion detected
1695923176,neutral,@taral don't you need a server and someone who knows how to program to use Wordpress? Love to but my knowledge is limited right now,no emotion detected
1695924014,neutral,@Vampiricbunny thanks,no emotion detected
1695924132,love,@CraigVenables thankyou,no emotion detected
1695924708,worry,thanks everyone for praying for President Aquino.  http://plurk.com/p/rreml,no emotion detected
1695924936,love,and Mike for bring it to me even tho it was really late and he has to get up at 5am in the morning...,no emotion detected
1695961509,neutral,"Decided to boot Vista after a few months of hiatus... spent two hours updating, forgot the original reason for booting Vista... gave up",no emotion detected
1695962080,happiness,@PatriciaP1977 thanks for the follow,no emotion detected
1695962742,neutral,@romrod,no emotion detected
1695962858,worry,@readerwave if I know what you want it is easier to please you ;). I am glad you mentioned it,no emotion detected
1695964011,happiness,from last Montday's award ceremony  http://twitpic.com/4jkvl,no emotion detected
1695964985,happiness,@Agent_M Thanks for remembering,no emotion detected
1696003124,sadness,@denise183rd yo wake your ass up  and go to work  go get that paper  u aint sick dont lie,no emotion detected
1696005237,happiness,@DesiznTech thanks  glad you like it,no emotion detected
1696043631,happiness,@jkarney  #amtarot Thank you so much!,no emotion detected
1696043746,happiness,@RainbowSuicide SHOW ME SHOW ME!!!,no emotion detected
1696086031,relief,@fotogypc What kind of help do you need with Machine embroidery?  I may bea able to help,no emotion detected
1696086032,sadness,@orbicule wow great promo for orbicule. is there an english translation somewhere? my Norwegian isn't that good,no emotion detected
1696087707,neutral,@harrietglynn thanks,no emotion detected
1696089008,happiness,@tractorqueen Will do,no emotion detected
1696135315,happiness,@imjustcreative having a F**Kin' great day over there Graham isn't it,no emotion detected
1696137267,neutral,@sez101 thank you Sezi,no emotion detected
1696176218,love,@MarieLuv  YOU MAKIN' ME HORNY,no emotion detected
1696177526,love,@pseudosophical YAY YOU! So proud of you!  and I'm not even being sarcastic. Even though you told me to shut the fuck up.,no emotion detected
1696177885,worry,@gthogan I think you forgot a couple exclamation points.,no emotion detected
1750894437,neutral,@twittess jï¿½ passo o link,no emotion detected
1750895984,love,@iggypintado Thanks  Will Do,no emotion detected
1750897226,sadness,"@KausarAzam  Hew how u been????Srry I haven't posted a vid in forever,I feel guilty lol,so in the next few days hopefully",no emotion detected
1750928259,neutral,@Twilightluver17 If you mean backround then.. Settings&gt;design.. scroll to the bottem and click change backround image  &amp; there ya go.,no emotion detected
1750929464,neutral,@qtjene Thanks,no emotion detected
1750964743,neutral,@retrorewind thanks,no emotion detected
1750965990,neutral,@sburkhead,no emotion detected
1750998138,empty,@Courtney_ @beachbum77,no emotion detected
1751033633,hate,@Jorge924 you might also want to include &quot;never wear a moonwolf&quot; to that,no emotion detected
1751033887,neutral,@melmyfinger ill check that out,no emotion detected
1751036152,neutral,@RoxyNJustice,no emotion detected
1751036186,worry,"@debadowling...OOOPS AGAIN, the reply button is the RIGHT of the msg...now I'll stop spamming",no emotion detected
1751070701,boredom,i have been in the lounge for HOURS...and i have not been productive at all. upps time to go out,no emotion detected
1751104805,happiness,@a_double as if there are any other kind  http://myloc.me/Fkl,no emotion detected
1751140123,surprise,"@AdamSatayer lol, so your mum likes a bit of the ol' clergy ordained ultra violence?",no emotion detected
1751175555,happiness,@NKANGEL74 Sweet! Thanks!,no emotion detected
1751177645,relief,@NLiukin hey i know ya dont know me but i wanted to say yopu have helped me a lot i was over in iraq and i wanted to thank you,no emotion detected
1751178006,neutral,@BreeOlson9 I see your date is showing you a good time    Still want a stripper picture,no emotion detected
1751178947,neutral,@Mr_Bloggerific,no emotion detected
1751212598,neutral,@applee_pyee sure,no emotion detected
1751213167,neutral,@xjamiex thanks,no emotion detected
1751213498,worry,"@Dhympna Link won't open, but I will try it when i have a better connection tomorrow. I'm curious now",no emotion detected
1751214048,neutral,Now only with Windows 7,no emotion detected
1751249036,neutral,@clickjow depois tu pode ver outras sï¿½ries. te indico two and a half men e the big bang theory. bem diferentes de 90210. comï¿½dias.,no emotion detected
1751249271,neutral,@allmandinger yep.  working on the post now,no emotion detected
1751251791,surprise,"@aquabh i'm not sure what stracchino is, but it sounds good.",no emotion detected
1751287845,neutral,@domsmitherz what was said?,no emotion detected
1751289491,neutral,"@TsWendyWilliams AND, We have your fabulous interracial gangbang!  WOOT!",no emotion detected
1751322060,sadness,"missing my hobo/slut/tramp way of life, and cooking for my mother on a saturday night  MAMA I LUV U",no emotion detected
1751322242,sadness,@grovesyrmi08 sorry about it,no emotion detected
1751322255,neutral,@slighter Thank you!,no emotion detected
1751323027,neutral,@trisler lol. I see what you did there.,no emotion detected
1751323645,surprise,@TaylorRumsey You are welcome.,no emotion detected
1751325198,worry,watching hoping for haley,no emotion detected
1751325481,happiness,@PinkBerryGirl Aha I see...will do,no emotion detected
1751325772,enthusiasm,Just took a shower.We're gonna go to Church.Time to thank Him for my mother.,no emotion detected
1751358977,empty,@Bethsybsb,no emotion detected
1751359117,enthusiasm,There's just something about a sexy blonde cowgirl rubbing herself in a field  http://worldsbestpornmovies.com/faithmov3.htm,no emotion detected
1751359444,love,Whoever u are and wherever u go always remember where u come from,no emotion detected
1751394368,love,@TuCheInvoco thank you,no emotion detected
1751396136,anger,omg! goooood ass nappy nap  jusss woke up bout 2 clean up a lil then get ready,no emotion detected
1751396430,worry,"got so totally lost that I had to pay for a taxi to get me back to where I was supposed to be. Yeah, something like that, lol.",no emotion detected
1751429630,happiness,@DiamondBlue hehehe!! Are you tryna find another condom  better get u for boxes cuz ima take u thru all of em,no emotion detected
1751430334,fun,My tweet is on cheaptweet.  You wanna vote for me  http://cheaptweet.com/t/syopvd,no emotion detected
1751430428,love,@Brandi408 thank you!,no emotion detected
1751431958,neutral,"@maryjanewatson I'm trying my dang hardest to not watch the movie again until I finish the book, again.",no emotion detected
1751468096,neutral,"@sethsimonds well, my question is on your blog post",no emotion detected
1751468183,neutral,"@MedBotJinx #TFARP *takes a moment to translate, then nods* You're quite welcome.  Also, dear, it's probably best if you stay here again-",no emotion detected
1751503116,neutral,thanks !!my real name is nadia,no emotion detected
1751536720,neutral,@mcraddictal,no emotion detected
1751539564,empty,@MarissaAshley you are very welcome,no emotion detected
1751573613,neutral,@MSMyPhone I need a code,no emotion detected
1751574391,neutral,"@DucCat900 pic, please.",no emotion detected
1751574905,surprise,@AmbDuckett should be me,no emotion detected
1751679185,neutral,"@kenazuma actually I meant motorbike. Not much touring, but I commute when possible -- about 90 min. roundtrip so it's kinda like touring",no emotion detected
1751713392,happiness,@LiveCrunch haha  Thanks!,no emotion detected
1751713472,happiness,@charmainelhs then you must insist you write essays the twitter way - no more than 140 characters,no emotion detected
1751713595,enthusiasm,on the north im BOOMIN!!!.. lol.. fucc the club dog i rather count a million buccz!!!..  ..THEY CALL ME STARBUCCZ BITCH!!!..,no emotion detected
1751714498,neutral,@LiLViciousSODMG Yessir,no emotion detected
1751750870,happiness,Its 11:11  make a wish,no emotion detected
1751751751,neutral,@chupachupgirl Thanks.,no emotion detected
1751784572,surprise,So theres this boy. Hes so cute. Hes got a six pack.  yum it was fun touchin it.,no emotion detected
1751784573,happiness,Smoking Maryjane is my favorite thing to do  speaking of ima name my daughter Maryjane Lakoda. Lakoda is mrijuana is latin&lt;3,no emotion detected
1751785484,worry,@BPDINOKC Thanks!,no emotion detected
1751786224,neutral,@larrioux Aha the mom super power - guilt,no emotion detected
1751818788,neutral,@PerezHilton if u want i can send you the naughty snaps taken during teh same shoot,no emotion detected
1751819987,happiness,@justinphillip. Awesome!  what kind?,no emotion detected
1751821018,neutral,@Aniluck,no emotion detected
1751851665,neutral,@louistm thanks to follow,no emotion detected
1751852823,neutral,frenchieb-day #frenchieb-day #frenchieb-day #frenchieb-day #frenchieb-day #frenchieb-day #frenchieb-day #frenchieb-day #frenchieb-day,no emotion detected
1751853723,worry,Just got in a fight and kicked out of the bar. At least I knocked him out. Have a fat lip though.  Pulled another number,no emotion detected
1751854432,fun,@Sarahbear9789 Haha thanks.,no emotion detected
1751885146,happiness,please check out www.mysweetebony.com and lmk what you think  ... my first paysite ... post up your site too!,no emotion detected
1751886733,relief,@DC_VulcanRaven thanks again,no emotion detected
1751919043,neutral,@devbanana nice! no idea about C++. try IBM's TTS works great IMO.,no emotion detected
1751955416,neutral,@mrskutcher yes he is hot. you all make the perfect pair. very sexy and stylish. Have a wonderful mothers day,no emotion detected
1751986435,surprise,"@MarijuanaDeals I have the best bestfriend in the whole world .. My Mother's Day present = ambien, klonopin and a quarter! woohoo!  smh...",no emotion detected
1751988258,sadness,@pageoneresults more seo voodoo  Google has your cache. NOARCHIVE only hides it from users.,no emotion detected
1751988262,neutral,"@darrala sorry again, I don't have a twitter ap on my phone, so I only text to it, I can only reply on the internet for now.",no emotion detected
1751988431,neutral,@homeworld http://is.gd/yiOj,no emotion detected
1751988883,sadness,@kimgoss i been saying that the past 2 weeks that i miss playing spades and drinkin chillin.. the good old days.. let me know baby,no emotion detected
1752018053,happiness,@jerwjr Thank you!  I'm working on @ddlovato's,no emotion detected
1752018602,happiness,"Ha, sure  hey, text me normal. 512 718 4879",no emotion detected
1752022045,love,@MzDeDaze you're welcome,no emotion detected
1752051764,worry,@stefangilbert thank you,no emotion detected
1752054962,neutral,orbits-gravity-moon-space exploration-galaxy-exoplanets-universe-life beyond earth-idea of Gods-religions-philosophy-morality,no emotion detected
1752086793,happiness,@dzaniff I was searching for interesting people on twitter then i found yours and the link of your blog was posted on your profile.,no emotion detected
1752087914,relief,@nmogha9 Thank you so much,no emotion detected
1752088802,neutral,@mrskutcher How do you include an uploaded photo with your tweet??  I'm new...thanks,no emotion detected
1752089942,happiness,@Jgurl804 thanks!!!,no emotion detected
1752123429,love,@myxletter good luck tomorrow,no emotion detected
1752124230,worry,http://bit.ly/T17fl  mary ann &amp; frances are gunna kill me,no emotion detected
1752124822,love,@NasKarGirl Thank you,no emotion detected
1752125141,happiness,@sharonhayes #twappy http://bit.ly/D9qVk,no emotion detected
1752125628,neutral,@Sapient OK. good to know.,no emotion detected
1752157644,neutral,@qclindalou Go log in to your myspace page.,no emotion detected
1752160370,happiness,"@Mj69Catz thanks  let me know which print from my gallery you would like, and we can work the details out",no emotion detected
1752160555,happiness,"Goodnight  PS- thanks for jailbreaking my iPod, stacie &lt;3",no emotion detected
1752191546,enthusiasm,gahh. my freaking lip ring is going to be the death of me. it never cooraperates with me. and im over it now jack haha;,no emotion detected
1752192622,neutral,@CandyCotonCrush,no emotion detected
1752192682,fun,@Chocolatito ahhh!! haha ... thanks for clarifying,no emotion detected
1752193650,neutral,@Flutechick728,no emotion detected
1752194457,happiness,Thanks Synn!,no emotion detected
1752224886,love,@Veronicahun i will do that..,no emotion detected
1752226449,surprise,@mahhsaayyy imagine i would say&quot;bitch!&quot; lol if i were ma d! haha but im not cuz ur cool,no emotion detected
1752227553,boredom,Listening to maylene and wondering why cant I pull off as many cool southern metal licks as them,no emotion detected
1752227647,happiness,craving a king sized snickers,no emotion detected
1752257876,neutral,"@Alonis lol &quot;guys in their wet suits&quot;, I should go to the beach and view girls in wet suits",no emotion detected
1752258476,love,@Lethaldread Awww my lovies! Yes I love it all.  And I'm totally finishing my buffalo sammich after a few hits off the new bongie. &lt;3,no emotion detected
1752286793,neutral,yard house too packed. Three people deep at bar.... went to pf changs....got right in,no emotion detected
1752287434,happiness,"@kellykleinwi okay, thanks!",no emotion detected
1752288086,happiness,@bunnyrenee thank you,no emotion detected
1752289657,neutral,@tldavidson thanks,no emotion detected
1752290581,love,@SherriEShepherd   you deserve so much better... hang in there good things come to those who wait!,no emotion detected
1752321191,neutral,@Bluewolf2072 thanks,no emotion detected
1752351384,love,@Quizman15 thanks joeman!,no emotion detected
1752351830,neutral,@TravisGarland make sure you call yur mother &amp; tell her how much you love her. Tell her I love her for bringin you into the world.,no emotion detected
1752352943,surprise,"@taytaystar when you come to me for plastic surgery, I hope you don't get in a car accident 6 days later",no emotion detected
1752353702,neutral,http://twitpic.com/4wgp2 - Bambi will eat you,no emotion detected
1752353956,worry,@JayLink_ I'll be glad to help in any way I can,no emotion detected
1752383332,neutral,Heart To Heart Mom To Mom Open Talk Mom  http://bit.ly/kn3Mp,no emotion detected
1752384224,neutral,round 2,no emotion detected
1752413202,neutral,@johncmayer any gear you don't use anymore and want to throw away?,no emotion detected
1752413217,sadness,@agentwill I didn't want to tell you but I think it's your body odour,no emotion detected
1752413905,happiness,"@beccamorte Oooh, neat!  Yes, SF has such good food.  Again, so jealous of all you SF people.",no emotion detected
1752414768,sadness,@Syreeta306 girl u sit ya double decker neck ass DOWN and talk about ppl who are on ur LEVEL and not above,no emotion detected
1752415764,neutral,@LaDyBuG21 Thanks,no emotion detected
1752443069,neutral,Thank you,no emotion detected
1752443578,love,@EMarketingGuru Thanks. Appreciate it.,no emotion detected
1752445021,love,yess! talking 2 a hott guy!  happy ass fuk!,no emotion detected
1752445403,hate,@whit3boy nah will didn't tell diego so we at some donminican spot getting fucked up,no emotion detected
1752445668,neutral,@thatjaymie I did,no emotion detected
1752473285,worry,@Nololos yeah  just told Stanley its the only time I want to slap girls icky bitches encoraging bad behavior,no emotion detected
1752473452,worry,@jphauk huh what the fuck? Smelly? Noooo. I love alex Vixon,no emotion detected
1752473562,relief,@Boomstone Thanks and Cheers back at you.,no emotion detected
1752473927,love,@dollg1974 thank you!,no emotion detected
1752474019,fun,"@bellesouth Thanks!  Your name strikes me every time I see it, as a friend of mine uses belofsouthie as her email",no emotion detected
1752475543,fun,&quot;I want you in my mouth and my butthole b!tch&quot; mm jeffree rawks,no emotion detected
1752476869,neutral,Link per my daughter  us.mobile.reuters.com/mobile/m/AnyArticle/p.rdt?URL=http://www.reuters.com/article/bigMoney/idUS1284981420090508,no emotion detected
1752504731,neutral,@mellonikan thank you,no emotion detected
1752505221,neutral,Got a sunburn from Coney Island bike ride,no emotion detected
1752505722,worry,My dad's drunk off his ass. Today was successful.,no emotion detected
1752532631,happiness,@meesabythewater thank you so much,no emotion detected
1752533086,worry,im gettin off nd watch a movie nd have a couple of drinks nd shots   ill try 2 get get back on if i can,no emotion detected
1752591645,empty,wants to increased my karma ~  http://plurk.com/p/suiva,no emotion detected
1752593042,neutral,@JonathanRKnight Thanks,no emotion detected
1752617040,happiness,@ishaka Thanks,no emotion detected
1752617752,worry,niggas got they eyes on me and i aint talkin bout da BM when i say i got 745 on me,no emotion detected
1752618521,worry,@DrMeredithGrey i think she'll pull through.,no emotion detected
1752618670,worry,@TinainMelbourne Will do,no emotion detected
1752619250,happiness,@duherica Thanks!,no emotion detected
1752619355,worry,"@niw Thought you should mention that you don't need to enable Growl in Tweetie to make your plugin work, and to avoid duped notifications",no emotion detected
1752620194,sadness,@hollywoodtv just a question.. are you guys liek famous or anything ? haha and MILEY FOLLOWED YOU LUCKKYY ! im so jealous,no emotion detected
1752643696,relief,Aim:iloveshawniedur,no emotion detected
1752645399,hate,Sam can go shoot her self.,no emotion detected
1752645623,love,@cubandoll you're welcome,no emotion detected
1752647137,neutral,@ousooner44 &quot;They&quot; being the husband or the girl?,no emotion detected
1752671512,sadness,My legs are so fucking sore. And my feet hurt to walk. Whataday,no emotion detected
1752675085,neutral,with @k0nartistt,no emotion detected
1752675125,neutral,@nemke  #stackeoverflow  http://bit.ly/13Nfk1,no emotion detected
1752675156,neutral,you've got to read it downwards for it to make sense.,no emotion detected
1752697743,enthusiasm,@amcknight30 thanks for following,no emotion detected
1752697857,fun,@Dropsofreign make a prank call for me,no emotion detected
1752697919,empty,@iamjonathancook,no emotion detected
1752699488,neutral,@auroraawakes That means you need to start.,no emotion detected
1752700779,neutral,@Mandixy ahaha thats okay and thanks,no emotion detected
1752723035,happiness,@3Magpies Thanks! and to you as well!,no emotion detected
1752723272,surprise,"Wow, my phone was blowing up with tweets all day. Now that I'm home, it's a ghost town! Guess I'll do some chores in my apt. &amp; go to bed.",no emotion detected
1752723813,relief,@icammodel thank you,no emotion detected
1752723843,neutral,@shaevvv,no emotion detected
1752726295,neutral,@laurentiaa then ill post it,no emotion detected
1752747191,neutral,jason! bend over so i can hit it from the back,no emotion detected
1752796171,empty,@gk2007 Yu th? trang nï¿½y xem  http://bit.ly/kMxHk (recommended by ),no emotion detected
1752799033,fun,"george lopez, bed, mommys day tomorrow ;)  i wish house was on Hugh Laurie, is sexay. sometimes i like way older guys.",no emotion detected
1752799190,neutral,"@laerwen I'll try that, thanks",no emotion detected
1752823647,neutral,@zanelle your welcome,no emotion detected
1752846842,neutral,11:11 I made a wish,no emotion detected
1752847740,empty,Watching jackass the movie  http://twitpic.com/4wlgi,no emotion detected
1752848575,neutral,Borat was so less gay  http://bit.ly/iZkab,no emotion detected
1752870704,worry,"@lynne08 okie,thanks ill check it out",no emotion detected
1752895170,relief,back home in palmdale. in bed with my mommy,no emotion detected
1752918296,relief,@bicegirl555 thanks!!,no emotion detected
1752918795,surprise,@bradiewebbstack hahaha my uncle does that coz my aunty is a whore who left her kids,no emotion detected
1752919433,love,happy mamas day to all the baby mamas... and the baby mamas mamas,no emotion detected
1752920087,neutral,@myprivatekeri  Thank you,no emotion detected
1752920165,empty,Please Review Sunehre Ad Placement  http://tinyurl.com/oow6mk,no emotion detected
1752920293,fun,@ThriftyMamaB for lack of having to go do my own hunt (lol) can you refresh my memory on which one is clue #2?,no emotion detected
1752963192,happiness,just had an orgasmic sandwich,no emotion detected
1752963201,love,"@Makaio8688 Will you uh, marry me?  haha just kidding. Kind of. You're hot though. Just so you know.",no emotion detected
1752963801,surprise,touchin the starss,no emotion detected
1752963919,neutral,@mrBallistic Right. But Iï¿½m a stickler for correct DPI export and color value  Iï¿½m going to dig in and find out if this is possible,no emotion detected
1752964199,relief,@Suzyqbee10 thank you very much!!!,no emotion detected
1752965304,happiness,Show gratitude when someone does something nice for you... A small &quot;Thanks&quot; goes a long way  ~ @Mike_Wesely   #twitip,no emotion detected
1752984457,neutral,@ztnewetnorb then i kill Bradies gf and have Bradie,no emotion detected
1752987171,neutral,@bbheaven,no emotion detected
1753007267,surprise,@FinIsKing thanx 4 thee follow,no emotion detected
1753007606,neutral,@NotetoShells yes it does,no emotion detected
1753008732,happiness,@jaimedr Thanks for the recommendation,no emotion detected
1753008958,love,feelin nice after this bottle of bacardi,no emotion detected
1753028776,surprise,add me up: http://profiles.friendster.com/americanidolislove  friendster.,no emotion detected
1753028982,fun,@janine_j9 Jess just posted some hawt pics on the board J ... u should check them out...,no emotion detected
1753030387,fun,"Look, everyone! I'm a bad boy! I'm ranked higher than Meghan McCain!  http://tinyurl.com/oj76mz",no emotion detected
1753030532,neutral,good afternoon.  http://plurk.com/p/suyev,no emotion detected
1753031678,relief,"@andrewkfromaz Thanks dear, I know this, but I appreciate the validation as always",no emotion detected
1753050065,neutral,@LuvinMeSomeD thanks :0 I will try,no emotion detected
1753050559,worry,"@ratherlargedog You should hate your gender less. Not all men are bad. In fact, I quite like mens.",no emotion detected
1753072357,hate,Fuckin padtron  con sheila.neil.gio.dex.wongo.poncho.bebo.ant.lulu&amp;therest of the niggasz,no emotion detected
1753073275,fun,"@David_Kaufer Well, I am crossing my fingers!  We have another year so, lots of hope in my heart! We will see! Thx! G'night!",no emotion detected
1753073642,neutral,"@stacyyuu your mom, actually",no emotion detected
1753095035,enthusiasm,@npyskater Thank you!,no emotion detected
1753097655,worry,@ MsRobynp  thank u for that,no emotion detected
1753115514,empty,@kevincriz http://twitpic.com/4wh5x - LUCKY! I'm so jealous even though I don't like her that much,no emotion detected
1753116754,sadness,"@teksone No, I'm in the US for the weekend not the UK",no emotion detected
1753117359,neutral,@LimeIce Ferns n petals (fnp.in) should help you accomplish that task,no emotion detected
1753137600,happiness,@nlouisem thanks!!,no emotion detected
1753137607,neutral,@gabemedina my problem is the other way around.  Except I have a loop hole.  Education = equivalent experience,no emotion detected
1753138011,happiness,@EmmaCL thanks,no emotion detected
1753138421,neutral,@MichelleZen you need to follow me so I could send you a direct message.,no emotion detected
1753138858,love,@waynemansfield thanks....,no emotion detected
1753155905,fun,Just got off the phone with lainey the love of my life  . . . Now im taken a crap,no emotion detected
1753156854,worry,I chopped a fringe in last night got tired of having it hang in my eyes. Made a mess,no emotion detected
1753158077,happiness,"@jen004 Nope, not &quot;done&quot; yet",no emotion detected
1753176210,neutral,"@ThePBG look, no matter the ethnicity, women are something else!  fellas, can I get an amen? *dueces*",no emotion detected
1753176291,relief,@dpfdpf probably something to do with FriendFeed,no emotion detected
1753177306,neutral,@TradingGoddess OK! Oops sorry,no emotion detected
1753178360,fun,that boy over there is something worth admiring,no emotion detected
1753217705,surprise,@megspptc Okay will work on that too but please remind me again,no emotion detected
1753218626,enthusiasm,"browsing thru adopting agencies, i'm gonna get some exotic kids",no emotion detected
1753219251,relief,@xoMusicLoverxo I'm using it in a story. I actually already wrote it but have to write the chapters before it.,no emotion detected
1753235506,neutral,"@paskalamonik If you know such agent, do let me know",no emotion detected
1753236356,neutral,@Wo0t nice suggestion  thanks,no emotion detected
1753253106,happiness,@djunity thanks!,no emotion detected
1753254334,neutral,Send me your Blog's RSS feeds I have a site that will republish and send traffic to your site...,no emotion detected
1753272574,neutral,and again http://twitpic.com/4wp8l,no emotion detected
1753274041,worry,i am a freshman in this site. how to update? help,no emotion detected
1753274705,worry,words to live by  ? http://blip.fm/~5z3ij,no emotion detected
1753275144,love,@shubhamsingal oh I am so sure they do get everything. They live their like celebrities,no emotion detected
1753292261,surprise,Just saw Star Trek with the boo.. Now off to bed! Never again will I go to a Vallejo theater. hAppy mOthErs dAy to all!! I love my mommy,no emotion detected
1753293435,relief,@kenakasoulstar thank you.,no emotion detected
1753293703,neutral,@darealTinaT thank u,no emotion detected
1753309767,neutral,thanx @MsLaurenLondon,no emotion detected
1753310026,enthusiasm,could do with some bacon and egss. mm,no emotion detected
1753310174,love,"@PerryMarshall  I was seeing only one side of it, but it looked interesting.  And deep.",no emotion detected
1753310430,fun,"Now, lets do funkey stuff, talking with magento, through xmlrpc with codeignite and output with amf (Zend) to flash",no emotion detected
1753311852,relief,@kgopal Ah! Thank you!,no emotion detected
1753312558,love,@kman_19 aw check out what i JUST posted http://eveinbangkok.blogspot.com  i really admire your mom. she's a strong woman. god bless her,no emotion detected
1753328452,worry,oops! ignore last post  meant to be a direct message!,no emotion detected
1753328808,worry,@_ahseya_ cool i want you to take a look at this and tell me what you think,no emotion detected
1753330069,worry,"@natzini Oh no, that's so annoying! I have the same problem - 14 thighs but 10-12 hips! I hope they catch up soon",no emotion detected
1753330914,worry,@victoria1810 im so fucking proud of you,no emotion detected
1753332170,neutral,@BruNYC okay dokay... coming up,no emotion detected
1753347376,neutral,@outlawontheedge If I may suggest: http://tr.im/kXkw,no emotion detected
1753348458,neutral,@Werecat1 good to know   thanks,no emotion detected
1753367478,worry,@JustinofG4P i hope you feel better,no emotion detected
1753367492,neutral,@pinksage &quot;Thank god you didn't go gay until after you had me...&quot;,no emotion detected
1753367509,happiness,@krystynchong that's part of what I've been working on...use the AppStore on the phone  - there's a whole other piece of the puzzle,no emotion detected
1753380960,love,@itsAnnaFriel Hey Anna.I bet you look so cute when ur blushing,no emotion detected
1753382304,surprise,"@MelanieFinance thanks, I found it already",no emotion detected
1753383476,love,@meanpower si de cand ai twtad?,no emotion detected
1753384010,happiness,@lostintheforest thanks!  Remember the SAE for the we make stuff too,no emotion detected
1753384838,neutral,"@Shouq So you have to call the Customer Care .. or try to enter any wrong pw and see the result , is it &quot;invalid user name or password&quot; ?",no emotion detected
1753398558,sadness,@Curren$y_Spitta Was caught in traffic around the Howlin Wolf for about 30mins. I was wondering WTH was going on.....musta been nice!,no emotion detected
1753399305,worry,About to make shit happen  *Pu+ !+ 0n M3*,no emotion detected
1753400934,neutral,@nataschaartworx Thanks,no emotion detected
1753401579,neutral,"@curioustwibbit Makes sense, I'd totally show off a girlfriend by asking her to wear her high school prom dress",no emotion detected
1753415376,empty,@petrilude &quot;Shaking My Fucking Head&quot; or &quot;So Much Fucking Homework&quot; according to Urban dictionary,no emotion detected
1753415392,neutral,I feel I owe it to @tinaarena to listen to her new albums (everything released after 'Chains') since she was nice to me on Twitter!!,no emotion detected
1753416827,neutral,"Oh, these are all from www.overheardinlondon.co.uk The others were from the New York version.",no emotion detected
1753433120,surprise,@mwakeham oh ok cool will get back to you on that,no emotion detected
1753434732,sadness,@yiannis_k good question  could they?,no emotion detected
1753434957,neutral,@joshtastic1 thanks for trying,no emotion detected
1753453015,happiness,@chearn73 thank you  make sure u read the groups description to better understand this project,no emotion detected
1753468646,worry,@pamjob Thanks,no emotion detected
1753468651,fun,"Star Trek is awesome!! Kirk is hot, Spock is cool. It's fun, cool and sexy. Definitely worth seeing. I saw it at the Cinerama.",no emotion detected
1753468792,relief,@boelzebub automated porn-downloader would have to know which porn you like. youporn has this new recommendation feature,no emotion detected
1753469111,neutral,@mozy19  thanks!,no emotion detected
1753481786,neutral,@ExtremeAnnette ok  thank you,no emotion detected
1753481876,surprise,Join the biggest and bestest group on facebook  http://bit.ly/cDrbt,no emotion detected
1753482292,happiness,@MichelleCorydon Thanks!,no emotion detected
1753483141,happiness,@halden2714 Thank you!,no emotion detected
1753483167,enthusiasm,"got in a fist fight with a old biker guy.......and how dare you even ask, yes i kicked his ass",no emotion detected
1753485123,relief,Everything is better with a bag of weed,no emotion detected
1753500069,sadness,... sorry GPGMail,no emotion detected
1753500505,happiness,"Dear journal, i had sex with earl tonight. It was the most amazing thirty seconds of my life!",no emotion detected
1753501811,worry,@leelougheed no deal I want it as well as my netbook and iPhone please,no emotion detected
1753518337,relief,@DanWarp http://twitpic.com/4so0u - OOO i wish i was her  he's hot,no emotion detected
1753518494,surprise,@AnOldMasterJukz You're welcome,no emotion detected
1753534399,neutral,http://bit.ly/qiPUU  Jon 4 Lakers Video Blackberry,no emotion detected
1753548883,neutral,@chhophyel That's not how we share links on Twitter  Yours is http://bit.ly/QljYb and you can view your stats at http://bit.ly/info/QljYb,no emotion detected
1753549048,neutral,@mohdismail saya yg reply,no emotion detected
1753552011,enthusiasm,"@LimeIce Err, I get that  Now, with the TimThumb, what's with the url?",no emotion detected
1753552175,neutral,@Noufah make it full girl 120%,no emotion detected
1753582778,worry,Take antibacterial to school to clean your hands when you cant go the loos,no emotion detected
1753585270,neutral,@shantl Thank you!,no emotion detected
1753598709,happiness,"somebody smuggle me to sydney, i'll be your slave for eternity",no emotion detected
1753601963,happiness,@f_nadzirah thanks!,no emotion detected
1753616092,neutral,Come See Me Live On Stickam  http://www.stickam.com/valentine_rock,no emotion detected
1753617449,surprise,"@simonpeggster Hi Simon, I'm new to this too - but just thought I'd tell you Jimmy Carr has tweeted that you make the Star Trek movie.",no emotion detected
1753618192,neutral,http://bit.ly/5pBLz  for McCoy's initial rant.,no emotion detected
1753631099,neutral,@shaundiviney i already do,no emotion detected
1753631172,fun,"Justin Timberlake, How You can easily become a reiki master?  at http://tinyurl.com/reiki88",no emotion detected
1753631178,happiness,@wp101 Cheers! will do,no emotion detected
1753632191,worry,"@BrianMcnugget are you getting my messages or do you have to add me to recieve them, soz I'm new to this",no emotion detected
1753633788,empty,"@aditya Easy. Put on a mask. Hack. Even though the cameras record you, no one can do jackshit",no emotion detected
1753648500,neutral,@sid88 Also @unitechy,no emotion detected
1753650191,happiness,@SarahJacinta Thanks!,no emotion detected
1753662439,love,@mikealeonetti Thank you!,no emotion detected
1753679101,worry,@squaringkarma thanks,no emotion detected
1753679110,neutral,@kawehdashti ahh..nice idea..but I'm already done! Thank u!,no emotion detected
1753679978,happiness,@ruthieor THANKS!,no emotion detected
1753680326,love,@PerezHilton you look smashing darling  is trent reznor really getting married i just want to rip out mariqueen's fake boob's -_-,no emotion detected
1753680565,worry,@F1TailPipe_com Thanks,no emotion detected
1753681183,worry,@LLC1983 Thanks,no emotion detected
1753694151,relief,@kjarrett Thanks for tweeting a very useful set of refs - I'm in the middle of adding them to a chapter I'm editing,no emotion detected
1753694383,neutral,@Britt_Uh_Knee,no emotion detected
1753695691,hate,watching M eat a hotdog...gross.. he's so drunk and annoying.. trying really hard not to glre @ him,no emotion detected
1753712371,relief,@skdev I left that for people to complete,no emotion detected
1753712824,neutral,http://bit.ly/s7hQe   Translate XMind to your language.,no emotion detected
1753713879,worry,Feeling the effects of the party last night. Drank far too much. 2 chicken burgers and one lamb burger. I did dance a fair bit tho.,no emotion detected
1753726708,neutral,"Well, for java atleast  Im still working on my php solution",no emotion detected
1753727872,neutral,@tommk tell your friends to tie you to the railing. I expect a tweet tomorrow about headaches and feeling tired,no emotion detected
1753728173,neutral,@theroundup I'll be sure to,no emotion detected
1753729123,empty,@arjbarker A+ for effort though  http://bit.ly/Mco5v,no emotion detected
1753742818,worry,"Just got back from AC. Why am I not freaking out of the midyr exam ? :o HAPPY MOTHER'S DAY, MUMMY",no emotion detected
1753744289,neutral,http://ping.fm/2UrGP (MPAA shows how to videorecord a TV)    via @Despil,no emotion detected
1753744753,hate,@sh1mmer ) I can relate to the frustration.I ruined my wp blog many times during updates.They warn you a few times.&quot;back the ^$!@# up&quot;,no emotion detected
1753744974,worry,Has got to go to work with a slight hangover gd nite thou,no emotion detected
1753745160,neutral,"@jishanvn yï¿½n tï¿½m, sang n?m s? th?y ti?t m?c Tr?n tinh twitter tr? l?i Lï¿½ Thï¿½ng , Th?ch Sanh nh? lï¿½m quiz mï¿½ c??i ???c cï¿½ng chï¿½a",no emotion detected
1753756896,neutral,@courtpet hmmm no but I am member of knitterati.com.au what is ravelry offer?,no emotion detected
1753757183,happiness,@rudedoodle thankyou,no emotion detected
1753757880,happiness,@itsonlywords You're welcome!,no emotion detected
1753760131,neutral,"@marshawrites Yes, you should write an article.",no emotion detected
1753772814,worry,@twilightgossip I hope you feel better soon,no emotion detected
1753775161,relief,@simonemaynard thank you,no emotion detected
1753775567,neutral,@hmigroupllc,no emotion detected
1753788255,happiness,@hollymcombsbr somehow i cant reply to your message LOL and yes i know  Thank youuu,no emotion detected
1753788401,worry,@TheRealJayRome heya thanks for accepting the add,no emotion detected
1753789805,neutral,@LJRICH hello - as requested,no emotion detected
1753791027,worry,@originalgabriel Sure thing!,no emotion detected
1753803964,worry,@drewryanscott then u should went to vegas like u did last year  I think this was around the time u killed that animal with ur old car LOL,no emotion detected
1753804259,neutral,@maryk3lly sure i willl ....,no emotion detected
1753804396,hate,Hockey was so fukinï¿½ good  Fuck you hole! xD,no emotion detected
1753805688,neutral,@esmeeworld thanks,no emotion detected
1753805738,happiness,Always thinking about to look for a good place to appericiate everyone who supports me on every site I joined,no emotion detected
1753807001,love,@verflucht Thanks,no emotion detected
1753820231,neutral,alright @brainerdbaptist. let's do this,no emotion detected
1753820348,happiness,@Fooddesigner good luck in the pressure test! don't worry everything will be great  #masterchef,no emotion detected
1753821752,happiness,?ang cho con hamster m?p t?p th? d?c b?ng cï¿½ch: b? vï¿½o banh ch?y lï¿½ng vï¿½ng trong phï¿½ng,no emotion detected
1753822222,happiness,@solkana I want to see &quot;Too Fast to Transport in 60 seconds&quot;,no emotion detected
1753822702,surprise,"@Brandesme No this is not redirects, this is just updating posts on our website massage.dk .. next item =&gt; publish, next item =&gt; pulish",no emotion detected
1753823244,worry,"@errolbeats - no, @hamsterfurrey is buttfuck stupid. I'm just silly and forgetful",no emotion detected
1753836535,empty,@Catwoman123 Something like that,no emotion detected
1753837146,neutral,@ashleyluvsjbvfc LOL how many stalkers today?you just love getting creepy stalkers,no emotion detected
1753837782,empty,"@NukeSpoon precisely.  The more followers you have, the more important you feel  http://twitter.pbworks.com/Hashtags explains a bit more.",no emotion detected
1753838785,sadness,OOPS I meant 9412tr sorry lol,no emotion detected
1753839346,love,@Mariment @macangel @VisionaryEyes Thanks so much!,no emotion detected
1753839439,surprise,@andistancu Un mesaj de eroare: ForbiddenYou don't have permission to access /photo/3180758.jpg on this server. Am ghicit?,no emotion detected
1753853394,happiness,@Jae878 aha thanks Jae,no emotion detected
1753854867,neutral,@nomaditation  oo? u?op ?p?sdn ??d?? ss???sn s??? u?????? ???? ? 'p??? o? p??? ?no? ?u?u?n? ?q ?o?p? u? ?o ??o? ???? ?oo? o? ???? o? ?sn?,no emotion detected
1753854917,love,im an avid fan of playboy magazine and i love your magazines,no emotion detected
1753868842,happiness,"@joechacko thx! i became IBM Master Inventor in 2008. really enjoyed your blog, particularly with the vegan tag",no emotion detected
1753870555,empty,@sloanyxxx Thanks,no emotion detected
1753870560,worry,but I keep updating.,no emotion detected
1753884453,fun,@mneylon I'm doing an experiement,no emotion detected
1753885562,neutral,@Rove1974 tell pete he looks sexy with a beard.,no emotion detected
1753887073,worry,@wendy_fred6 *shivers with fear*,no emotion detected
1753887284,worry,thinking about recent job opportunities and hoping to get one! and gettng ready for church,no emotion detected
1753902379,neutral,cook ; do you wanna measure my dick? its daddy-size.,no emotion detected
1753902622,worry,It takes nearly 2 days to figure out what causes the mic problems at #euruko: Do not hold the mic at the bottom!,no emotion detected
1753904502,love,"Anyone knows a site like the Swedish site &quot;sl.se&quot; or the great useful &quot;www.tfl.gov.uk&quot;, but for Liverpool?",no emotion detected
1753918846,neutral,@lovelylisaj can you give me the link for the kimba diaries please?,no emotion detected
