"paragrapg_id","content","sentiment"
"1","The rain poured relentlessly, drumming against the windows as the once bustling streets turned desolate. She sat by the window, staring out at the grey world, her heart heavy with memories of what used to be. The silence in the house was deafening, punctuated only by the occasional creak of old wood.","sadness"
"2","The crowd erupted into cheers as the final seconds of the game ticked away.. Their team had done the impossible, securing victory against all odds. People were hugging strangers, laughing, and dancing in sheer joy. The energy in the stadium was infectious, a celebration for the ages.","enthusiasm"
"3","He walked through the familiar park, his mind wandering aimlessly. The chirping of birds and rustling of leaves were soothing but evoked no particular response. Everything felt the same, neither joyful nor upsetting, just... there.","neutral"
"4","The deadline was looming closer, and the pile of work on her desk didn’t seem to shrink. She tapped her pen anxiously, glancing at the clock every few minutes. Thoughts of failure raced through her mind as she struggled to focus.","worry"
"5","As she opened the gift box, her eyes widened in disbelief. Inside was the pendant she had always wanted but never expected to receive. Her face lit up with pure, uncontainable delight as she hugged the giver tightly.","surprise"
"6","They sat together on the bench, their hands entwined under the soft glow of the sunset. Words were unnecessary; the warmth in their hearts and the quiet understanding between them said it all. It was a moment of pure connection and affection.","love"
"7","Laughter echoed through the room as jokes and stories were exchanged. The group couldn’t stop chuckling at the hilarious mishaps that had happened on their trip. It was a moment of unfiltered joy and shared camaraderie.","fun"
"8","Her voice rose sharply, each word laced with venom. Years of resentment and misunderstandings had boiled over into a fiery argument. She clenched her fists, her face flushed with frustration and anger.","anger"
"9","After weeks of waiting, the email finally arrived. With trembling hands, he opened it, and relief washed over him as he read the first line: 'Congratulations, you’ve been accepted!' All the tension and worry disappeared in an instant.","relief"
"10","The movie dragged on, with scenes that seemed to repeat themselves endlessly. He glanced at his watch for the tenth time, stifling a yawn. The lack of excitement left him longing for something, anything, to break the monotony.","boredom"
"11","The old photograph lay on the table, edges worn and colors faded. It was the only thing left of the happy days she once knew. Tears welled up in her eyes as she traced the faces in the image, longing for what was lost.","sadness"
"12","He wandered through the empty house, the echoes of laughter now replaced with deafening silence. Every corner held a memory, a reminder of the family that was no longer there.","sadness"
"13","The sound of the final goodbye still echoed in his mind as he sat by the window, staring blankly at the rain. He couldn’t shake the ache in his chest that seemed to grow heavier with each passing minute.","sadness"
"14","Her childhood home was now a pile of rubble, torn down to make room for something new. She stood in the vacant lot, holding onto memories that felt like they were slipping away.","sadness"
"15","The melody from the piano was soft and haunting, each note bringing back a flood of memories. She closed her eyes, letting the music transport her to a time when things were simpler and happiness felt within reach.","sadness"
"16","The letter she found in the attic was filled with words of regret and sorrow. It was too late to respond, too late to make amends. She held it tightly, wishing for a chance to turn back time.","sadness"
"17","The playground was empty now, the laughter of children replaced by an eerie stillness. She sat on the swing, remembering the days when life felt full of joy and possibility.","sadness"
"18","The wilted flowers on the table were a stark reminder of how fleeting everything seemed. She stared at them, feeling the weight of time and the loss of someone who used to brighten her world.","sadness"
"19","The farewell party was supposed to be a celebration, but all she could feel was an overwhelming sense of loss. Each hug goodbye was like another piece of her heart being taken away.","sadness"
"20","He reread the message over and over, trying to make sense of it. The words 'I’m sorry, but I can’t do this anymore' felt like a dagger, leaving him hollow and unsure of what came next.","sadness"
"21","The empty chair at the dinner table was a constant reminder of his absence. She tried to keep up appearances for the others, but the void he left behind was impossible to ignore.","sadness"
"22","Walking past the store they used to visit together, her chest tightened. The memories of their shared laughter and silly arguments were now bittersweet ghosts haunting her thoughts.","sadness"
"23","The final note of the song lingered in the air, and she couldn’t help but cry. It had been their song, a melody that once brought them joy, now only bringing pain.","sadness"
"24","The dog waited faithfully by the door, unaware that his owner would never return. The loyalty and longing in his eyes mirrored her own feelings of grief.","sadness"
"25","The diary entries were filled with dreams and plans for a future that never came. She closed the book gently, mourning not just the person but the life they never got to live.","sadness"
"26","The cracked picture frame on the mantle still held their family portrait. She ran her fingers over the glass, remembering the days when the smiles in the photo were real and life felt whole.","sadness"
"27","The funeral was over, but the emptiness lingered. She sat on the steps of the church, staring into the distance, feeling like she’d never fully heal from the loss.","sadness"
"28","His voice broke as he tried to finish the speech, but the words wouldn’t come. Standing before a room full of mourners, the reality of the loss hit him harder than ever.","sadness"
"29","She found the old sweater in the back of the closet, its familiar scent still faintly clinging to the fabric. Holding it close, she felt both comfort and sorrow in equal measure.","sadness"
"30","The abandoned house stood as a monument to forgotten memories. As she walked through the empty rooms, the echoes of the past filled her heart with an aching sadness.","sadness"
"31","He sat in the middle of the bustling café, the sounds of chatter and clinking cups fading into a dull hum. The coffee in front of him had gone cold, untouched, as he stared blankly at the wall.","empty"
"32","The city lights sparkled below, but to her, they felt distant and meaningless. She stood on the balcony, her mind devoid of thoughts or feelings, just existing in the moment.","empty"
"33","The long stretches of highway rolled past his car window. With the radio off and no destination in mind, he felt like he was moving but going nowhere at the same time.","empty"
"34","The hotel room was pristine, yet utterly lifeless. The plain white sheets and muted decor mirrored how she felt inside—blank, without purpose or color.","empty"
"35","He flipped through the channels aimlessly, not really watching anything. The noise filled the room, but it didn’t fill the void inside him.","empty"
"36","The office was silent after hours, the faint hum of the lights the only sound. He sat at his desk, staring at the blank computer screen, unsure of what he was waiting for.","empty"
"37","The beach was deserted, and the waves lapped at the shore rhythmically. She wandered along the sand, her footprints the only trace of her presence, feeling utterly disconnected from the world.","empty"
"38","The house was perfectly organized, but there was no life within it. Every corner was neat, but it only emphasized the hollowness she felt as she walked through it.","empty"
"39","He looked at his reflection in the mirror, but it felt like he was staring at a stranger. The face looking back at him seemed unfamiliar, devoid of any spark or recognition.","empty"
"40","The clock on the wall ticked away the seconds in the empty room. He lay on the couch, staring at the ceiling, feeling neither tired nor awake, just existing.","empty"
"41","The sun rose, casting golden light through the window, but it didn’t stir him. He sat motionless, watching the day begin without feeling a single spark of motivation or interest.","empty"
"42","She wandered through the aisles of the grocery store, her cart half-filled with random items. There was no list, no plan, and no thought behind her movements.","empty"
"43","The familiar park felt alien as he walked its paths. The trees, the benches, the sounds of children playing—all seemed distant, like a backdrop he couldn’t connect with.","empty"
"44","The dinner was over, and the guests had left. She stood in the quiet dining room, staring at the remnants of the evening, feeling nothing but an aching void.","empty"
"45","His phone buzzed on the table, another notification lighting up the screen. He glanced at it briefly, then looked away, too detached to even read the message.","empty"
"46","The library was silent except for the occasional rustling of pages. He sat among the rows of books, surrounded by stories, but felt utterly uninspired to open even one.","empty"
"47","She stared out of the train window, the scenery passing by in a blur. The movement felt mechanical, as if she were a passenger in her own life.","empty"
"48","The hallway echoed with the sound of her footsteps, but it felt endless and unchanging. Each step was just another meaningless motion in the void of her thoughts.","empty"
"49","The new apartment was pristine and well-furnished, but it didn’t feel like home. She sat on the couch, surrounded by beautiful things, feeling hollow inside.","empty"
"50","The calendar on the wall marked the passage of days, but each one felt identical to the last. He crossed another date off, wondering why it even mattered anymore.","empty"
"51","As the plane ascended, she pressed her face to the window, marveling at the clouds below. This was her first solo trip, and the thrill of adventure coursed through her veins.","enthusiasm"
"61","The notification popped up: 'Congratulations, you’ve won!' She jumped out of her chair, already imagining what she would do with her prize and sharing the news with her friends.","enthusiasm"
"62","The race was about to begin, and he tightened his shoelaces with a grin. The months of training had led to this moment, and the excitement of the challenge made his heart race.","enthusiasm"
"63","The curtains rose, revealing the cast on stage. The audience erupted in applause, and she felt a rush of adrenaline as she prepared to deliver her first line.","enthusiasm"
"64","They gathered around the new board game, eagerly reading the rules. Each player was brimming with anticipation, ready to strategize and claim victory.","enthusiasm"
"65","The startup pitch event was in full swing, and he stepped on stage with a confident smile. Sharing his vision with potential investors was a dream come true.","enthusiasm"
"66","The delivery truck pulled up, and the kids rushed to the driveway. The sight of their new trampoline being unloaded brought squeals of delight and endless plans for jumping fun.","enthusiasm"
"67","The concert tickets arrived in the mail, and she held them up triumphantly. Months of waiting were finally over, and she couldn’t wait to see her favorite band live.","enthusiasm"
"68","He clicked 'submit' on his application, his mind racing with possibilities. The thought of getting into his dream university filled him with excitement and hope.","enthusiasm"
"69","Her name was announced as the winner of the contest, and she couldn’t stop smiling. Holding the trophy in her hands, she felt an overwhelming sense of pride and exhilaration.","enthusiasm"
"70","The group huddled around the campfire, planning tomorrow’s hiking route. The idea of exploring uncharted trails filled them with energy and enthusiasm for the adventure ahead.","enthusiasm"
"71","The toddler’s first steps were met with cheers and applause from his parents. His beaming smile lit up the room as he wobbled forward, proud of his tiny accomplishment.","happiness"
"72","The reunion was filled with hugs and laughter as old friends caught up after years apart. The joy of being together again made the time melt away.","happiness"
"73","Her cake was a masterpiece, and when her guests took the first bite and exclaimed in delight, her heart swelled with pride and happiness.","happiness"
"74","The warm summer breeze carried the scent of fresh flowers as the couple strolled hand in hand, their faces glowing with contentment and love.","happiness"
"75","The moment he crossed the finish line, a wave of elation washed over him. All his hard work had paid off, and the cheering crowd only amplified his joy.","happiness"
"76","The puppy curled up on her lap, its tiny body radiating warmth. She couldn’t stop smiling as she stroked its soft fur and felt an overwhelming sense of peace.","happiness"
"77","The surprise party was a complete success. As she walked into the room and saw all her friends and family, her face lit up with pure, unfiltered joy.","happiness"
"78","The promotion came with a raise and new responsibilities. He walked out of the office grinning ear to ear, eager to celebrate with his loved ones.","happiness"
"79","The choir’s final note resonated beautifully, and the audience gave a standing ovation. She felt a rush of pride and happiness as she bowed with her fellow singers.","happiness"
"80","The sight of snowflakes falling outside brought a smile to her face. She grabbed her coat and ran out to join her kids in making snow angels and throwing snowballs.","happiness"
"81","The letter arrived with the words 'You are invited!' in bold at the top. Her heart leapt as she realized her dream of attending the event was coming true.","happiness"
"82","The sound of waves crashing and the feel of sand under her feet brought an undeniable sense of calm and happiness. She closed her eyes, soaking in the moment.","happiness"
"83","The festival was alive with colors, music, and laughter. She danced under the lanterns, the joy of the moment shining on her face.","happiness"
"84","When her baby said 'Mama' for the first time, her eyes filled with tears of joy. It was a moment she would treasure forever.","happiness"
"85","He opened the box to find the watch he had been eyeing for months. His friends’ thoughtfulness made him smile brighter than he had in weeks.","happiness"
"86","The classroom erupted in cheers when the teacher announced an impromptu movie day. The students clapped and laughed, thrilled at the unexpected treat.","happiness"
"87","She stepped off the plane and was greeted by her sister, who she hadn’t seen in years. The embrace they shared was filled with pure, radiant joy.","happiness"
"88","Their voices harmonized perfectly during the duet, and the applause they received after filled them with an unmatched sense of accomplishment and happiness.","happiness"
"89","The smell of fresh cookies wafted through the kitchen. She grinned as she watched her kids eagerly sneak a bite, their giggles filling the air.","happiness"
"90","The clear blue skies and the sound of laughter made the picnic perfect. Surrounded by loved ones, she couldn’t imagine being any happier.","happiness"
"91","The little girl squealed in delight as the carousel began to turn. The colorful lights and cheerful music filled her heart with pure happiness.","happiness"
"92","He watched the sunrise over the mountains, the sky painted in breathtaking hues of orange and pink. In that quiet moment, he felt nothing but peace and joy.","happiness"
"93","When she walked across the stage to receive her diploma, the proud smiles of her family in the audience made the moment even sweeter.","happiness"
"94","The long-awaited family road trip had begun. The kids were singing along to their favorite songs, and the air was filled with laughter and excitement.","happiness"
"95","The ice cream truck pulled up to the curb, and the neighborhood kids ran out with grins on their faces, eager to pick their favorite treats.","happiness"
"96","As he strummed his guitar, the crowd began to sing along. The shared moment of music and connection brought a radiant smile to his face.","happiness"
"97","The first bloom of her garden brought tears to her eyes. Months of care and patience had finally resulted in vibrant, beautiful flowers.","happiness"
"98","The adoption papers were finalized, and as she held her child for the first time, her heart overflowed with an indescribable joy.","happiness"
"99","They found the perfect picnic spot under a shady tree by the lake. The laughter and delicious food made it a day to remember.","happiness"
"100","His heart raced as he opened the envelope, revealing the acceptance letter to his dream university. He immediately called his parents to share the incredible news.","happiness"
"101","The crowd erupted into cheers as the home team scored the winning goal. The energy in the stadium was electric, and he couldn’t stop smiling.","happiness"
"102","She clicked 'play' on her favorite childhood movie and felt a wave of nostalgia and joy wash over her as the familiar scenes unfolded.","happiness"
"103","The birthday cake was perfect, and when he blew out the candles surrounded by friends and family, his wish already felt like it had come true.","happiness"
"104","The weekend getaway to the cozy cabin was just what they needed. Sitting by the fireplace with hot cocoa and good company brought a simple, warm happiness.","happiness"
"105","The baby giggled uncontrollably as he played peek-a-boo. The sound was infectious, spreading smiles to everyone in the room.","happiness"
"106","The promotion announcement came as a surprise, but the cheers from his colleagues and the pride in his boss’s voice made him feel truly appreciated.","happiness"
"107","She received a hand-written letter from her best friend, filled with kind words and memories. It was a small gesture that brought a big smile to her face.","happiness"
"108","The newlyweds couldn’t stop laughing as they danced their first dance. The love and joy they shared was evident to everyone in the room.","happiness"
"109","The camping trip under a sky full of stars felt magical. Sharing stories and marshmallows by the fire was a memory they’d cherish forever.","happiness"
"110","She saw her art piece displayed in the gallery for the first time. The admiration from strangers filled her with a deep sense of fulfillment and happiness.","happiness"
"111","The unfair decision made his blood boil. He clenched his fists as he thought about how hard he had worked, only for someone else to take the credit.","anger"
"112","She slammed the door behind her, the argument still echoing in her ears. Her frustration grew as she replayed his harsh words in her mind.","anger"
"113","The car behind honked incessantly, even though the traffic wasn’t moving. He gritted his teeth, gripping the steering wheel tightly as irritation flared.","anger"
"114","The email from her boss, filled with unnecessary criticism, sent her into a rage. She had done everything right, but nothing was ever good enough.","anger"
"115","The customer at the counter was yelling at the cashier over a small mistake. Watching the scene unfold made her furious at the unwarranted cruelty.","anger"
"116","He stared at the shattered vase on the floor, anger bubbling up at the careless way his roommate treated his belongings.","anger"
"117","The politician’s dismissive comment during the interview ignited a wave of anger. It was as if the concerns of the people didn’t matter.","anger"
"118","The child’s blatant lie left her fuming. She had given multiple chances, but this time, the broken trust hurt more than anything else.","anger"
"119","The coworker interrupted her again during the meeting, and her patience snapped. She had stayed quiet before, but this time she wouldn’t let it slide.","anger"
"120","His account was overcharged again, despite repeated complaints. The call to customer service only made him angrier when they refused to fix the issue.","anger"
"121","The online troll's cruel comment about her art sparked an immediate anger. She had poured her heart into her work, and the unnecessary insult felt deeply personal.","anger"
"122","The landlord raised the rent without any warning, leaving him seething. It felt like an unfair blow just when he was trying to save money.","anger"
"123","The restaurant messed up her order for the third time, and she finally lost her temper, demanding to speak with the manager.","anger"
"124","The unfair referee decision in the final minutes of the game made the players and fans erupt in anger. It was a call that could have cost them the championship.","anger"
"125","Her coworker took credit for her idea during the presentation, and she had to bite back the urge to confront him in front of everyone.","anger"
"126","The news of the company laying off employees without notice spread like wildfire. His anger grew as he realized how little they valued their workers.","anger"
"127","The endless line at the DMV tested her patience, but it was the rude clerk’s dismissive attitude that truly infuriated her.","anger"
"128","The constant barking of the neighbor’s dog in the middle of the night was the last straw. He was ready to march over and demand they do something.","anger"
"129","The video of someone vandalizing the park enraged her. It was a place the community loved, and the lack of respect made her furious.","anger"
"130","When she found out that her supposed friend had been gossiping about her, the betrayal filled her with a simmering anger she couldn’t ignore.","anger"
"131","The meeting dragged on endlessly, with slides full of irrelevant details. She stared blankly at the screen, wondering how much longer it could possibly last.","boredom"
"132","He flipped through the TV channels, finding nothing but reruns and dull news. The lack of anything interesting left him sighing heavily.","boredom"
"133","The heavy rain trapped her indoors, and after scrolling through her phone for the tenth time, she flopped onto the couch, utterly bored.","boredom"
"134","The lecturer’s monotone voice combined with the dimly lit room was a perfect recipe for her mind to wander. She doodled aimlessly in her notebook, struggling to stay awake.","boredom"
"135","The kids sat in the backseat, repeatedly asking, 'Are we there yet?' The long, uneventful drive stretched on with no end in sight.","boredom"
"136","He stared at the ceiling fan, its slow, repetitive rotation mirroring the dullness of his afternoon. There wasn’t a single interesting thing to do.","boredom"
"137","The game night had turned into a tedious debate about rules. She yawned, longing for something more exciting to do.","boredom"
"138","The same playlist played over and over on her commute, and the monotonous scenery outside the window did nothing to hold her attention.","boredom"
"139","The family gathering turned into a series of polite but uninteresting conversations. He nodded occasionally, pretending to listen while checking the time repeatedly.","boredom"
"140","The office’s printer jammed for the third time that day, and the long wait in the line to fix it only deepened his sense of frustration and boredom.","boredom"
"141","The repetitive instructions in the tutorial felt like a waste of time. She had to pause often, already knowing what was coming next.","boredom"
"142","The movie’s slow plot and lack of engaging characters made her glance at her watch repeatedly. She debated whether to leave early or endure the rest.","boredom"
"143","The empty mall corridors were eerily quiet, with most stores closed for renovation. He wandered aimlessly, regretting his decision to come.","boredom"
"144","The sound of the clock ticking grew louder in the otherwise silent room. With nothing to do, the minutes felt like hours.","boredom"
"145","Her friend insisted on explaining the rules of the game for the fifth time. She nodded absentmindedly, barely hiding her disinterest.","boredom"
"146","The class was given busywork that felt pointless. She tapped her pen against the desk, wishing for something more engaging to fill the time.","boredom"
"147","The park was empty, and the overcast sky matched her mood. She sat on the bench, scrolling through old photos just to pass the time.","boredom"
"148","The endless hold music on the customer service line grated on his nerves. He shifted in his seat, wishing for anything else to do.","boredom"
"149","Her friends were all busy, and the weekend stretched out before her with no plans. Even the idea of watching another series felt tiresome.","boredom"
"150","He shuffled through his notes, none of which sparked any interest. The monotonous task of organizing them felt like an eternity.","boredom"
"151","She glanced at her phone again, waiting for a call that hadn’t come. Her mind raced with worst-case scenarios, imagining every possible reason for the silence.","worry"
"152","The upcoming exam haunted his thoughts, despite his hours of preparation. He replayed the material in his mind, still unsure if he’d studied enough.","worry"
"153","The storm clouds gathered ominously as she hurried to close the windows. She couldn’t shake the thought of what the weather report had warned about.","worry"
"154","The doctor’s vague expression after the test results left him unsettled. He couldn’t help but think of all the things that could be wrong.","worry"
"155","The deadline was fast approaching, and the stack of unfinished paperwork stared back at her. She tapped her pen anxiously, unsure where to begin.","worry"
"156","The eerie quiet in the house made her uneasy. Her heart raced with every creak, imagining something lurking in the shadows.","worry"
"157","Her child’s sudden cough filled her with dread. Thoughts of illness or something worse swirled in her mind as she called the doctor’s office.","worry"
"158","The email had been sent hours ago, but there was no response. His boss’s silence made him question if he’d said something wrong.","worry"
"159","The flashing warning light on her dashboard made her grip the wheel tightly. She dreaded the thought of an expensive repair she couldn’t afford.","worry"
"160","The missed curfew was unlike him, and every minute that passed made her worry more. She checked her phone constantly, hoping for a reassuring message.","worry"
"161","The barking dog outside grew louder as footsteps approached. Alone in the house, he felt his pulse quicken, imagining an unwanted visitor.","worry"
"162","Her hands shook as she checked her bank balance again. The numbers didn’t add up, and she couldn’t stop worrying about how to make ends meet.","worry"
"163","He reread the job application for the third time, agonizing over every word. What if he had missed a detail that would ruin his chances?","worry"
"164","The power flickered during the storm, and her thoughts turned to the freezer full of food. She worried about losing everything if the outage lasted too long.","worry"
"165","The sudden argument replayed in her mind as she paced the room. She worried about the damage her words might have caused to their relationship.","worry"
"166","The teacher’s note about her son’s behavior left her restless. She couldn’t help but imagine him struggling, despite his cheerful demeanor at home.","worry"
"167","The unfamiliar number calling late at night sent a shiver through her. She hesitated to answer, fearing bad news on the other end.","worry"
"168","His phone buzzed with an alert about layoffs at work. The uncertainty of his future filled him with a nervous energy he couldn’t shake.","worry"
"169","The mysterious noise in the engine persisted despite the mechanic’s reassurance. She couldn’t stop thinking about the possibility of being stranded on her next trip.","worry"
"170","The online tracking system showed her package was delayed. She worried it might not arrive in time for the special event she had planned.","worry"
"171","He gently held her hand as they walked along the beach, the waves softly crashing at their feet. Every moment together felt like a treasure.","love"
"172","She carefully folded the blanket, remembering how he had wrapped it around her shoulders on that cold night. It was a small gesture that meant the world to her.","love"
"173","The way he looked at her across the crowded room made her heart flutter. It was as if they were the only two people in the world.","love"
"174","She stayed up late to help him finish his project, not because she had to, but because seeing him happy was all that mattered.","love"
"175","The old couple sat on the park bench, holding hands as they fed the birds. Decades together, and their love still shone brightly.","love"
"176","He surprised her with her favorite flowers after a long day. The simple act reminded her of how deeply he cared for her.","love"
"177","Her child’s laughter filled the room, and she felt an overwhelming sense of love that made her want to freeze the moment forever.","love"
"178","The letter he sent was filled with tender words and promises. She read it over and over, feeling his love in every sentence.","love"
"179","She watched him fix the leaky faucet with a focused expression. It was such a mundane task, yet her heart swelled with affection for him.","love"
"180","He baked her favorite cake from scratch, even though he wasn’t much of a cook. His effort meant more to her than the perfect recipe ever could.","love"
"181","The moment they placed the newborn in her arms, she felt a surge of love so powerful it brought tears to her eyes.","love"
"182","Every morning, he brewed her coffee just the way she liked it. It was a routine, but it spoke volumes about his care for her.","love"
"183","He walked her to the train station every day, no matter how busy he was. It was a small way to show her she was his priority.","love"
"184","She kissed her grandfather’s forehead, thanking him for the wisdom and love he had always shared. His presence was a gift she cherished deeply.","love"
"185","The way he held her close during her worst moments reminded her that love wasn’t just about joy, but also about being there through the struggles.","love"
"186","She found a note in her lunchbox that said, 'I love you.' It was such a small thing, but it made her day brighter.","love"
"187","The way he played with the puppy, laughing and rolling on the ground, filled her with warmth. His kindness made her fall for him even more.","love"
"188","The night sky was filled with stars, but her attention was on him as he spoke. His words and presence made her feel cherished.","love"
"189","She tucked the blanket around her sick friend and stayed up all night to watch over her. Love was in the silent care she offered.","love"
"190","He woke up early to shovel the driveway so she wouldn’t have to. When she saw it, her heart melted at his thoughtful gesture.","love"
"191","The group gathered around the karaoke machine, laughing as their friend attempted to hit the high notes of an impossible song. The energy in the room was infectious.","fun"
"192","They raced down the hill on their bikes, the wind rushing past them. The exhilaration of the ride made them laugh uncontrollably.","fun"
"193","The board game had taken an unexpected turn, and everyone was in stitches as their teammate made the most ridiculous move possible.","fun"
"194","The water balloon fight escalated quickly, with shrieks of laughter echoing through the yard as they dodged and threw with wild abandon.","fun"
"195","The dance floor was packed, and they couldn’t stop laughing as they tried to mimic each other’s silly moves. It was pure, unfiltered joy.","fun"
"196","The amusement park’s roller coaster sent them spiraling and screaming, but the shared thrill left them grinning ear to ear.","fun"
"197","The trivia night at the pub had everyone on edge, but the hilarious wrong answers kept the atmosphere light and full of laughter.","fun"
"198","They huddled around the campfire, telling ghost stories that became progressively sillier until everyone was laughing so hard they couldn’t breathe.","fun"
"199","The impromptu game of charades had them doubling over in laughter, especially when someone mimed an elephant in the most absurd way.","fun"
"200","The dog chased after the soap bubbles, leaping and barking with delight. Watching the scene, they couldn’t stop giggling.","fun"
"201","The escape room challenge brought out their competitive side, but they couldn’t stop cracking jokes as they struggled with the clues.","fun"
"202","They stumbled through the obstacle course, slipping and sliding at every turn. The mud-soaked fun had everyone laughing uncontrollably.","fun"
"203","The pie-eating contest was messy and chaotic, but the lighthearted competition left everyone in tears of laughter by the end.","fun"
"204","They played hide-and-seek in the dark, and the hilarious screams when someone was found echoed through the house.","fun"
"205","The annual costume party was a hit, with everyone parading their ridiculous outfits. The laughter was endless as they voted for the most outrageous look.","fun"
"206","The family gathered for a game of Twister, and the tangle of arms and legs turned into a hilarious pile of laughter.","fun"
"207","The puppet show started as a simple performance but soon turned into an improvisation comedy that had the entire audience roaring with laughter.","fun"
"208","The impromptu sing-along in the car turned into a full-blown concert, with exaggerated dance moves and off-key singing filling the air.","fun"
"209","They spent the afternoon at the arcade, competing to see who could win the most tickets. The friendly rivalry was filled with laughter and cheers.","fun"
"210","The photo booth at the wedding was packed with friends making the goofiest faces. Each snapshot was funnier than the last.","fun"
"211","She opened the book and began reading the first chapter. The plot seemed straightforward, and the characters were introduced without much drama. It was neither exciting nor boring, just a simple story.","neutral"
"212","The train station was busy but not chaotic. People moved at a steady pace, carrying luggage or chatting quietly. She watched the scene passively, her mind calm and untroubled.","neutral"
"213","He typed up the report, checking each section carefully for errors. It was a routine task he had done countless times before, requiring focus but no real emotion.","neutral"
"214","The grocery store trip was uneventful. She grabbed the items on her list, paid at the self-checkout, and left. The day was moving along without anything noteworthy happening.","neutral"
"215","The professor explained the theory with measured clarity, and the students took notes diligently. The lecture was neither particularly engaging nor dull—just another part of the curriculum.","neutral"
"216","The clouds moved slowly across the sky, forming no particular shapes. He watched for a while, letting the steady rhythm of the day continue without interruption.","neutral"
"217","The email outlined the company’s updated policies. It was concise and clear, containing only the necessary details. He read it, filed it away, and moved on to his next task.","neutral"
"218","The walk through the park was peaceful but uneventful. She admired the trees and listened to the faint chirping of birds, her mind neither racing nor entirely still.","neutral"
"219","He cleaned his desk, sorting papers into neat piles. It was a routine task that needed to be done, requiring neither excitement nor dread.","neutral"
"220","The road stretched out ahead, straight and empty. He drove at a steady pace, his thoughts focused on the directions but not on anything specific.","neutral"
"221","The automated voice announced the next stop on the bus. Passengers adjusted their bags, some looking out the window while others stared at their phones. It was a typical commute.","neutral"
"222","She folded the laundry, matching socks and stacking shirts neatly. It was one of those tasks that required attention but no particular emotion.","neutral"
"223","The notification on his phone was from a news app. He skimmed the headline, neither particularly interested nor dismissive, and moved on to his next task.","neutral"
"224","The clock ticked steadily as she worked on her puzzle. It was a calm and quiet evening, with no excitement or tension in the air.","neutral"
"225","The weather report predicted mild temperatures with a chance of rain. It was the kind of forecast that didn’t call for any change in plans.","neutral"
"226","He walked through the office, greeting colleagues with polite nods. The day’s tasks were planned, and there was no urgency or excitement to disrupt the flow.","neutral"
"227","The elevator ride to the fifth floor was quiet. He watched the numbers light up one by one, his mind calm and unoccupied by any pressing thoughts.","neutral"
"228","The recipe instructions were straightforward, and she followed them methodically. The cooking process was uneventful but satisfying in its simplicity.","neutral"
"229","The library was quiet as he browsed the shelves. He wasn’t looking for anything specific, just flipping through pages of books that caught his eye.","neutral"
"230","The meeting ended with a quick summary of tasks. No major decisions were made, and everyone left the room with the same quiet professionalism they entered with.","neutral"
"231","The test results came back negative, and she exhaled deeply. The weight of the unknown lifted, leaving her with a sense of calm she hadn’t felt in days.","relief"
"232","He heard the mechanic say, 'It’s just a minor issue.' A smile spread across his face as the worry about an expensive repair evaporated.","relief"
"233","The flight landed smoothly after a bumpy ride. Passengers let out small cheers, and she felt a wave of gratitude wash over her as the tension left her body.","relief"
"234","Her boss approved the proposal without hesitation. She had spent nights worrying about it, but now she could finally breathe easily.","relief"
"235","The overdue package arrived just in time for the event. She unwrapped it quickly, smiling as the stress of the delay melted away.","relief"
"236","After hours of searching, he found his missing wallet under the car seat. He held it up with a sigh of relief, thankful for the end of the panic.","relief"
"237","The doctor assured her that the symptoms were mild and temporary. She nodded, feeling the fear she had carried for days dissolve.","relief"
"238","The power came back on just as she was about to give up on finishing her work. She smiled, the pressure of a missed deadline fading.","relief"
"239","As the rain cleared and the sun peeked through, the outdoor wedding plans were back on track. Everyone cheered, and she felt her anxiety drift away.","relief"
"240","He found his phone exactly where he had left it, on the kitchen counter. The moment of panic gave way to a chuckle of relief.","relief"
"241","The judge ruled in their favor, and tears of relief filled her eyes. The months of legal battles had finally come to a close.","relief"
"242","The GPS rerouted them just in time to avoid the traffic jam. As they continued smoothly on their way, he sighed and smiled in relief.","relief"
"243","The storm passed without causing any damage. She stepped outside, breathing in the fresh air and feeling her fears ebb away.","relief"
"244","The sound of her friend’s voice on the phone instantly reassured her. The long silence had worried her, but now she felt at ease.","relief"
"245","The email confirmed her acceptance into the program. She smiled and leaned back in her chair, feeling the stress of waiting finally dissipate.","relief"
"246","Her child’s fever broke in the middle of the night. She checked their forehead, and the cool touch brought her a wave of comfort and relief.","relief"
"247","The team made it to the finals by a narrow margin. The entire group cheered, their hard work paying off and easing their collective nerves.","relief"
"248","The police officer waved him on, saying it was just a minor infraction. He thanked them profusely, his initial fear turning into grateful relief.","relief"
"249","The exam questions were much easier than she had anticipated. She smiled to herself as the tension she’d felt all morning disappeared.","relief"
"250","The pet that had been missing for days finally returned home. She hugged her dog tightly, the anxiety of the past week melting into joy and peace.","relief"
"251","The sight of his smug face across the room made her blood boil. Every word he spoke dripped with arrogance, and she clenched her fists to keep from responding.","hate"
"252","He slammed the newspaper down, disgusted by the politician’s lies. Every decision they made seemed to benefit themselves while harming everyone else.","hate"
"253","Her voice grated on him, every word laced with condescension. He tried to ignore her, but his growing resentment was hard to suppress.","hate"
"254","The betrayal was fresh in her mind. She couldn’t stop thinking about how he had stabbed her in the back, and the anger burned hot in her chest.","hate"
"255","He avoided the neighbor’s yard entirely, unwilling to exchange even a glance with the man who had falsely accused him. Just the thought of him filled him with loathing.","hate"
"256","Her name popped up on his phone, and his jaw tightened. After all the pain she had caused, hearing from her was the last thing he wanted.","hate"
"257","The memory of their argument replayed in his mind, fueling his hatred. Every insult she had thrown at him felt like a scar he couldn’t erase.","hate"
"258","The way they mocked her in front of everyone made her seethe with anger. She wished she could erase them from her life entirely.","hate"
"259","He glared at the graffiti on the wall, knowing exactly who was responsible. His hatred for them had been growing with every petty act they committed.","hate"
"260","Her heart pounded as she scrolled through the online comments. The cruelty and venom of the words made her hate the faceless people behind the screen.","hate"
"261","The constant gossip and manipulation made her despise the group she once considered friends. She knew now they couldn’t be trusted.","hate"
"262","He felt nothing but contempt for the bully who had made his school years miserable. Seeing them walk by still ignited a fire of resentment in him.","hate"
"263","The unfair decision made by the referee left him fuming. He couldn’t understand how such bias could exist, and it fueled his hatred for the other team.","hate"
"264","Every time she entered the room, the tension was palpable. Her sarcastic remarks and cold stares made it clear that she despised him.","hate"
"265","He ripped up the letter, the words of rejection echoing in his mind. The organization’s indifference to his hard work filled him with a bitter hatred.","hate"
"266","The cruel prank they played on her still haunted her. She couldn’t look at them without feeling a surge of anger and hatred.","hate"
"267","His former boss walked into the cafe, and his stomach churned. The man who had ruined his career was the last person he wanted to see.","hate"
"268","She threw the picture frame into the trash. The sight of his face reminded her of every lie he had told, and it reignited her hatred.","hate"
"269","He overheard their mocking laughter as he walked away. The humiliation turned to hate, and he promised himself he’d never forgive them.","hate"
"270","The memory of the argument replayed in her mind. The hurtful words he had hurled at her made her stomach twist in anger and loathing.","hate"
"271","She held her newborn in her arms, marveling at the tiny fingers and peaceful expression. Her heart swelled with a love she never knew was possible.","love"
"272","He surprised her with a handwritten letter, every word a testament to his feelings. As she read it, tears of joy filled her eyes, and her heart overflowed with love.","love"
"273","They sat under the stars, her head resting on his shoulder. The silence spoke volumes, a quiet connection that filled her with warmth and affection.","love"
"274","She watched him help the elderly woman cross the street, his kindness reminding her why she had fallen for him in the first place.","love"
"275","The way her dog wagged its tail when she walked through the door always melted her heart. Its unconditional love was a source of constant joy.","love"
"276","He stayed up all night baking her favorite cookies, just to make her smile. The effort and thoughtfulness filled her with a deep sense of love.","love"
"277","The childhood photo of her and her sibling brought back a wave of nostalgia. Despite the fights, her love for them had only grown stronger over the years.","love"
"278","He planted a garden in the backyard, filling it with her favorite flowers. She stood speechless, overwhelmed by the gesture and the love it represented.","love"
"279","She gently tucked her child into bed, brushing a strand of hair from their face. The quiet moment filled her with an overwhelming sense of love and peace.","love"
"280","He clasped her hand tightly as they faced the uncertain future together. The strength of their bond gave her hope and reaffirmed her love for him.","love"
"281","She found his old love notes tucked away in a drawer. Reading them brought a smile to her face and rekindled the emotions they had shared.","love"
"282","Their anniversary dinner was simple but perfect. Every glance, every smile, reminded her of how deeply they loved and cherished each other.","love"
"283","She watched her parents hold hands while walking through the park. Decades together had only strengthened their love, a bond she deeply admired.","love"
"284","He waited for hours in the rain to see her off at the station. His soaked figure and warm smile were a testament to the depth of his love.","love"
"285","They danced in the living room, the music playing softly in the background. No words were needed as they swayed together, lost in each other’s love.","love"
"286","The framed photo of their wedding day still sat on their mantle. Every time she passed it, she smiled, reminded of the love they had vowed to nurture.","love"
"287","She picked out his favorite book from the shelf, knowing how much he enjoyed rereading it. The small gesture was her way of showing how much she cared.","love"
"288","He carried her bags without being asked, his quiet acts of kindness a constant reminder of his love and respect for her.","love"
"289","The homemade breakfast he surprised her with was nothing fancy, but it was perfect. It wasn’t the food, but the thought behind it, that warmed her heart.","love"
"290","As they hugged tightly at the airport, the world seemed to fade away. The connection they shared was unshakable, and their love knew no distance.","love"
"291","She sat by the window, watching the rain streak down the glass. The gray clouds mirrored the heaviness in her heart, and the silence in the room felt overwhelming.","sadness"
"292","The empty chair at the dinner table was a stark reminder of his absence. She pushed her food around on the plate, her appetite gone.","sadness"
"293","He reread the text, each word sinking into his chest like a stone. The goodbye was final, and he felt a deep, aching void.","sadness"
"294","Her laughter echoed faintly in his memories, but the house now felt cold and quiet. He missed her more with every passing day.","sadness"
"295","The photograph was creased and faded, but her smile was still clear. He stared at it, longing for the days that felt so far away.","sadness"
"296","The end of the movie brought tears to her eyes, not just for the characters but for the emotions it stirred within her—memories she’d tried to bury.","sadness"
"297","He placed the wilted flowers on the grave, his hands trembling. The words he wanted to say caught in his throat as grief consumed him.","sadness"
"298","The room was filled with people, but she had never felt lonelier. The conversations around her felt distant, as if she didn’t belong there anymore.","sadness"
"299","The music played softly, its melancholy tune wrapping around her like a blanket. Each note seemed to pull at her heart, reminding her of what she’d lost.","sadness"
"300","He found her old diary while cleaning the attic. Flipping through the pages, he felt the pain of a life cut short, each entry a bittersweet memory.","sadness"
"301","The news came late at night, shattering the calm. She sat on the edge of her bed, the words echoing in her mind as tears silently fell.","sadness"
"302","She packed her things into a small suitcase, her heart heavy with the knowledge she wouldn’t return. The goodbye was inevitable, but it still hurt deeply.","sadness"
"303","He walked past the playground, where the sounds of laughter were replaced by silence. The memories of their childhood games made his chest tighten.","sadness"
"304","Her trembling hands couldn’t hold back the tears as she read the letter. Each sentence was a painful reminder of the love that had slipped away.","sadness"
"305","The old treehouse was falling apart, much like their friendship. He ran his fingers over the carved initials, feeling the weight of what was lost.","sadness"
"306","The scent of her perfume lingered in the air, a bittersweet reminder of the times they’d shared. He closed his eyes, wishing he could turn back time.","sadness"
"307","She hugged the worn-out teddy bear close, the only thing left of her childhood. The warmth it once brought now felt distant, replaced by a quiet sorrow.","sadness"
"308","The empty streets felt unfamiliar and cold. He wandered aimlessly, searching for something that could fill the emptiness he felt inside.","sadness"
"309","Her voicemail was the last thing he had of her, and he replayed it endlessly. Her voice brought him comfort and pain in equal measure.","sadness"
"310","The broken vase lay on the floor, shattered like his hopes. He stared at the pieces, too numb to move, as the reality of failure sank in.","sadness"
"311","As she opened the box, her eyes widened. Inside was the necklace she had admired months ago but never thought she’d own. She looked up, speechless.","surprise"
"312","The phone call came out of the blue. He had landed the job he thought he’d lost out on. His heart raced as he processed the unexpected news.","surprise"
"313","She entered the dark room, and suddenly the lights came on. Friends and family shouted, 'Surprise!' Her hands flew to her face as she struggled to contain her shock.","surprise"
"314","The letter arrived with unexpected news—she had been accepted into her dream program. She reread the words, unable to believe it was real.","surprise"
"315","Walking into the kitchen, he found a stack of pancakes shaped like his favorite cartoon character. He burst out laughing, delighted and surprised by the gesture.","surprise"
"316","He glanced at the lottery ticket and froze. The numbers matched perfectly. He stared at the ticket in disbelief, his mind racing with the possibilities.","surprise"
"317","She heard a knock on the door and opened it to see her best friend standing there. They lived hundreds of miles apart, and her jaw dropped in shock.","surprise"
"318","The package arrived with no sender information. Inside was a beautiful, hand-painted canvas of her favorite landscape. She couldn’t imagine who had sent it.","surprise"
"319","During the meeting, her manager announced her promotion. She blinked, stunned. It was so unexpected that she struggled to find the words to respond.","surprise"
"320","He walked into the library to find a book he’d lost years ago sitting on the shelf. His mouth opened in shock as he flipped through its familiar pages.","surprise"
"321","At the concert, the band brought out a guest performer no one expected. The crowd erupted in cheers as the surprise guest took the stage.","surprise"
"322","She picked up the envelope addressed to her and opened it cautiously. Inside was a check for a refund she hadn’t anticipated. Her eyes widened in amazement.","surprise"
"323","The family reunion took an unexpected turn when a relative they hadn’t seen in decades walked through the door. Everyone gasped in astonishment.","surprise"
"324","He clicked on the email and found an offer to publish his work. It was a dream he had almost given up on, and the unexpected opportunity left him stunned.","surprise"
"325","The box held an old photograph she thought was lost forever. She stared at it, emotions flooding back, overwhelmed by the surprise discovery.","surprise"
"326","Walking through the park, she stumbled upon a flash mob. The dancers performed perfectly choreographed moves, leaving her clapping in delighted surprise.","surprise"
"327","The restaurant staff brought out a cake with sparklers for her birthday. She hadn’t told anyone it was her special day, and the unexpected gesture left her beaming.","surprise"
"328","While browsing an antique store, he found a first-edition copy of his favorite book. He couldn’t believe his luck and held the treasure carefully.","surprise"
"329","The weather forecast had predicted rain, but the skies cleared, revealing a stunning rainbow. She stopped in her tracks, awed by the unexpected sight.","surprise"
"330","The stray cat she had been feeding brought her a small gift—a leaf perfectly shaped like a heart. She laughed at the sweet and surprising gesture.","surprise"
"331","During the hike, they stumbled upon a hidden waterfall. The cascading water and sparkling mist left them standing in awe, thrilled by the discovery.","surprise"
"332","She walked into the garden to find it filled with blooming flowers. She hadn’t expected them to thrive, and the burst of colors took her breath away.","surprise"
"333","The old box in the attic contained letters from a relative she had never known. The heartfelt words were a surprising glimpse into her family’s history.","surprise"
"334","At the end of the play, a famous actor appeared on stage for a cameo. The audience gasped in unison, thrilled by the unexpected treat.","surprise"
"335","She returned home to find her friends had redecorated her living room. The transformation was stunning, and she couldn’t hide her astonishment.","surprise"
"336","A delivery driver showed up with a bouquet of flowers and a note from an anonymous admirer. Her heart raced as she read the thoughtful message.","surprise"
"337","He reached into his coat pocket and found a long-lost keepsake. The discovery brought back memories and a wave of unexpected emotions.","surprise"
"338","The fireworks show ended with a dazzling finale that no one had anticipated. The crowd erupted in cheers, amazed by the brilliant surprise.","surprise"
"339","The teacher announced a free day for the entire class. Cheers erupted in the room as the students celebrated the unexpected news.","surprise"
"340","As the clock struck midnight, the old town clock began to chime a new melody. Residents gathered, amazed by the unexpected change.","surprise"
"341","She walked into the coffee shop and ordered her usual latte. The barista smiled politely as she handed over the cup. She found a quiet corner to sit and sip her drink while scrolling through her phone.","neutral"
"342","The bus pulled into the station, and he climbed aboard. He took a seat by the window, watching the city pass by as the driver announced the next stop.","neutral"
"343","He checked his mailbox and found the usual assortment of bills and advertisements. Sorting through them, he set aside the important ones and discarded the rest.","neutral"
"344","The rain had stopped by the time she stepped outside. She opened her umbrella anyway, just in case, and began her walk to the market.","neutral"
"345","She opened the fridge and stared at its contents. After a moment’s deliberation, she decided on a sandwich and began assembling it with what was available.","neutral"
"346","The train station was busy but orderly. He waited patiently for his platform to be announced, checking his watch occasionally to ensure he was on time.","neutral"
"347","The grocery store was crowded, but she moved through the aisles with a list in hand. She picked up the items she needed, paid at the counter, and left.","neutral"
"348","He adjusted the settings on his phone and updated an app. The progress bar moved steadily, and he tapped his fingers idly on the table while waiting.","neutral"
"349","The sun was shining as she stepped onto her balcony. She watered her plants, trimmed a few leaves, and then went back inside to continue her day.","neutral"
"350","He flipped through the pages of a magazine in the waiting room. The articles were mildly interesting, and he occasionally glanced at the clock to check the time.","neutral"
"351","She arrived at the library and returned the books she had borrowed. After browsing the shelves for a while, she picked out two new titles and checked them out.","neutral"
"352","The car’s fuel gauge was nearing empty, so he pulled into a gas station. He filled the tank, paid the cashier, and continued on his way.","neutral"
"353","She turned on the television and flipped through the channels. Finding nothing of particular interest, she settled on a nature documentary and watched absently.","neutral"
"354","The park was quiet, with only a few people scattered around. He sat on a bench, enjoying the fresh air, and watched a squirrel dart across the path.","neutral"
"355","She logged into her computer, checked her emails, and replied to a few. The tasks were straightforward, and she worked steadily through her to-do list.","neutral"
"356","He walked into the convenience store and grabbed a bottle of water. After paying at the counter, he exited and resumed his walk down the street.","neutral"
"357","The train ride was uneventful, with passengers quietly occupied with their own activities. She listened to music and stared out of the window at the passing scenery.","neutral"
"358","He entered the café and scanned the menu. After placing his order, he waited at the counter, listening to the chatter of other customers around him.","neutral"
"359","The lecture hall was filled with students taking notes. She focused on the professor’s words, jotting down the key points in her notebook.","neutral"
"360","The clock struck noon, and he stepped out for lunch. He chose a small sandwich shop nearby and ate quickly before heading back to work.","neutral"
"361","She scrolled through the news on her phone. Most of the headlines were routine, and she skimmed the articles, occasionally pausing to read a few details.","neutral"
"362","He sorted through the papers on his desk, organizing them into piles. It took some time, but eventually, everything was in order, and he felt ready to start the task.","neutral"
"363","She glanced at her calendar and noted the day’s appointments. Everything was scheduled neatly, and she prepared herself for the first meeting of the morning.","neutral"
"364","The washing machine finished its cycle, and he moved the clothes to the dryer. He set the timer and returned to the living room to wait.","neutral"
"365","The sidewalk was busy with pedestrians, but she walked steadily toward her destination. She kept to herself, lost in thought as the city buzzed around her.","neutral"
"366","He walked into the hardware store to pick up a few tools for a project. After browsing the aisles, he found what he needed and headed to the checkout.","neutral"
"367","The crossword puzzle was halfway done, and she worked steadily to fill in the remaining blanks. The clues were challenging but manageable, and she enjoyed the quiet activity.","neutral"
"368","The coffee machine beeped, signaling it was ready. He poured a cup, added some cream, and sipped it slowly as he checked the day’s schedule on his phone.","neutral"
"369","The library’s air was cool and quiet as he searched the shelves. He found a book on history that looked interesting and added it to his growing stack.","neutral"
"370","She opened the wardrobe and chose an outfit for the day. After getting dressed, she checked her reflection in the mirror and grabbed her bag before leaving.","neutral"
"371","He slammed his fist on the table, his voice rising as he repeated himself. The lack of accountability from the team was infuriating, and he couldn’t hold back his frustration any longer.","anger"
"372","The traffic was unbearable, and the driver who cut him off pushed him over the edge. He honked furiously, gripping the steering wheel tightly.","anger"
"373","The broken promise replayed in her mind. She had trusted them, but once again, they had let her down. Her hands clenched into fists at her sides.","anger"
"374","She stared at the mess they had left behind, the chaos a stark contrast to her clear instructions. Her frustration bubbled into anger as she began to clean up.","anger"
"375","The email was curt and dismissive, as if her hard work didn’t matter. She gritted her teeth, staring at the screen, trying to contain her rising temper.","anger"
"376","He overheard the unfair criticism and felt his blood boil. They didn’t understand the effort he had put in, and their harsh words felt deeply unjust.","anger"
"377","The late arrival of the service crew was the last straw. She paced back and forth, seething, as she called the company to demand an explanation.","anger"
"378","His neighbor’s loud music had been playing all night, and he could feel his patience running thin. Banging on the wall, he shouted for them to stop.","anger"
"379","The disrespect in her tone was clear, and he struggled to keep his voice steady. Inside, anger simmered, waiting for an outlet.","anger"
"380","She glared at the receipt, realizing she had been overcharged. Her pulse quickened as she stormed back to the counter to confront the cashier.","anger"
"381","The unfair treatment during the meeting was impossible to ignore. He felt his face flush as he replayed the condescending remarks directed at him.","anger"
"382","The equipment failure during the crucial moment was infuriating. He kicked the toolbox in frustration, muttering curses under his breath.","anger"
"383","She watched as they dismissed her concerns again, her voice drowned out in the conversation. Her jaw tightened as she clenched her fists in frustration.","anger"
"384","The noise from the construction site next door was relentless. After hours of enduring it, he finally stormed outside to confront the workers.","anger"
"385","He scrolled through social media, anger building with every misinformed post he read. He couldn’t understand how people could be so careless with their opinions.","anger"
"386","The customer service agent’s indifferent response to her complaint only made her angrier. She demanded to speak to a supervisor, her voice rising in frustration.","anger"
"387","The spilled coffee on her new dress was bad enough, but the barista’s dismissive attitude tipped her over the edge. She stared at him in disbelief, seething.","anger"
"388","His coworker took credit for the project he had worked tirelessly on. He forced a smile, but inside, his anger burned brightly.","anger"
"389","The unfair penalty call during the game left him shouting at the TV. He threw the remote onto the couch in frustration, unable to calm down.","anger"
"390","The late reply to her urgent message was unacceptable. She tapped her fingers on the desk, trying to contain her irritation as she waited for an explanation.","anger"
"391","The rude comment from the stranger on the street caught him off guard. He turned around, anger flashing in his eyes, ready to confront them.","anger"
"392","Her colleague’s constant interruptions during the meeting were maddening. She bit her tongue, struggling to remain professional as her frustration mounted.","anger"
"393","The missed deadline due to someone else’s negligence was unacceptable. He paced the room, anger radiating off him as he contemplated the fallout.","anger"
"394","She found the broken vase shoved behind the couch. Her sibling’s attempt to hide it only added to her fury as she confronted them.","anger"
"395","The power outage during the critical moment of his work was infuriating. He slammed his laptop shut and stared out the window, trying to calm down.","anger"
"396","Her voice shook with anger as she confronted the manager about the poor service. The lack of accountability only fueled her frustration further.","anger"
"397","The constant barking of the neighbor’s dog at odd hours was driving him mad. He slammed his door shut, muttering angrily under his breath.","anger"
"398","The lost luggage at the airport was the final straw. She stood at the counter, her tone sharp as she demanded answers from the staff.","anger"
"399","The sarcastic remark during the family dinner stung more than it should have. He clenched his jaw, struggling to keep his anger in check.","anger"
"400","The rejection of her proposal after months of effort left her seething. She stared at the email, replaying every argument she had made, trying to find where it had gone wrong.","anger"
"401","She paced the room, glancing at her phone every few minutes. The lack of a response from her friend was gnawing at her, and her mind raced with worst-case scenarios.","worry"
"402","The storm clouds gathered ominously as he drove home. The weather report had warned of severe conditions, and he worried about making it back safely.","worry"
"403","Her child’s fever had persisted through the night. She sat by the bed, checking the thermometer repeatedly, unsure of what to do next.","worry"
"404","The upcoming exam loomed in her mind. She flipped through her notes, feeling unprepared despite studying for hours. The pressure was overwhelming.","worry"
"405","He stared at the job application portal, wondering if he had submitted everything correctly. The thought of missing an important detail made him anxious.","worry"
"406","The sound of the engine sputtering worried her. She glanced at the dashboard, hoping the car wouldn’t break down in the middle of the deserted road.","worry"
"407","Her hands shook as she opened the letter. She had been waiting for weeks to hear back, and the uncertainty had taken its toll on her nerves.","worry"
"408","The doctor’s appointment was still hours away, but his mind was already racing with possibilities. Every ache and pain seemed more serious than before.","worry"
"409","The delayed flight announcement made her stomach churn. She checked the departure board repeatedly, worrying about missing her connecting flight.","worry"
"410","The meeting invitation had been vague, and he couldn’t help but speculate. As the hour approached, his mind filled with scenarios of what could go wrong.","worry"
"411","She watched the clock tick closer to midnight. Her son hadn’t returned home, and the silence on his phone was unbearable.","worry"
"412","The faint smell of smoke in the house made him uneasy. He walked around, checking every corner, trying to find the source of his concern.","worry"
"413","The news report about rising layoffs made her stomach twist. She thought about her own job and the uncertainty of the future.","worry"
"414","His dog hadn’t eaten all day, and he couldn’t figure out why. He sat by the pet’s side, trying to comfort it while worrying about what to do next.","worry"
"415","She stared at the calendar, realizing how close the project deadline was. The unfinished tasks on her list loomed large in her mind.","worry"
"416","The unfamiliar sound coming from his computer made him uneasy. He Googled troubleshooting tips, worried it might be something serious.","worry"
"417","Her friend hadn’t responded to the message she sent hours ago. She replayed their last conversation, wondering if she had said something wrong.","worry"
"418","The test results were due any day now, and the wait was unbearable. Every phone notification made her heart skip a beat.","worry"
"419","The thought of speaking in front of a large audience made his palms sweat. He rehearsed his lines over and over, but the anxiety wouldn’t go away.","worry"
"420","The sound of sirens in the distance made her heart race. She checked the location of her loved ones, hoping they were safe.","worry"
"421","The new medication wasn’t working as she had hoped. She worried about what the next steps would be if her condition didn’t improve.","worry"
"422","The cryptic email from her boss left her uneasy. She couldn’t shake the feeling that it was the precursor to bad news.","worry"
"423","He reread the text message from his partner, sensing a change in tone. The possibility of a fight brewing worried him.","worry"
"424","Her son hadn’t answered his phone all evening. She tried calling again, her mind spinning with worry about where he could be.","worry"
"425","The financial report was due tomorrow, and they were still missing crucial data. He sat at his desk, brainstorming solutions, but couldn’t stop worrying about the outcome.","worry"
"426","The sudden drop in her grades made her worry about her academic future. She stared at her textbooks, wondering where she had gone wrong.","worry"
"427","His mother hadn’t replied to his message about her doctor’s visit. He tried not to overthink, but the silence gnawed at him.","worry"
"428","The knock at the door made her jump. She wasn’t expecting anyone, and her mind raced with possibilities of who it could be.","worry"
"429","The rise in expenses had strained their budget. She sat at the table with a calculator, trying to make the numbers work, but the worry was overwhelming.","worry"
"430","The sudden cancellation of the contract sent alarm bells ringing. He called his client, trying to get an explanation, but the lack of clarity only fueled his anxiety.","worry"
"431","The house was silent, except for the creaking floorboards. She sat alone in the dimly lit room, staring at the shadows dancing on the walls, feeling a strange emptiness wash over her.","empty"
"432","His laughter echoed through the room as he recounted the prank he had pulled earlier. The joy on his face was contagious, spreading smiles to everyone around.","fun"
"433","The unexpected promotion left her speechless. She held the letter in her hands, rereading it to make sure it was real. It was a moment of pure disbelief.","surprise"
"434","The elderly man smiled as he watched his grandchildren play. The sound of their laughter brought a warmth to his heart he hadn’t felt in years.","love"
"435","The rain poured down as she walked home, soaking her completely. The dismal weather matched her mood as she replayed the hurtful words spoken earlier.","sadness"
"436","The crowd erupted into cheers as the underdog team scored the winning goal. It was a moment of unrestrained joy and pride.","happiness"
"437","Her heart raced as she opened the envelope containing her acceptance letter. She had been dreaming of this moment for years, and it had finally arrived.","relief"
"438","The broken glass on the floor was evidence of her frustration. She clenched her fists, trying to calm the storm of anger brewing inside her.","anger"
"439","The teacher announced a surprise quiz, and the groans from the students filled the room. Their frustration was almost palpable.","worry"
"440","The long bus ride through the countryside was uneventful. She stared out the window at the endless fields, her thoughts drifting aimlessly.","boredom"
"441","The applause from the audience filled the room as he finished his performance. He felt a surge of enthusiasm and pride, knowing his hard work had paid off.","enthusiasm"
"442","Her favorite song played on the radio, and she couldn’t help but dance along. The music lifted her spirits, and her laughter filled the air.","fun"
"443","The sudden thunderclap made him jump. He laughed nervously at his own reaction, but the unexpected noise had genuinely startled him.","surprise"
"444","He reread the text from his friend, hoping to find a hidden meaning. The cryptic message left him confused and slightly uneasy.","worry"
"445","The painting on the wall evoked a deep sense of nostalgia. It reminded her of simpler times, bringing both warmth and sadness to her heart.","sadness"
"446","The sudden crash in the kitchen made her heart pound. She cautiously approached, unsure of what she would find.","worry"
"447","The breathtaking view from the mountain top left him in awe. The beauty of nature never failed to surprise him.","surprise"
"448","The party was in full swing, and he couldn’t stop laughing at the jokes his friends were telling. It was a night to remember.","fun"
"449","Her voice quivered as she told her family the news. The sense of relief was overwhelming, knowing they would finally understand her struggle.","relief"
"450","The empty classroom felt eerie in the late afternoon light. He couldn’t shake the feeling that something was missing, leaving him feeling strangely hollow.","empty"
"451","The warm hug from her grandmother made her heart swell with love. It was a simple gesture, but it meant the world to her.","love"
"452","The dark clouds on the horizon made him anxious about the long drive ahead. He checked the weather app again, hoping for better news.","worry"
"453","The rude comment from a stranger lingered in her mind. She replayed it over and over, anger building with each recollection.","anger"
"454","The comedy show had everyone in stitches. Laughter echoed through the room, and for a moment, all their worries faded away.","fun"
"455","The moment the baby took her first steps, the entire family gasped in amazement. It was a surprise that brought tears of joy.","surprise"
"456","The rain falling on the roof was the only sound she could hear. She sat in the silence, feeling the emptiness grow with each passing moment.","empty"
"457","The smile on his face when he saw the puppy melted her heart. She couldn’t help but feel a rush of love for him.","love"
"458","The performance was lackluster, and the audience began to fidget. Boredom spread through the crowd as they waited for it to end.","boredom"
"459","She clutched the exam paper tightly, her palms sweating as she scanned the questions. The creeping worry was hard to ignore.","worry"
"460","The breathtaking fireworks lit up the night sky, leaving the audience in stunned silence. The surprise and beauty of the display were unforgettable.","surprise"
"461","The long wait at the bus station felt endless. People around her stared at their phones, while she fidgeted, fighting the boredom creeping in.","boredom"
"462","The letter sat unopened on the table. She stared at it, her heart pounding, unsure if it contained good or bad news.","worry"
"463","His unexpected return from deployment was met with screams of joy. The surprise on her face turned into uncontrollable laughter and tears.","surprise"
"464","The old photo album brought back a flood of memories. She turned each page carefully, a bittersweet smile crossing her face.","sadness"
"465","The video of the clumsy puppy had him laughing out loud. The sheer joy it brought was exactly what he needed after a tough day.","fun"
"466","The bright yellow flowers on her desk were a sweet surprise from her partner. It was a small gesture, but it filled her with happiness.","love"
"467","The argument replayed in his head, each harsh word stoking the flames of his anger. He clenched his fists, still unable to let it go.","anger"
"468","The unexpected cancellation of her weekend plans left her feeling empty. She stared at the blank calendar, unsure of what to do next.","empty"
"469","The sound of her daughter’s laughter echoed through the house. It was infectious, filling her with happiness she hadn’t felt in a while.","happiness"
"470","The dull lecture dragged on, and he struggled to keep his eyes open. The monotony of the professor’s voice added to his boredom.","boredom"
"471","The charity event had exceeded expectations, and the outpouring of support brought tears to her eyes. It was a moment of relief and gratitude.","relief"
"472","The sudden pop quiz caught everyone off guard. He scrambled to write down answers, his mind racing with anxiety.","worry"
"473","The vibrant colors of the sunset left her speechless. She had seen many sunsets before, but this one was a breathtaking surprise.","surprise"
"474","The silence in the house was suffocating. She wandered from room to room, feeling the weight of emptiness settle over her.","empty"
"475","The smell of fresh cookies baking in the oven reminded her of her childhood. A deep sense of nostalgia and happiness warmed her heart.","happiness"
"476","The unexpected message from an old friend brought a smile to his face. He hadn’t heard from them in years, and the reconnection was a pleasant surprise.","love"
"477","The frustrating error on her computer screen refused to go away. She groaned, feeling the sharp sting of anger at the situation.","anger"
"478","The small gift she received at work made her day. It wasn’t the size or cost, but the thought behind it that filled her with joy.","happiness"
"479","The suspenseful movie scene had her on edge. She gripped the armrest tightly, her mind racing as she waited for the reveal.","worry"
"480","The joke was so silly it had the entire table laughing uncontrollably. It was one of those moments where joy was simply effortless.","fun"
"481","The cancellation of the concert left him feeling hollow. He had been looking forward to it for months, and now there was nothing to do.","empty"
"482","The cheerful greeting from her neighbor lifted her spirits. It was a small interaction, but it filled her with a sense of connection and happiness.","happiness"
"483","The loud argument from the next apartment disturbed her evening. She felt anger bubbling as the shouting continued into the night.","anger"
"484","The reunion with her best friend after years apart brought tears to her eyes. They hugged tightly, overwhelmed by love and gratitude.","love"
"485","The monotonous task at work dragged on endlessly. He stared at the clock, counting the minutes until he could leave.","boredom"
"486","The misstep during his presentation left him mortified. He couldn’t stop worrying about what his audience thought of him afterward.","worry"
"487","The bouquet of flowers left on her desk was a mystery. She smiled, wondering who could have sent such a thoughtful surprise.","love"
"488","The unexpected detour on the hiking trail led them to a hidden waterfall. The stunning view was a delightful surprise.","surprise"
"489","The power outage during the storm made her uneasy. She lit candles, but the dark, quiet house filled her with worry.","worry"
"490","The cozy cabin in the woods was the perfect retreat. She sighed in relief, feeling her stress melt away in the serene surroundings.","relief"
"491","The playful antics of the kittens brought laughter to everyone in the room. Their boundless energy was infectious.","fun"
"492","The heartfelt apology from her friend mended their strained relationship. It brought her relief and a renewed sense of love.","relief"
"493","The surprise gift box was filled with her favorite things. She smiled as she unwrapped it, marveling at how well someone knew her tastes.","happiness"
"494","The dreary weather outside mirrored her mood. She sat by the window, watching the rain fall, feeling the weight of emptiness settle over her.","empty"
"495","The energetic cheers from the crowd as she crossed the finish line filled her with enthusiasm. It was a moment she’d never forget.","enthusiasm"
"496","The heated argument with her sibling left her feeling drained and upset. She replayed their harsh words in her mind, unable to calm her anger.","anger"
"497","The melody of the piano brought a wave of nostalgia. She closed her eyes, letting the music transport her to a happier time.","sadness"
"498","The email announcing the error in her application made her stomach drop. She frantically searched for a way to fix it, her worry growing by the second.","worry"
"499","The smell of fresh coffee brewing in the morning brought a sense of calm. It was a simple moment, but it filled her with happiness.","happiness"
"500","The child’s endless questions during the long car ride tested her patience. She responded calmly but felt boredom creeping in.","boredom"
"501","The book sat open on her lap, its words blurring together. She had picked it up to escape, but her mind wandered elsewhere, unable to latch onto the story.","empty"
"502","The mismatched socks on his feet made her smile. It was a tiny, silly detail that somehow made her feel closer to him.","love"
"503","He ran his hand over the carved initials on the old bench. It was a small but poignant reminder of a friendship long lost.","sadness"
"504","The busy café hummed with activity, but he felt strangely out of place, like a guest at a party he wasn’t invited to.","neutral"
"505","The instructions for the new gadget were convoluted and confusing. He turned the page, more baffled than ever, and sighed in frustration.","anger"
"506","The soft jingle of the wind chime outside the window brought her back to summer evenings as a child, evoking a bittersweet sense of longing.","sadness"
"507","She stared at the freshly baked pie cooling on the counter. The aroma was heavenly, but it stirred a faint worry about whether it would be good enough for the guests.","worry"
"508","He picked up the paintbrush and stared at the blank canvas. A mix of anticipation and uncertainty bubbled inside him as he contemplated the first stroke.","neutral"
"509","The playlist shuffled to an old, forgotten tune, and she felt an unexpected rush of warmth and familiarity, like reconnecting with a part of herself.","relief"
"510","The tangled knot in his shoelace refused to budge. He tugged at it repeatedly, his irritation mounting with each failed attempt.","anger"
"511","The stray cat lingered on the doorstep, its cautious eyes meeting hers. She slowly extended a hand, feeling an odd mix of hope and connection.","love"
"512","The jigsaw puzzle sat half-completed on the table. She turned a piece in her hand, her mind wandering, unsure if she wanted to finish it or let it sit.","boredom"
"513","The low hum of the city at night filled the air as he leaned on the balcony rail. It wasn’t quiet, but it wasn’t loud either—a strange middle ground of solitude.","empty"
"514","The abrupt silence after the joke hung awkwardly in the air. He forced a laugh, masking the slight sting of embarrassment.","worry"
"515","The unexpected drizzle cooled the air around her. She turned her face to the sky, feeling the tiny drops land softly, like nature’s quiet surprise.","surprise"
"516","The handwritten note tucked into her book was a mystery. The words weren’t signed, but they sparked a curious warmth inside her.","happiness"
"517","The overcooked pasta wasn’t a disaster, but it wasn’t great either. She shrugged, deciding it wasn’t worth the energy to feel upset.","neutral"
"518","The clock ticked slowly in the quiet waiting room. Each second felt heavier, dragging the moment into a kind of timeless lull.","boredom"
"519","The old blanket had holes and frayed edges, but wrapping herself in it brought an odd sense of safety, like stepping into a memory.","relief"
"520","The group’s lively conversation buzzed around him, but he sat quietly, smiling at the jokes, content to simply listen without adding much.","neutral"
"521","The candle flickered in the darkened room, its glow steady but faint. She watched it closely, feeling an odd comfort in its persistence.","relief"
"522","The crossword puzzle sat half-filled on the coffee table. He tapped his pencil, not frustrated, just mildly preoccupied with the elusive answers.","neutral"
"523","The faint sound of laughter from the neighboring apartment made her pause. She wasn’t jealous, just quietly reflective about her own solitary evening.","empty"
"524","The overgrown garden reminded him of summers spent at his grandmother’s house. It wasn’t sadness exactly, more a wistful kind of remembering.","sadness"
"525","The automated voice on the phone guided her through the menu options. She sighed, not angry, just mildly resigned to the wait ahead.","boredom"
"526","The photograph on the mantelpiece showed younger, carefree faces. He touched the frame briefly, a small smile playing on his lips as memories stirred.","love"
"527","The unexpected compliment from a stranger lingered in her thoughts. It wasn’t dramatic, but it brightened her day in a quiet, subtle way.","happiness"
"528","The mismatched furniture in the cozy café didn’t bother him. In fact, the slight imperfection added to the charm of the place.","neutral"
"529","The distant roll of thunder was faint, almost soothing. She turned off the lights, letting the quiet storm outside lull her into calmness.","relief"
"530","The forgotten pen lay at the back of the drawer. She twirled it absentmindedly, surprised that such a small object could trigger a cascade of old memories.","surprise"
"531","The faint outline of a rainbow appeared after the rain. It wasn’t vivid, but the sight brought a small smile of quiet joy to her face.","happiness"
"532","The leaves rustled as he walked through the forest trail. It was just him and the sounds of nature, a moment that felt suspended in peaceful stillness.","neutral"
"533","The text message she drafted but didn’t send sat on her phone screen. It wasn’t an argument, just a hesitation she couldn’t quite explain.","worry"
"534","The overgrown path wound around the hill, leading to an abandoned cabin. There was no fear, just a mild curiosity about what might be inside.","surprise"
"535","The chipped coffee mug had been with her for years. It wasn’t special in any way, but it had somehow become a comforting constant.","relief"
"536","The muffled chatter from the office break room barely registered. He sipped his coffee, more focused on the quiet hum of his own thoughts.","neutral"
"537","The late-night walk through the city was neither exciting nor dull. She wandered without a destination, simply observing the world moving around her.","neutral"
"538","The slight delay in his train didn’t bother him much. He glanced out the window, watching the platform activity with a calm detachment.","neutral"
"539","The misplaced keys were eventually found under the couch. It was a minor inconvenience, not enough to spark anger but enough to feel slightly irked.","worry"
"540","The old movie she stumbled upon was slow-paced and grainy, but it had a certain charm that held her attention for longer than she expected.","neutral"
"541","The faint hum of the refrigerator filled the quiet kitchen. She stood there, not thinking of anything in particular, just appreciating the stillness.","empty"
"542","The half-forgotten melody played on the radio as she drove. It wasn’t her favorite song, but it stirred something faintly nostalgic within her.","sadness"
"543","The handwritten recipe card was smudged and worn. She followed it carefully, feeling a subtle connection to the person who had written it decades ago.","love"
"544","The smell of freshly cut grass wafted through the open window. It wasn’t an extraordinary scent, but it grounded her in the present moment.","relief"
"545","The unread book sat on her shelf, its cover slightly dusty. She picked it up, more out of curiosity than any real urgency to read it.","neutral"
"546","The small tear in her favorite shirt wasn’t catastrophic. She examined it closely, debating whether it was worth mending or just letting it be.","neutral"
"547","The waves lapped gently against the shore. He stood at the water’s edge, letting the rhythm of the ocean match the quiet pacing of his thoughts.","neutral"
"548","The waiter mixed up their orders, but no one was upset. They laughed it off, turning the small mistake into a shared joke.","fun"
"549","The creaky stairs didn’t frighten her, but they did make her pause. She smiled faintly at the thought of the house holding so many secrets.","surprise"
"550","The letter she wrote but never sent was tucked into a drawer. It was neither forgotten nor cherished, just quietly waiting, its purpose unclear.","empty"
"551","The old record spun slowly, the crackling sound filling the room. He leaned back, not listening to the music so much as letting it blend into the background of his thoughts.","neutral"
"552","The faint smell of lavender lingered in the hallway. She paused, wondering where it came from, the scent stirring a vague memory she couldn’t quite place.","surprise"
"553","The mismatched buttons on her coat didn’t bother her. They weren’t stylish, but they gave her a sense of individuality she quietly appreciated.","neutral"
"554","The rusty swing creaked as he sat down, his feet barely brushing the ground. He swung slowly, lost in a haze of unspoken feelings.","empty"
"555","The handwritten note was short and to the point. It wasn’t rude, but the lack of warmth made her pause, questioning the sender’s mood.","worry"
"556","The long-forgotten photograph tucked inside an old book brought a smile to his face. The memory wasn’t sharp, but it felt warm and familiar.","relief"
"557","The recipe she tried didn’t turn out perfect, but it wasn’t a disaster either. She chuckled, deciding it was good enough for dinner.","neutral"
"558","The rain drizzled lightly against the window. She watched it fall, not sad or happy, just content to observe the quiet rhythm of the drops.","neutral"
"559","The small gift bag sat on her desk. She wasn’t expecting anything, and the surprise brought a quiet sense of gratitude.","love"
"560","The streetlights flickered as she walked home. The empty street wasn’t eerie, just oddly peaceful in its silence.","neutral"
"561","The missing sock from the laundry didn’t upset him. It was such a small thing that he laughed at the absurdity of its disappearance.","fun"
"562","The forgotten voicemail she stumbled upon was from months ago. She debated whether to listen, feeling a faint apprehension.","worry"
"563","The new notebook lay open in front of her, its blank pages inviting but slightly daunting. She hesitated before writing the first word.","neutral"
"564","The dog barked enthusiastically as she approached the park gate. She smiled, not at the sound itself, but at the unfiltered joy it conveyed.","happiness"
"565","The old quilt on the chair was faded but still warm. She wrapped it around herself, feeling a quiet sense of safety.","relief"
"566","The sound of shuffling feet behind her made her turn. It wasn’t threatening, just unexpected, like a harmless interruption.","surprise"
"567","The crowded café buzzed with chatter. He sipped his coffee, content to blend into the background and observe.","neutral"
"568","The dim light of the single lamp in the room made the space feel smaller, but not uncomfortable—more like a cocoon than a cage.","neutral"
"569","The misplaced document wasn’t urgent, but she spent a few moments searching, mildly annoyed by the disorganization.","worry"
"570","The faint laughter of children playing outside drifted through the open window. It wasn’t disruptive, just a gentle reminder of life beyond her desk.","neutral"
"571","The slight crinkle of the wrapping paper as he unfolded the gift made her heart skip a beat. It wasn’t the contents, but the thought behind it that touched her.","love"
"572","The melody of a street performer’s violin floated through the air. She paused for a moment, letting the music wash over her, feeling quietly moved.","happiness"
"573","The puzzle piece in her hand didn’t fit anywhere obvious. She set it down, deciding to let the answer reveal itself later.","neutral"
"574","The faint hum of the refrigerator was the only sound in the house. It wasn’t unsettling, but it underscored the deep stillness around her.","empty"
"575","The faint glow of the sunrise on the horizon caught his eye. It wasn’t spectacular, but it held a quiet promise of a new day.","relief"
"576","The out-of-date calendar on the wall made her chuckle. She left it there, appreciating the humor of living in the past just a little longer.","fun"
"577","The uneaten slice of cake in the fridge wasn’t tempting her anymore. It sat there, a remnant of yesterday’s small celebration.","neutral"
"578","The echo of footsteps in the empty hallway was faintly disconcerting. She paused briefly, her imagination running ahead of her.","worry"
"579","The breeze carried the scent of fresh bread from the bakery down the street. It wasn’t a strong smell, but it pulled at her hunger just enough to quicken her pace.","neutral"
"580","The starless sky above felt heavy. He stood outside, staring up, not searching for meaning, just letting the weight of it sit with him.","empty"
"581","The library was quiet except for the occasional rustle of pages being turned. He sat at a table near the window, absently watching as a squirrel darted across the lawn. His book lay open, but he hadn’t read a word in minutes. The stillness of the room matched his mood—neither restless nor content, just present.","neutral"
"582","The line at the grocery store moved slowly. She shifted her weight from one foot to the other, her basket balanced on her arm. She glanced at her phone, then at the items on the conveyor belt. Nothing pressing waited for her at home, so the delay didn’t bother her much. She let her thoughts drift as the cashier continued scanning items.","neutral"
"583","The rain pattered softly against the windowpane as he stared at his computer screen. The blank document in front of him wasn’t urgent, just a task he needed to start. His fingers hovered over the keyboard for a moment before retreating. He reached for his mug of coffee instead, deciding it could wait a little longer.","neutral"
"584","The elevator dinged softly as it reached her floor. She stepped inside and pressed the button for the lobby, her reflection faintly visible in the polished steel doors. The ride was brief, interrupted only by the quiet hum of the machinery. As the doors slid open, she stepped out and continued her day, her thoughts already elsewhere.","neutral"
"585","The park bench creaked slightly as he sat down, the early morning air cool against his face. Joggers passed by, their rhythmic steps fading quickly into the distance. He wasn’t here for any particular reason, just enjoying the solitude before the day began. A dog barked in the distance, and he glanced up briefly before returning to his quiet reflection.","neutral"
"586","The clock on the wall ticked steadily as she waited for her appointment. The waiting room was sparsely decorated, with magazines scattered on the coffee table. She flipped through one idly, not really reading. The faint hum of a water cooler filled the silence, punctuated occasionally by footsteps in the hallway. It was neither uncomfortable nor relaxing—just time passing.","neutral"
"587","The train rumbled softly as it sped along the tracks. He stared out the window, watching the landscape blur into streaks of green and gray. Passengers around him chatted quietly or tapped on their phones, but he paid them little attention. His stop was still several minutes away, giving him plenty of time to sit and think about nothing in particular.","neutral"
"588","The light in the café was warm but dim, creating a cozy atmosphere. She sat at a small table near the window, her cup of tea steaming gently. Around her, others typed on laptops or spoke in hushed tones. She watched as a couple outside strolled by, their pace unhurried. The scene wasn’t particularly memorable, but it suited her mood just fine.","neutral"
"589","The department store was bustling with weekend shoppers. He wandered through the aisles without much purpose, his gaze occasionally landing on a sale sign or a new display. The faint sound of holiday music played in the background, but he didn’t register the tune. He picked up a pair of gloves, turned them over in his hands, and set them down again.","neutral"
"590","The small potted plant on her desk had grown a little taller since she brought it home. She leaned forward to inspect a new leaf unfurling, its bright green color a sharp contrast to the soil. It wasn’t much, but it was a reminder of small, quiet changes. She turned back to her computer screen, her task waiting patiently.","neutral"
"591","The crosswalk light changed, and he stepped onto the street along with the crowd. The city buzzed faintly around him—cars honking in the distance, snippets of conversation drifting past. His destination wasn’t far, so he walked at a steady pace, his thoughts as ordinary as the moment itself. The day wasn’t exciting, but it wasn’t dull either.","neutral"
"592","The bookstore smelled faintly of paper and ink, a comforting blend that made her pause just inside the door. She didn’t have a specific title in mind, so she wandered the aisles, picking up a book here and there. Some covers intrigued her; others she set down without a second glance. It wasn’t a productive visit, but it was pleasant.","neutral"
"593","The morning sunlight filtered through the blinds, casting faint lines across the hardwood floor. He stretched, glancing at the clock on the bedside table. There was no urgency to get up, but the day had to start eventually. He swung his legs over the side of the bed and stood, his mind still half-asleep as he padded toward the kitchen.","neutral"
"594","The museum exhibit was quieter than she expected. She moved slowly from one display to the next, reading the plaques without rushing. Other visitors murmured softly around her, their voices blending into a gentle background hum. She paused in front of an old painting, admiring its colors but feeling no deep connection. It was just a moment to pass the time.","neutral"
"595","The fan above the dining table turned lazily, its blades casting slow-moving shadows on the ceiling. He sat with a glass of water, his phone untouched on the table beside him. The house was still, save for the faint rustling of the trees outside. It wasn’t boring, exactly—just a kind of restful quiet that stretched through the afternoon.","neutral"
"596","The grocery bags rustled as she unloaded them onto the counter. The routine of putting away food was familiar, almost soothing in its predictability. She arranged the items neatly in the fridge, taking her time. The radio played softly in the background, a tune she didn’t know but found pleasant. The task wasn’t exciting, but it filled the moment comfortably.","neutral"
"597","The path through the woods was well-worn but still quiet, with only the sound of crunching leaves underfoot. He walked slowly, not in a hurry to reach the clearing. The air was cool, carrying the faint scent of pine. He paused briefly to adjust his scarf, glancing up at the canopy of branches above him. It was just another walk.","neutral"
"598","The vending machine beeped as she pressed the buttons, and a bag of chips dropped into the tray. She picked it up and walked back to her seat, opening it slowly. Around her, coworkers typed on their keyboards, the office buzzing softly with activity. The taste of the chips wasn’t great, but it was fine enough for an afternoon snack.","neutral"
"599","The art supplies were scattered across the table—brushes, tubes of paint, and a half-filled water jar. She dabbed at the canvas with her brush, not aiming for perfection but just enjoying the act of painting. The colors blended softly, creating a scene that wasn’t finished but felt satisfying. It was a quiet hobby, one she appreciated for its simplicity.","neutral"
"600","The mailman walked past her house, and she watched as he stopped a few doors down. There wasn’t anything urgent she was expecting, but she stepped outside anyway, glancing at the empty mailbox. The day was cool and overcast, with a light breeze that ruffled her hair. She stood there for a moment longer before heading back inside.","neutral"
"601","The empty park bench under the tree was inviting, so he sat for a while, letting the cool breeze brush against his face. Joggers and cyclists passed by, but he paid them little attention. A leaf fell from the tree and landed on the ground in front of him. It wasn’t a significant moment, just a peaceful pause in his day.","neutral"
"602","The flight was delayed, but the airport wasn’t crowded. She found a seat by the window, watching planes taxi on the runway. The announcements over the intercom blended into the background as she scrolled through her phone. The delay was inconvenient but not upsetting—just another part of travel.","neutral"
"603","The streetlamp flickered once before coming to life, casting a soft glow on the sidewalk. He adjusted his backpack and continued walking. The street was quiet, with only the faint hum of distant traffic. It wasn’t a remarkable evening, but it was comfortable in its ordinariness. He passed the time thinking about tomorrow’s plans.","neutral"
"604","The smell of popcorn filled the theater lobby as she stood in line for her ticket. The poster for the movie caught her eye, though she wasn’t particularly excited to see it. It was just something to do. The line moved forward, and she handed over her payment. She found her seat and settled in as the lights dimmed.","neutral"
"605","The fountain in the town square bubbled gently as people strolled past. He sat on the edge, absently flicking through the news on his phone. The afternoon sun was warm but not too hot, and the occasional breeze brought some relief. It was an ordinary scene, neither exciting nor dull, but he felt at ease in its familiarity.","neutral"
"606","The quiet hum of the train car was punctuated by the occasional announcement. She watched the scenery blur past the window, her hands folded neatly in her lap. She had no pressing thoughts, just a vague awareness of time passing. It wasn’t a long trip, but she was content to let the journey unfold.","neutral"
"607","The small café was nearly empty, the smell of freshly brewed coffee filling the air. He stirred his drink absently, glancing occasionally at the book open in front of him. The words didn’t hold his focus, but he didn’t mind. It was a moment of pause, not meant for anything more than sitting quietly.","neutral"
"608","The box of old photos sat on the floor, its lid half-open. She picked up a picture and turned it over, squinting at the faded writing on the back. The memories were distant but not emotional—just fragments of the past. She set the photo aside and closed the lid, deciding to sort through them another day.","neutral"
"609","The sky outside the window was a flat gray, promising rain later in the day. He sipped his tea, the warmth spreading through his hands as he held the mug. The radio played softly in the background, a talk show he wasn’t really listening to. It was a simple morning, unremarkable but not unpleasant.","neutral"
"610","The classroom was mostly quiet, except for the faint sound of pencils scratching on paper. The test wasn’t particularly hard, but she took her time, carefully reviewing each answer. The teacher paced at the front of the room, occasionally glancing at the clock. It was just another school day, neither exciting nor stressful.","neutral"
"611","She stared at the empty chair across the table, a stark reminder of who used to sit there. The sound of rain outside mirrored her mood, each drop echoing the loneliness she felt. Memories of shared laughter and quiet conversations now felt like whispers in the wind. The house was still, but it felt too large, too hollow, without them.","sadness"
"612","The old photo album lay open on her lap, the faded pictures telling stories of happier times. She ran her fingers over a photograph of smiling faces, her own among them. But those moments felt like another lifetime, lost in the passage of years. She closed the album, unable to stop the tears that blurred the past and the present.","sadness"
"613","The little boy sat on the swings, his legs barely brushing the ground. He looked around the empty playground, his friends nowhere to be seen. The swing creaked softly as he pushed himself back and forth, the motion failing to lift his spirits. The laughter and joy he had expected were replaced by silence, heavy and unrelenting.","sadness"
"614","The letter lay crumpled on the desk, its words etched painfully in her mind. Each sentence seemed colder than the last, a final goodbye she hadn’t seen coming. She read it again, hoping the meaning would change, but it didn’t. The weight of the loss settled heavily in her chest, making it hard to breathe.","sadness"
"615","The autumn leaves scattered across the ground, their vibrant colors unable to lift her spirits. She walked slowly along the path, her hands deep in her pockets. The chill in the air seemed to seep into her heart, making the world feel even more distant. Each step felt heavier than the last, as though the weight of her emotions dragged her down.","sadness"
"616","The room was filled with the soft hum of the refrigerator, the only sound in the stillness. She sat at the kitchen table, her hands clasped tightly in front of her. The uneaten meal on her plate was a testament to her lack of appetite. She stared at the clock, each tick amplifying the emptiness inside her.","sadness"
"617","The old dog lay at her feet, its breathing shallow and labored. She gently stroked its fur, tears streaming down her face. The vet’s words echoed in her mind, each one more painful than the last. She knew the time was coming to say goodbye, but her heart ached at the thought of losing her loyal companion.","sadness"
"618","The echoes of his laughter still lingered in the hallways, though he was no longer there. She paused at the doorway to his room, the emptiness inside mirroring her own. The neatly made bed and untouched toys were a cruel reminder of his absence. She stepped inside, her heart breaking a little more with each glance around the room.","sadness"
"619","The rejection letter lay in her hands, its formal tone cutting deeper than she expected. She had poured her heart into the application, hoping for a chance to prove herself. But now, all that effort seemed wasted, and the dreams she had built around it felt shattered. She folded the letter carefully, though it felt like her hope had already crumpled.","sadness"
"620","The bouquet of wilted flowers sat on the counter, their once-vibrant petals now dull and lifeless. She remembered the day she had received them, the joy they had brought her then. Now, they were just a symbol of something that had faded, much like the relationship they had represented. She sighed, picking up the vase and carrying it to the trash.","sadness"
"621","The rain poured relentlessly outside, matching the storm in her heart. She sat by the window, watching the droplets race down the glass. Each one seemed to carry a piece of her sorrow, falling into the puddles below. The world outside felt cold and distant, offering no solace to the ache that consumed her.","sadness"
"622","The empty seat at the dinner table was a painful reminder of what she had lost. The clinking of cutlery and the murmur of conversation felt distant, like a hollow echo of the past. She forced a smile for the others, but her heart wasn’t in it. The absence was too loud, too heavy to ignore.","sadness"
"623","The faded note in her hand was all that remained of a love she thought would last forever. The ink was smudged in places, the words barely legible, but she didn’t need to read them again. She knew them by heart, each one etched into her memory like a scar. The paper trembled as she folded it, her tears falling silently.","sadness"
"624","The train station was bustling with activity, but he felt utterly alone. The sight of people reuniting with loved ones only deepened the ache in his chest. His own goodbye had been brief and painful, a moment he replayed over and over in his mind. The train whistle blew, and he watched it depart, taking with it a piece of his heart.","sadness"
"625","The once-vibrant garden now lay neglected, weeds overtaking the flowers she had carefully tended. She stood at the edge of the path, memories of sunny days and laughter filling her mind. But those days were gone, replaced by silence and solitude. She turned away, unable to bear the sight of something that once brought her so much joy.","sadness"
"626","The melody of the song played softly in the background, each note tugging at her heart. It was his favorite, a tune they had danced to countless times. Now, it felt like a ghost haunting her, a painful reminder of what she had lost. She closed her eyes, letting the music wash over her as tears slipped down her cheeks.","sadness"
"627","The letterbox was empty again, and with it went her hope of hearing from him. She had checked it every day, eagerly awaiting a sign that he still cared. But the silence stretched on, an invisible wall growing between them. She closed the mailbox, the emptiness inside matching the void in her heart.","sadness"
"628","The scarf he had left behind still carried his scent, a bittersweet reminder of his presence. She clutched it tightly, her fingers tracing the soft fabric. It felt like a lifeline, a fragile connection to someone who was no longer there. The memories it brought were both comforting and painful, a constant tug-of-war in her heart.","sadness"
"629","The sunset painted the sky in hues of orange and pink, but it brought her no comfort. She sat on the porch, her hands wrapped around a lukewarm cup of tea. The beauty of the moment felt like a cruel contrast to the sorrow she carried inside. She sighed, wishing for the heaviness in her chest to lift, even just a little.","sadness"
"630","The phone call had ended hours ago, but its weight still lingered. The words she had heard echoed in her mind, each one cutting deeper than the last. She sat on the edge of the bed, her hands clasped tightly together. The room felt colder somehow, as though the sadness had seeped into the very walls.","sadness"
"631","The silence in the house was deafening. The ticking of the clock seemed louder than usual, a reminder of the time slipping away. She sat on the couch, her gaze fixed on the empty chair across from her. The emptiness she felt was overwhelming, a void that no amount of distraction could fill.","sadness"
"632","The worn-out sneakers sat by the door, their laces frayed and soles scuffed. He remembered the adventures they had taken him on, each step filled with excitement and hope. Now, they were just a reminder of a time when things were simpler, happier. He picked them up, feeling the weight of memories they carried, and set them back down with a sigh.","sadness"
"633","The ocean waves crashed against the shore, their rhythmic sound failing to soothe her. She stood at the water’s edge, her toes sinking into the cool sand. The vastness of the sea made her feel even smaller, her sadness seeming to expand with each crashing wave. She turned away, the horizon offering no answers to the questions in her heart.","sadness"
"634","The unopened gift sat on the shelf, its bright wrapping paper now faded. It was meant for someone who was no longer here, a token of love that would never be received. She couldn’t bring herself to throw it away, though it served as a constant reminder of her loss. She sighed, brushing away a tear as she turned away.","sadness"
"635","The unfinished puzzle lay on the coffee table, pieces scattered in a way that mirrored her thoughts. She had started it with him, their laughter filling the room as they worked together. Now, it felt impossible to complete alone. She picked up a piece and placed it on the table, her hands trembling as she tried to fit it into place.","sadness"
"636","The hospital room was quiet, save for the soft beeping of the monitor. She sat by the bed, holding his hand tightly. The doctors had said there was nothing more they could do, but she wasn’t ready to say goodbye. The weight of the moment pressed down on her, each breath a painful reminder of what was slipping away.","sadness"
"637","The goodbye had been brief, a hurried exchange of words at the airport gate. Now, as she sat on the plane, the weight of the moment hit her. She stared out the window, the city shrinking below her, and felt the tears welling up. The distance between them wasn’t just physical—it felt like an unbridgeable chasm.","sadness"
"638","The childhood home felt smaller than she remembered, its walls closing in around her. The echoes of laughter and footsteps that once filled it were gone, replaced by an oppressive silence. She ran her hand along the banister, memories flooding her mind. But the warmth she once felt here was gone, replaced by a hollow ache.","sadness"
"639","The empty park bench was a cruel reminder of what she had lost. It was their spot, a place where they had shared countless conversations and moments of laughter. Now, it felt desolate, a symbol of the void left behind. She sat down, her fingers tracing the weathered wood as tears streamed down her face.","sadness"
"640","The suitcase sat by the door, packed and ready for a journey she didn’t want to take. Each item inside felt like a piece of her heart, carefully folded but heavy with emotion. She glanced around the room one last time, knowing it would be a long time before she returned. The goodbye was harder than she had anticipated.","sadness"
"641","The ceiling fan spun lazily, its soft hum the only sound in the room. She lay on the couch, scrolling aimlessly through her phone. Nothing seemed interesting, and even the memes she usually enjoyed felt dull. The hours stretched on, blending into each other without purpose.","boredom"
"642","The lecture dragged on, the professor’s monotone voice blending with the sound of pages turning. He tapped his pen against his notebook, his notes filled with random doodles instead of useful information. The clock ticked slowly, each second feeling like an eternity.","boredom"
"643","The office was quiet except for the occasional clicking of keyboards. She stared at the spreadsheet in front of her, her mind wandering to anything but work. The routine was suffocating, each day blending into the next without any change or excitement.","boredom"
"644","The rainy afternoon stretched endlessly as she stared out the window. The gray sky matched her mood, and the book in her lap remained unopened. Even the sound of raindrops tapping on the glass failed to provide a distraction from the monotony.","boredom"
"645","The game night wasn’t as lively as he had hoped. The group sat in silence, each person staring at their cards without much enthusiasm. The usual banter and laughter were missing, replaced by a heavy sense of disinterest that hung in the air.","boredom"
"646","The waiting room was almost empty, the clock on the wall ticking loudly in the silence. She flipped through an old magazine, the faded pages failing to hold her attention. Time seemed to crawl, each minute stretching longer than the last.","boredom"
"647","The road stretched out before him, endless and unchanging. The landscape was barren, and the monotonous hum of the car engine added to the tedium. He drummed his fingers on the steering wheel, desperate for something—anything—to break the monotony of the drive.","boredom"
"648","The small town square was nearly deserted, the shops closed and the streets quiet. He wandered aimlessly, his footsteps echoing in the stillness. The usual charm of the place felt absent, leaving only a dull sense of stagnation.","boredom"
"649","The book club meeting had started with enthusiasm, but now the discussion had veered into mundane territory. She sipped her tea, her gaze wandering to the clock on the wall. The words being exchanged around her felt repetitive, and she struggled to keep her attention focused.","boredom"
"650","The chessboard sat between them, the pieces unmoved for several minutes. Both players seemed more interested in staring at the ceiling than making their next move. The game had lost its spark, leaving a heavy silence that neither seemed eager to break.","boredom"
"651","The television played in the background, the same old sitcom she had seen a dozen times before. She didn’t bother changing the channel, knowing nothing else would catch her interest. The hours ahead felt endless, filled with the same predictable routines.","boredom"
"652","The summer heat was oppressive, making even small tasks feel like a chore. He sat on the porch, a glass of lukewarm lemonade in hand. The neighborhood was silent, the only sound the distant buzz of a lawnmower. There was nothing to do and nowhere to go.","boredom"
"653","The museum exhibit wasn’t what she had expected. The displays were dull, and the descriptions felt overly long and technical. She wandered from one section to another, her interest fading with each passing minute. The afternoon felt wasted.","boredom"
"654","The family reunion had started off lively, but now everyone was scattered around the house. Conversations had dwindled, and the children were glued to their phones. He sat in a corner, flipping through a photo album without much enthusiasm.","boredom"
"655","The board meeting dragged on, filled with monotonous presentations and charts. She glanced at her notebook, the pages filled with random scribbles instead of useful notes. The fluorescent lights above seemed to emphasize the dullness of the moment.","boredom"
"656","The park was unusually quiet, the usual chatter and laughter replaced by an eerie stillness. He sat on a bench, watching the ducks swim lazily in the pond. Even the activities he once found relaxing felt devoid of energy.","boredom"
"657","The office party had lost its excitement hours ago. The same playlist looped in the background, and the conversations were shallow and repetitive. She stood by the snack table, pretending to enjoy the stale chips as she watched the clock.","boredom"
"658","The rainy weekend was dragging on, the hours blending into one another. He had exhausted his usual distractions—movies, games, and books—and now sat staring at the wall. Even the thought of getting up felt like too much effort.","boredom"
"659","The library was nearly empty, its silence amplifying the dullness of her assignment. The words on the page blurred together as her mind wandered. The clock on the wall ticked loudly, each second dragging her closer to the inevitable yawn.","boredom"
"660","The neighborhood barbecue had settled into a lull, the initial excitement replaced by small talk and awkward silences. He leaned against the fence, sipping his soda and watching the embers of the grill slowly fade. Even the smell of cooking meat wasn’t enough to lift the atmosphere.","boredom"
"661","The waiting room was filled with outdated magazines and faded posters. She sat in the corner, glancing at her phone, but even scrolling through social media felt tiresome. The sound of the clock ticking filled the room, a constant reminder of the slow passage of time. She shifted in her seat, hoping for something to break the monotony.","boredom"
"662","The long summer afternoon seemed to stretch endlessly. He lay on the hammock, staring at the clouds as they drifted lazily across the sky. The book on his lap remained closed, its story unable to hold his interest. Even the chirping of birds felt repetitive, adding to his sense of ennui.","boredom"
"663","The lecture hall was dimly lit, and the professor's monotonous voice droned on about equations and theories. She doodled in her notebook, the margins filled with random sketches. The slides on the screen blurred together, and she couldn’t help but glance at the clock, wishing for the class to end.","boredom"
"664","The old diner was nearly empty, save for a couple of patrons quietly sipping their coffee. She stirred her drink absentmindedly, staring at the condensation forming on the glass. The conversation with her friend had dwindled into silence, both of them running out of topics to discuss. The air felt heavy with stillness.","boredom"
"665","The conference call dragged on, filled with technical jargon and unnecessary updates. He muted his microphone, leaning back in his chair as his eyes wandered to the window. The distant sound of traffic was more engaging than the voices on the other end of the line.","boredom"
"666","The museum gallery was quiet, the paintings lined up in perfect order along the walls. She moved from one exhibit to the next, but the descriptions felt dry and uninspired. The air-conditioned silence only amplified her disinterest, and she found herself yawning as she glanced at the next display.","boredom"
"667","The family road trip had lost its charm hours ago. The scenery outside was a repetitive blur of trees and highways, and the radio played the same songs over and over. She leaned her head against the window, the vibration offering the only distraction from the monotony.","boredom"
"668","The coffee shop was quiet, save for the occasional sound of the barista steaming milk. He sat at the corner table, staring at the blank page of his notebook. The inspiration he hoped to find never came, and the ticking of the clock on the wall only deepened his frustration.","boredom"
"669","The beach was deserted, the gray sky and cold wind discouraging any visitors. She walked along the shore, her footsteps sinking into the damp sand. The waves lapped at her feet, their rhythm almost hypnotic. Yet the stillness around her only heightened the sense of nothingness.","boredom"
"670","The neighborhood library was unusually quiet, even for a weekday. The librarian shuffled papers at the desk, while she wandered the aisles aimlessly. None of the titles caught her eye, and the faint smell of old books added to the oppressive stillness. She sighed, feeling the weight of time.","boredom"
"671","The train ride was uneventful, the passing landscape offering little variety. The other passengers were either engrossed in their books or staring blankly out the window. He flipped through the in-train magazine, its content as dull as the ride itself. The journey felt endless.","boredom"
"672","The park was nearly empty, with only a few joggers passing by. She sat on a bench, her gaze fixed on the distant fountain. The usual vibrancy of the place was absent, and the few birds that chirped sounded half-hearted. Even the sun seemed muted, casting dull shadows across the grass.","boredom"
"673","The rainy day felt endless as he stared at the drops sliding down the windowpane. He tried to read, but the words on the page failed to hold his attention. The house was too quiet, the ticking clock a constant reminder of the slow passage of time.","boredom"
"674","The small-town festival was underwhelming, with only a few stalls and sparse attendees. She walked through the area, passing the same vendors repeatedly. The music from the stage was subdued, and even the performers looked uninterested. She checked her watch, wondering how much longer she had to stay.","boredom"
"675","The evening gathering had turned into a series of awkward silences. The guests shifted in their seats, their conversations stalling after polite exchanges. She fiddled with the edge of her napkin, glancing around the room for something—anything—to spark her interest. The clock on the wall ticked loudly.","boredom"
"676","The shopping mall was eerily quiet, with only a handful of customers wandering the aisles. The bright lights and soft background music felt oppressive rather than inviting. She moved from one store to another, but nothing caught her attention. The entire outing felt like a waste of time.","boredom"
"677","The theater lobby was sparse, with only a few people milling about. She stood by the concession stand, staring at the posters for upcoming shows. None of them looked particularly interesting, and the faint smell of popcorn only added to her growing sense of disinterest.","boredom"
"678","The gym was unusually empty, the usual hum of activity replaced by silence. He moved through his workout routine half-heartedly, the lack of energy in the room affecting his own mood. Even the upbeat music playing over the speakers couldn’t shake the sense of monotony.","boredom"
"679","The town square was lifeless, its charm dulled by the overcast sky. She sat on a bench, watching the pigeons peck at crumbs on the ground. The sound of a distant bus engine was the only sign of movement, and even that faded quickly into the stillness.","boredom"
"680","The small gathering at the café had turned into a monotonous exchange of pleasantries. She sipped her coffee, her gaze wandering to the window. The lively street outside felt far more interesting than the repetitive conversations around her. She smiled politely, but her mind was elsewhere.","boredom"
"681","The announcement of the concert had her buzzing with excitement. She checked the date repeatedly, planning her outfit and imagining the songs they’d perform. The thought of being in the crowd, singing along with thousands of fans, sent shivers down her spine. It was all she could think about.","enthusiasm"
"682","The day of the science fair had finally arrived. His project was set up perfectly, and he couldn’t wait to explain it to the judges. The energy in the room was infectious, with students bustling around to showcase their work. He felt a surge of pride and anticipation.","enthusiasm"
"683","The new season of her favorite show had just dropped, and she was already planning a binge-watching session. She grabbed snacks, set up her cozy corner, and eagerly clicked 'play'. Each episode promised twists and surprises, and she couldn’t wait to dive in.","enthusiasm"
"684","The email confirming her acceptance into the art program made her jump out of her seat. She reread it several times, unable to contain her joy. She immediately called her best friend, her voice trembling with excitement as she shared the life-changing news.","enthusiasm"
"685","The first snow of the season had her running to the window with childlike glee. She quickly bundled up and dashed outside, savoring the crunch of snow underfoot. She threw snowballs, built a tiny snowman, and laughed like she hadn’t in years.","enthusiasm"
"686","The moment the team scored the winning goal, the entire stadium erupted in cheers. He jumped up from his seat, fists in the air, shouting with the crowd. The energy was electric, and he felt an overwhelming sense of connection and celebration.","enthusiasm"
"687","The festival grounds were alive with music and lights. She ran from one booth to another, trying new foods and joining in the dances. Every corner held a new surprise, and her laughter echoed as she soaked in the vibrant atmosphere.","enthusiasm"
"688","The news of her promotion had her grinning ear to ear. She couldn’t wait to start her new role and take on the challenges ahead. Her mind buzzed with ideas and plans, and she felt an invigorating sense of accomplishment.","enthusiasm"
"689","The discovery of a new hiking trail filled him with excitement. He packed his gear, eager to explore the untouched paths and capture stunning views. The anticipation of adventure made him feel alive, and he couldn’t wait to set off.","enthusiasm"
"690","The theater lights dimmed, and she clutched her playbill tightly. This was the premiere of the show she’d been anticipating for months. As the curtain rose, she leaned forward in her seat, her heart pounding with excitement for what was to come.","enthusiasm"
"691","The release of the highly anticipated video game had him up at midnight. He eagerly downloaded it, his hands trembling as he started the first level. The immersive graphics and gripping storyline exceeded his expectations, and he couldn’t contain his excitement.","enthusiasm"
"692","The charity marathon had finally arrived, and she stood at the starting line with a wide grin. The atmosphere was filled with positivity and determination. She stretched her legs, feeling a surge of energy as she prepared to run for a cause close to her heart.","enthusiasm"
"693","The moment her favorite author announced a new book, she pre-ordered it without hesitation. She eagerly marked the release date on her calendar and couldn’t stop speculating about the plot. The anticipation filled her with a contagious excitement.","enthusiasm"
"694","The smell of freshly baked cookies filled the kitchen, and she clapped her hands in delight. Baking with her grandmother was her favorite pastime, and she loved trying out new recipes. The sight of golden-brown cookies emerging from the oven made her squeal with joy.","enthusiasm"
"695","The announcement of the school play auditions had her practicing lines all evening. She loved the stage and couldn’t wait for her chance to shine. Her heart raced with excitement at the thought of performing in front of an audience.","enthusiasm"
"696","The roller coaster climbed higher and higher, and her heart raced in anticipation. As they reached the top, she threw her hands in the air, laughing with exhilaration. The rush of adrenaline as they plummeted down was exactly the thrill she had been craving.","enthusiasm"
"697","The idea of starting her own blog had her brainstorming for hours. She jotted down ideas, sketched out themes, and imagined reaching readers worldwide. The thought of sharing her passions with others filled her with boundless excitement.","enthusiasm"
"698","The announcement of their weekend getaway had him packing his bag with a wide smile. The thought of hiking, bonfires, and stargazing made him feel like a kid again. He couldn’t wait to escape the city and embrace the adventures ahead.","enthusiasm"
"699","The sight of the amusement park rides made her squeal with joy. She grabbed her friend's hand, dragging them toward the tallest roller coaster. The day promised thrills, laughter, and memories she’d cherish forever.","enthusiasm"
"700","The invitation to join the debate team was a dream come true. She couldn’t wait to write her arguments, refine her skills, and compete. The idea of standing on stage, presenting her case, and engaging in intellectual battles filled her with fiery enthusiasm.","enthusiasm"
"701","The tickets to the much-awaited art exhibit were finally in her hands. She could barely wait to see the masterpieces she’d only read about. Each brushstroke, each sculpture would tell a story, and she felt a thrill just imagining the creative brilliance awaiting her.","enthusiasm"
"702","The announcement of a talent show at school had him practicing his guitar non-stop. He pictured himself on stage, the spotlight shining on him as he performed. The thought of showcasing his skills and receiving applause filled him with boundless energy.","enthusiasm"
"703","The camping trip was all she could talk about. She imagined the crisp mountain air, the crackling campfire, and sleeping under the stars. Every detail of the trip excited her, from packing her gear to roasting marshmallows at night.","enthusiasm"
"704","The grand opening of the new bookstore had her buzzing with excitement. She could already imagine the smell of fresh books and hours of exploring every aisle. She planned to be the first in line, ready to immerse herself in the world of stories.","enthusiasm"
"705","The thought of flying for the first time made his heart race. He couldn’t wait to feel the rush during takeoff and see the world from above. He eagerly read about airplanes, imagining himself sitting by the window, marveling at the clouds.","enthusiasm"
"706","The football practice was the highlight of his week. He loved the energy, the camaraderie, and the adrenaline rush of every game. As he laced up his cleats, he couldn’t wait to get on the field and give it his all.","enthusiasm"
"707","The colorful posters for the music festival made her grin from ear to ear. She imagined the vibrant crowds, the electrifying performances, and dancing under the stars. The idea of spending the weekend immersed in music filled her with pure joy.","enthusiasm"
"708","The invitation to join the robotics competition had him eagerly sketching out designs. He couldn’t wait to build something incredible and test it in action. The thrill of innovation and the chance to compete with other brilliant minds made him restless with anticipation.","enthusiasm"
"709","The city marathon was just days away, and she was counting down every second. She had trained for months and felt ready to cross that finish line. The thought of the cheering crowds and the accomplishment waiting for her filled her with uncontainable excitement.","enthusiasm"
"710","The summer carnival was finally here, and he was ready for all the rides, games, and food. The Ferris wheel, the bumper cars, the cotton candy—it was all he could think about. He couldn’t wait to dive into the lively atmosphere.","enthusiasm"
"711","The sudden news of a flash sale at her favorite store had her rushing out the door. She pictured all the outfits she could grab and the thrill of finding hidden gems at bargain prices. Shopping had never felt this exciting.","enthusiasm"
"712","The chance to paint a mural for the community center was a dream come true. She gathered her supplies and sketched out her vision, eager to bring it to life. The thought of seeing her work displayed for everyone to admire made her heart soar.","enthusiasm"
"713","The family vacation to the tropical island had her packing days in advance. She dreamed of lounging on sandy beaches, snorkeling in clear waters, and exploring lush forests. Every detail of the trip filled her with joyous anticipation.","enthusiasm"
"714","The startup pitch competition was a golden opportunity. He spent hours perfecting his presentation, imagining himself convincing the judges and investors. The idea of turning his vision into reality fueled his excitement and determination.","enthusiasm"
"715","The premiere of her dance performance had her practicing with unrelenting passion. She imagined the applause, the stage lights, and the thrill of executing every move perfectly. She couldn’t wait to share her art with the audience.","enthusiasm"
"716","The community garden project had her eagerly planting seeds and planning layouts. She imagined the vibrant blooms and fresh vegetables she’d grow, picturing the joy of watching her hard work flourish. The collaboration with neighbors made it even more exciting.","enthusiasm"
"717","The news of her first photography exhibition left her ecstatic. She visualized her photos framed on the walls, the reactions of viewers, and the sense of accomplishment. It felt surreal, and she couldn’t wait to share her perspective with the world.","enthusiasm"
"718","The sudden opportunity to join a cross-country road trip had him grabbing his backpack without hesitation. He imagined the scenic routes, the laughter with friends, and the freedom of the open road. The sense of adventure was exhilarating.","enthusiasm"
"719","The news that her favorite author would be signing books nearby had her giddy with excitement. She immediately made plans to attend, imagining the joy of meeting the person behind the stories she loved. It felt like a once-in-a-lifetime opportunity.","enthusiasm"
"720","The invitation to a cooking competition had her brainstorming recipes with unstoppable enthusiasm. She pictured herself in the kitchen, whipping up creative dishes and presenting them to the judges. The idea of showcasing her skills filled her with fiery determination.","enthusiasm"
"721","The water balloon fight broke out unexpectedly, and soon everyone in the yard was drenched and laughing. Kids and adults alike dashed around, dodging and hurling balloons. The air was filled with shouts and splashes, making it a day to remember.","fun"
"722","The karaoke night turned into a hilarious affair as friends belted out off-key renditions of their favorite songs. The room was filled with laughter, clapping, and playful banter. Even the shy ones couldn’t resist grabbing the mic and joining in.","fun"
"723","The game night at her friend's house was always a highlight of the week. From board games to charades, everyone brought their competitive spirit and a good sense of humor. The silly mistakes and unexpected victories kept them all laughing for hours.","fun"
"724","The kids discovered an old treasure map in the attic and decided to follow it through the woods. They laughed at the absurd clues and made up ridiculous stories about the ‘pirates’ who hid the treasure. By the end of the day, they were tired but thrilled.","fun"
"725","The comedy show had everyone rolling in their seats. The performer’s quick wit and hilarious anecdotes had tears streaming down their faces. It felt great to laugh freely and share the joy with the crowd.","fun"
"726","The backyard barbecue turned into an impromptu dance party when someone cranked up the music. Neighbors joined in, showing off silly moves and teaching each other the latest trends. The evening was filled with laughter and cheerful chaos.","fun"
"727","The escape room challenge had them scrambling to solve puzzles and decipher clues. Every wrong guess and unexpected twist had them in fits of laughter. The thrill of working together to beat the clock made it an unforgettable experience.","fun"
"728","The pet costume contest at the park was the highlight of the day. Dogs dressed as superheroes, cats as tiny chefs—every outfit brought smiles and laughter. The playful antics of the pets made it even more delightful.","fun"
"729","The beach volleyball game was a mix of clumsy dives and unexpected saves. Sand flew everywhere as everyone tried their best to keep the ball in play. The friendly competition and shared laughs made it a perfect day.","fun"
"730","The scavenger hunt at the company picnic had everyone running around with wild energy. Teams searched high and low, interpreting clues in the most ridiculous ways. The quirky challenges and playful teasing kept everyone in high spirits.","fun"
"731","The family trip to the amusement park was filled with giggles and screams of delight. From bumper cars to goofy photo ops, they packed the day with memorable moments. Every ride and snack break added to the joy.","fun"
"732","The impromptu snowball fight started with one cheeky throw and quickly escalated. Laughter echoed as they built snow forts, crafted the perfect snowballs, and plotted sneak attacks. By the end, they were soaked but couldn’t stop smiling.","fun"
"733","The group decided to try an art class, and the results were hilariously bad. From misshapen pottery to overly colorful paintings, everyone ended up laughing at their creations. It was more about the experience than the outcome.","fun"
"734","The annual neighborhood talent show was a mix of hidden talents and unintentional comedy. From kids performing magic tricks to adults attempting dance routines, every act brought hearty laughs and applause.","fun"
"735","The idea to have a themed movie marathon led to everyone dressing up as their favorite characters. The costumes were creative and often ridiculous, adding to the laughter as they watched and quoted their favorite scenes together.","fun"
"736","The water slide at the park was an instant favorite. Everyone cheered each other on as they took the plunge, screaming with joy and laughter. The shared excitement made it a day they’d talk about for years.","fun"
"737","The evening of backyard camping turned into a hilarious adventure. From setting up a tent that kept collapsing to telling over-the-top ghost stories, everyone ended up laughing until their sides hurt.","fun"
"738","The paintball match was a whirlwind of colorful chaos. They ducked and dashed, laughing at each other’s bright splatters and over-the-top victory dances. It was competitive yet ridiculously fun.","fun"
"739","The DIY pizza party turned into a creative contest. Everyone tried to outdo each other with bizarre toppings and hilarious combinations. Laughter filled the kitchen as they sampled each other’s culinary experiments.","fun"
"740","The banana boat ride had them holding on for dear life as they bounced over the waves. Shrieks and laughter erupted with every sharp turn and splash, leaving them exhilarated and soaked by the end.","fun"
"741","After hours of waiting, the doctor came out with a reassuring smile. 'The surgery was a success,' he said. The weight on her chest lifted instantly, and she let out a deep breath, her eyes welling up with tears of gratitude.","relief"
"742","The storm finally passed, and the sun began to peek through the clouds. The sound of raindrops fading away was replaced by birds chirping. He looked outside, relieved to see no major damage to his home or neighborhood.","relief"
"743","When the results of her final exam appeared on the screen, she saw she had passed. All the sleepless nights and anxiety melted away in an instant. She smiled, feeling light and free for the first time in weeks.","relief"
"744","The missing wallet was found at the lost and found desk. He had been searching everywhere, convinced it was gone forever. Holding it in his hands again, he sighed deeply, a sense of calm washing over him.","relief"
"745","As the car engine finally roared to life after countless tries, he laughed nervously. Stranded on the side of the road had been nerve-wracking, but now he could head home without worry. It felt like a narrow escape.","relief"
"746","The dreaded presentation was over, and she’d managed to get through it without a hitch. As she walked back to her seat, the tension in her shoulders eased. She couldn’t stop smiling, feeling proud and immensely relieved.","relief"
"747","The letter he had been waiting for finally arrived, confirming that the job offer was official. He sank into his chair, smiling. The endless days of uncertainty were behind him, and he could finally relax.","relief"
"748","The toddler’s loud cry had startled everyone, but when she got up and smiled, they all exhaled in unison. She was perfectly fine, and the momentary panic transformed into collective relief.","relief"
"749","The power came back on just in time for dinner. The family cheered as lights flickered on, and the hum of the refrigerator resumed. No more worrying about spoiled food or eating by flashlight.","relief"
"750","He was late for the meeting and rushed to check his calendar, only to realize it had been rescheduled. A wave of relief washed over him, knowing he had avoided a potential disaster.","relief"
"751","The vet assured her that her dog’s injury was minor and would heal quickly. She felt a knot in her stomach untangle, and she hugged her pup tightly, grateful for the good news.","relief"
"752","The flight delay was frustrating, but seeing her luggage appear on the carousel brought instant relief. She had worried it would be lost, but now she could finally relax and enjoy her trip.","relief"
"753","The phone rang, and the voice on the other end confirmed that the lost package had been delivered to the right address. She sighed deeply, thankful that the gift she sent wasn’t lost forever.","relief"
"754","When the alarm clock rang, he realized it was Saturday and he didn’t have to go to work. He chuckled, sinking back into bed, the tension of the week evaporating in an instant.","relief"
"755","The noise from the kitchen turned out to be a falling broom, not a broken appliance. She laughed at her own panic, feeling silly but glad nothing serious had happened.","relief"
"756","After pacing nervously outside the office, she was told her visa application had been approved. She clasped her hands in gratitude, relieved that her months of preparation had paid off.","relief"
"757","The police officer waved him off with a warning instead of a ticket. He muttered a quick thank you, his pulse finally slowing. It was a close call, but he could now breathe easy.","relief"
"758","Her son called to say he had arrived safely after a long journey. She had been on edge all day, and now her heart could finally settle. She smiled, grateful and at peace.","relief"
"759","The email subject line read, 'No further action required.' He opened it quickly to confirm, then leaned back in his chair, chuckling. The audit had been stressful, but now it was officially over.","relief"
"760","The plumber fixed the leaking pipe, and the sound of dripping water finally stopped. She sighed with relief, knowing the problem wouldn’t escalate into a flood. It felt like a burden had been lifted.","relief"
"761","He couldn’t stand the way his colleague spoke to him, as though his opinions didn’t matter. Every word seemed condescending, and it took all his energy to keep his frustration in check. The feeling of being constantly belittled had begun to erode his patience.","hate"
"762","She hated the way people tried to impose their beliefs on her without understanding her perspective. Every argument turned into a battle of ideologies, and no one was willing to listen. The constant push to conform made her feel trapped.","hate"
"763","The traffic jam was unbearable, and the honking horns made his blood boil. The drivers seemed oblivious to the chaos they were causing, as though everyone else’s time didn’t matter. The more he tried to stay calm, the more the anger inside him grew.","hate"
"764","The way her ex had treated her still left a bitter taste in her mouth. The lies, the deceit—it all felt like a betrayal of trust. Every time she thought about it, the resentment flared up again, leaving her with nothing but hate.","hate"
"765","He couldn’t stand how people judged others based on their appearance. The shallow remarks and assumptions made him sick, especially when they came from people he knew. It felt like a constant battle against ignorance, and the frustration was overwhelming.","hate"
"766","She hated the coldness of her workplace. The competitive atmosphere and constant gossip created an environment where no one felt truly supported. The backstabbing and power struggles drained her energy, leaving only a deep sense of resentment.","hate"
"767","Every time he saw the way some people treated animals, he felt an intense surge of anger. The disregard for the well-being of creatures made his blood boil, and the helplessness he felt when trying to speak up only added to his hatred for the cruelty.","hate"
"768","She had always hated how some people thought they were better than others, simply because of their wealth. The arrogance and entitlement that came with it were suffocating, and every interaction with them left her feeling small and insignificant.","hate"
"769","The constant manipulation from her friend had worn her down over time. Every time she tried to confront it, the friend played the victim, turning everything around. The gaslighting left her questioning her own sanity, and the hatred for the situation grew.","hate"
"770","He hated the way society glorified material success over genuine happiness. The constant pressure to achieve more, to have more, felt suffocating. The obsession with wealth and status left him disillusioned and frustrated.","hate"
"771","The unfair treatment at work, where hard work was overlooked while favoritism thrived, had created a deep sense of anger. The longer it continued, the more the resentment festered. It felt like nothing he did would ever be enough to gain the recognition he deserved.","hate"
"772","She hated how some people used social media to spread negativity. The constant barrage of criticism and judgment made her dread logging in. It felt like every platform had become a battleground for superiority, and it was exhausting.","hate"
"773","The betrayal of a close friend cut deeper than anything else. He had trusted them with his secrets, only to have them exposed to others for personal gain. The anger and hurt were so overwhelming, it was hard to know how to move forward.","hate"
"774","The constant noise in the city was maddening. The endless honking, sirens, and construction work created an environment of constant irritation. He longed for peace and quiet, but the city never seemed to give him a break.","hate"
"775","He hated how everything seemed to revolve around appearances. The emphasis on looking perfect, being flawless—he couldn’t stand it. It made people so focused on the wrong things, pushing them further away from what truly mattered.","hate"
"776","The thoughtless comments people made about his culture made his stomach turn. The ignorance and stereotypes perpetuated by those who didn’t care to learn enraged him. He hated the way his identity was reduced to something trivial in their eyes.","hate"
"777","She had grown to despise the constant drama in her social circle. The gossip, the petty fights—it all felt so draining. Every time she tried to distance herself from it, the negativity would pull her back in.","hate"
"778","The way he was constantly undermined by his boss made him furious. No matter how much effort he put into his work, his contributions were dismissed. The favoritism towards others felt like a slap in the face, and the hatred for the situation grew stronger.","hate"
"779","She hated the pressure to always be happy. People expected her to smile and act cheerful, even when she was struggling. The constant need to perform positivity felt suffocating, and it made her resentful of the expectations placed on her.","hate"
"780","The unfair judgment people passed on others, especially those they didn’t understand, left him filled with rage. The biases and assumptions made him feel powerless to change anything, and the more he witnessed, the more his hatred for the situation deepened.","hate"
"781","He hated the way she constantly played the victim. No matter the situation, she always managed to make it about herself, twisting the truth to fit her narrative. It was exhausting to deal with her constant need for attention.","hate"
"782","She couldn’t stand the way her family dismissed her dreams. Every time she expressed a new idea, they scoffed, claiming it was unrealistic. Their lack of support made her feel worthless, and the resentment grew each time they brushed her off.","hate"
"783","The political debate had spiraled out of control, and now everyone was shouting over each other. His hatred for the way people turned complex issues into simplistic arguments only intensified as he realized no one was willing to listen to the other side.","hate"
"784","She hated how he always managed to manipulate situations in his favor. No matter how many times she called him out, he never took responsibility. The dishonesty and constant game-playing made her blood boil.","hate"
"785","The endless stream of ads on every website he visited had become unbearable. It wasn’t just the constant interruptions; it was the way they tried to make him feel inadequate if he didn’t buy something. The commercialization of every space left him with a deep sense of irritation.","hate"
"786","He hated how some people took advantage of others’ kindness. Every time he helped someone, they seemed to expect more without ever offering anything in return. The feeling of being used and manipulated created a deep-seated anger.","hate"
"787","She hated how the media perpetuated unrealistic beauty standards. Every magazine cover and advertisement made her feel like she wasn’t enough. The constant comparisons to an ideal she could never reach only fueled her self-doubt and frustration.","hate"
"788","The gossip at work had become unbearable. Every day felt like a toxic environment where people talked behind each other’s backs. The lack of respect and constant undermining made him despise coming to the office.","hate"
"789","He hated how people dismissed his concerns as insignificant. Every time he voiced his opinion, he was met with indifference or mockery. The feeling of not being heard was one of the most frustrating things he had ever experienced.","hate"
"790","She hated how the world seemed to be obsessed with instant gratification. Everywhere she looked, people were more focused on short-term pleasures than long-term happiness. The constant desire for more, without appreciating what they already had, made her feel disconnected from the world.","hate"
"791","He despised how some people thought they were entitled to everything without earning it. The arrogance and sense of superiority were suffocating. It was as if nothing and no one mattered except their own desires and needs.","hate"
"792","She couldn’t stand the constant negativity around her. Everywhere she went, there were complaints, criticisms, and arguments. The lack of positivity was draining, and the more she witnessed it, the stronger her desire to escape grew.","hate"
"793","The way his father belittled his accomplishments made him seethe with anger. Every time he worked hard to achieve something, his father found a way to make it feel insignificant. The disappointment he felt turned into pure hatred.","hate"
"794","He hated the feeling of being invisible at work. Despite his hard work and dedication, he was never recognized or appreciated. The more he tried to prove himself, the more he felt like he was being ignored.","hate"
"795","She hated how everything seemed to revolve around money. The endless pursuit of wealth had turned society into a rat race, where only those with the most were valued. The obsession with materialism disgusted her.","hate"
"796","He hated how people judged others based on their past mistakes, never allowing them a chance to change. Every time he saw someone being dragged down for something they had already apologized for, his anger grew.","hate"
"797","She hated the way people treated her like an afterthought. No matter how much effort she put into relationships, it never felt like it was enough. The constant disregard for her feelings left her with a deep sense of resentment.","hate"
"798","He hated how his coworkers took credit for his ideas. Every time he shared a new concept, they would twist it into something that benefited them. The lack of acknowledgment made him want to quit altogether.","hate"
"799","She hated how some people were so quick to judge others without understanding their circumstances. The snap judgments, the assumptions—it all felt like an attack on her character. The lack of empathy only fueled her anger.","hate"
"800","The hypocrisy in the political system made him furious. He couldn’t stand how the people in power only cared about their own interests while disregarding the needs of the people they were supposed to represent. It felt like a never-ending cycle of betrayal.","hate"
"801","He wasn’t sure when it had started, but lately, he had found it difficult to enjoy the moments he once cherished. The small things that used to bring him joy now felt empty, like they were never meant to last.","hate"
"802","She often found herself rolling her eyes when she heard the same old advice from people who seemed to think they knew better. Their words felt like they had no real understanding of her situation, and it irritated her more than she cared to admit.","hate"
"803","The constant stream of unsolicited opinions had begun to wear on him. He had always been open to hearing others out, but there was something about the way people never seemed to ask if he wanted to hear their thoughts that left him frustrated.","hate"
"804","She sometimes wondered if people ever stopped to consider how their actions affected others. The thoughtless comments, the casual disregard for her feelings—it was the small things that started to pile up and leave her with a growing unease.","hate"
"805","He didn’t like how the office chatter always turned into gossip, as though no one could ever talk about something genuine. The way people whispered behind others' backs left him feeling uneasy, as though he couldn’t fully trust anyone around him.","hate"
"806","The more he thought about it, the more it bothered him that some people felt the need to make everything a competition. The need to one-up each other, even in the simplest of situations, slowly wore him down, making him resent the constant comparisons.","hate"
"807","She didn’t hate the person, but the way they acted around others made her uncomfortable. The false charm, the over-the-top compliments—it felt like a facade, and over time, it made her wary of their true intentions.","hate"
"808","He could never understand why people acted like they were above others. It wasn’t just the big gestures but the subtle ones—the condescending tone, the look of superiority—that left him feeling frustrated and disconnected.","hate"
"809","There was a subtle bitterness that had grown over time, like an undercurrent he couldn’t ignore. It wasn’t obvious, but the way things were always slightly off, always not quite right, left him feeling like he had been taken for granted.","hate"
"810","She found herself resenting how certain people never seemed to take responsibility for their actions. Instead, they deflected blame or played the victim. It wasn’t something she could always put her finger on, but it left her feeling unsettled.","hate"
"811","The conversations at work had become increasingly draining. It wasn’t that people were mean-spirited, but there was always an undertone of passive-aggressiveness, and that subtle tension had begun to eat away at him.","hate"
"812","She never fully understood why some people felt the need to constantly talk about themselves, as though their lives were the only ones that mattered. The more she listened, the more her patience thinned, and she started to avoid the conversations altogether.","hate"
"813","He couldn’t quite put his finger on it, but there was something about the way some people always seemed to speak in half-truths that unsettled him. It wasn’t lying, exactly, but it left him with a lingering discomfort that he couldn’t shake.","hate"
"814","The subtle dismissals over time had started to add up. A glance here, a quiet comment there—it wasn’t that anyone was outright rude, but the undercurrent of disregard for his contributions made him feel insignificant.","hate"
"815","She had always hated the small gestures of exclusion, the things that didn’t seem overt but stung nonetheless. A conversation that ended when she walked into the room, a decision made without her input—those little moments left a mark on her.","hate"
"816","It wasn’t the loud, angry remarks that bothered him—it was the quiet, judgmental stares. The way some people looked at him as though he didn’t belong or wasn’t up to par. The silent exclusion was far worse than any direct confrontation.","hate"
"817","He found himself quietly frustrated by the way people tended to rush through life without ever stopping to appreciate anything. The endless need for more, the pressure to always be busy—it was exhausting, and he was starting to resent it.","hate"
"818","She had never liked how some people would offer 'help' that really wasn’t help at all. It always felt like they were doing it for their own gain, making it clear that their good deeds came with invisible strings attached.","hate"
"819","It wasn’t hate, not exactly, but there was something about the way he was constantly interrupted that made him feel small. Every time he started to speak, someone else would jump in, as though his thoughts didn’t matter.","hate"
"820","He hated the way some people treated casual conversations like competitions. Everyone had to have a more interesting story, a more dramatic experience. The pressure to keep up was tiresome, and the constant need to impress left him feeling exhausted.","hate"
"821","He didn’t say much, but the way she rested her head on his shoulder in silence spoke volumes. There was an unspoken connection between them that needed no words. The comfort of just being together was enough.","love"
"822","It wasn’t the grand gestures that made her smile, but the little things—the way he remembered how she liked her coffee, or the way he always made sure she had her favorite blanket when she was cold. It was the quiet care that made her heart swell.","love"
"823","The way he looked at her from across the room, with that quiet, knowing smile, always made her feel like the center of his world. He didn’t need to say anything; his gaze said it all.","love"
"824","She didn’t need a ring or a declaration; it was in the small moments that mattered. The touch of his hand when they crossed the street, the little texts just to check in—those things made her feel cherished.","love"
"825","He didn’t have to try hard to make her laugh. It was the ease with which they shared moments—just sitting together, sharing a cup of tea, and enjoying the simple company of each other. It was in the quiet moments that his affection shone through.","love"
"826","There was something special about how they could sit in comfortable silence for hours, not needing to fill the space with conversation. Being near each other was all that mattered. It was a kind of connection that words couldn’t express.","love"
"827","She loved how he always seemed to know when she needed space and when she needed comfort. It wasn’t about constant attention; it was about respect for each other’s needs and the quiet understanding between them.","love"
"828","He watched her from across the room, not in a way that demanded attention, but with a quiet admiration. It wasn’t the obvious affection that was noticed by others; it was the subtle moments of appreciation that made her feel loved.","love"
"829","It wasn’t the flowers or the notes—it was the way he made her feel seen, every day. The way he remembered the little details about her, and how he cared for her without ever asking for anything in return. It was in the small, consistent acts of kindness.","love"
"830","She loved the way they could finish each other’s sentences, the way they shared the same sense of humor, and how they never grew tired of each other’s company. It wasn’t loud or showy, but the connection between them was undeniable.","love"
"831","The way he would pause and wait for her opinion before making a decision made her feel valued. There was no rush, no pressure—just a quiet trust that they were both on the same team, facing life together.","love"
"832","Sometimes love wasn’t about the perfect moments but the imperfect ones. The way they could laugh at themselves, at their little mishaps, and how those moments made her feel even more connected to him.","love"
"833","She loved the way he listened to her, really listened, as if her words were the most important thing in the room. He never rushed her, never interrupted—he made her feel heard and understood, and that made all the difference.","love"
"834","There was something in the way he showed up, every time, without a need for acknowledgment. It wasn’t the overt acts of love but the steady consistency that made her heart swell with appreciation.","love"
"835","It wasn’t the big declarations that made her feel loved, but the quiet support in everyday moments. The way he’d bring her a cup of tea when she was working late, or the little notes he left to brighten her day.","love"
"836","They didn’t need to say much to convey how much they meant to each other. It was the simple act of sitting together after a long day, sharing the same space, that made her heart feel full.","love"
"837","The way he noticed when she was feeling off, without her even saying anything, made her feel cherished. He didn’t need to fix everything—he just needed to be there, a steady presence in the storm.","love"
"838","It wasn’t about the grand plans or the flashy gifts; it was the quiet understanding between them. The way he always knew when she needed space or when she just needed someone to hold her hand. It was the little things that meant the most.","love"
"839","She loved how he supported her dreams without ever pushing her. He never tried to change her or mold her into someone else. Instead, he stood beside her, encouraging her to chase what made her happy.","love"
"840","There was a quiet intimacy in the way they exchanged glances, in the way their hands brushed as they passed each other. It was the simple gestures that made her feel as though she was exactly where she was meant to be.","love"
"841","The sun was setting, casting a warm golden glow over everything. They sat together, watching the sky change colors, completely at peace. It was one of those moments where everything just felt right, and there was nothing else they needed.","happiness"
"842","She smiled as she watched the children play in the park, their laughter echoing in the air. The simple joy of seeing them so carefree filled her heart with warmth, making everything around her feel light and beautiful.","happiness"
"843","He couldn’t help but feel a surge of joy when he saw his old friends after so long. The familiar faces, the laughter, and the easy conversations were just what he needed. It was a reminder of the simple things that brought happiness.","happiness"
"844","The day was perfect—clear skies, a gentle breeze, and a sense of calm. As they walked along the beach, hand in hand, everything felt effortless, and a deep sense of happiness washed over them.","happiness"
"845","She woke up to the sound of birds singing outside her window, the first rays of sunlight streaming into the room. It was a small moment, but it filled her with a sense of gratitude and happiness that lasted the whole day.","happiness"
"846","He sat on the porch, watching the world go by with a cup of coffee in his hand. There was no rush, no pressure, just the simple pleasure of being in the moment. Happiness was found in the quiet moments like this.","happiness"
"847","They didn’t need anything extravagant to feel content. A quiet evening spent together, sharing a meal, laughing over old memories—it was in these simple, shared moments that their happiness thrived.","happiness"
"848","She looked at the flowers blooming in her garden, their vibrant colors filling the space with life. There was something about nature that made everything feel right, and in that moment, she felt pure happiness.","happiness"
"849","As the music played and the crowd cheered, he couldn’t help but feel a deep sense of happiness. The energy, the excitement, and the sense of connection made everything feel vibrant and alive.","happiness"
"850","He couldn’t remember the last time he had laughed so much. The jokes, the stories, the lighthearted moments—they made everything feel lighter, and for once, his worries didn’t seem so important.","happiness"
"851","She sat by the fire, wrapped in a blanket, sipping hot cocoa. The warmth from the fire and the peaceful surroundings made her feel content. It wasn’t much, but in that moment, she felt truly happy.","happiness"
"852","The sound of waves crashing against the shore, the scent of salt in the air—it was moments like these that made her feel deeply connected to the world around her. Happiness was in the simple pleasures of life.","happiness"
"853","They found a quiet spot on the hillside, watching the stars twinkle in the night sky. There was a peace that settled over them, and in the silence, they felt an overwhelming sense of happiness together.","happiness"
"854","The surprise visit from her childhood friend brought a rush of joy. They hadn’t seen each other in years, but the laughter and conversations picked up right where they had left off. It felt like home.","happiness"
"855","He looked at the photo album they had put together over the years, reminiscing about all the happy moments they had shared. The memories brought a smile to his face, and a feeling of warmth filled his heart.","happiness"
"856","She received a thoughtful letter from a close friend, full of kind words and well wishes. It wasn’t the gift that made her happy, but the sincerity and thoughtfulness that came with it.","happiness"
"857","The warmth of a hug from a loved one, the feeling of being truly understood—it was in moments like these that he realized how happy he was, not because of what he had, but because of who he shared it with.","happiness"
"858","They spent the afternoon walking through the park, talking about everything and nothing. The joy of simply being in each other’s company was enough to make the day perfect.","happiness"
"859","She felt a burst of happiness when her favorite song came on the radio. It was one of those songs that brought back memories and made her heart feel full, as though the world was in harmony.","happiness"
"860","He was finally home after a long trip, and as he stepped inside, the familiar sights and sounds of his own space filled him with happiness. Sometimes, the best feeling was just being where you belonged.","happiness"
"861","They spent the afternoon at the amusement park, riding roller coasters and eating cotton candy. Laughter filled the air as they raced from one ride to the next, enjoying every moment of pure fun.","fun"
"862","He didn’t care that it was late. They were playing board games, and every laugh and playful challenge made the evening feel like a celebration. It wasn’t about winning; it was about the joy of being together.","fun"
"863","The sun was shining, and they were racing through the park, playing frisbee and enjoying the fresh air. There was no plan, no schedule—just spontaneous fun that made the day unforgettable.","fun"
"864","The group of friends gathered for a karaoke night, singing off-key and laughing at their silly performances. The joy wasn’t in the perfect notes, but in the fun of letting go and enjoying the moment.","fun"
"865","They had spent hours at the lake, jumping off rocks into the water, laughing as they tried to outdo each other with tricks. It wasn’t about perfection—it was about pure fun and freedom.","fun"
"866","She loved spontaneous road trips. No destination, no plans, just a car full of music and laughter. The fun was in the journey itself, in the unexpected stops and the adventures that came along the way.","fun"
"867","The kids were running through the sprinklers, their laughter echoing across the yard. There was something infectious about their joy, and for a moment, it felt like being a child again—carefree and full of fun.","fun"
"868","The snow was falling lightly, and they were making snowmen and having snowball fights. Every moment was filled with laughter, with each playful throw or silly joke turning the day into a burst of fun.","fun"
"869","They were having a picnic in the park, playing frisbee and eating too many sandwiches. The sky was clear, and the atmosphere was light—everything felt easy and full of fun.","fun"
"870","They spent the whole afternoon at the beach, building sandcastles and challenging each other to races along the shore. The warm sun, the salty air, and the laughter—it was all pure fun.","fun"
"871","They had a friendly competition to see who could make the most elaborate paper airplane. Every time one flew across the room, they couldn’t help but burst into laughter, their faces lighting up with pure fun.","fun"
"872","The family had gathered for a picnic, but it quickly turned into a full-on water balloon fight. Everyone was soaked, laughing, and out of breath, but it was exactly the kind of fun they all needed.","fun"
"873","She was playing video games with her friends, the competitive banter making the game even more exciting. It was the kind of fun that made you forget everything else, completely immersed in the moment.","fun"
"874","They spent hours at the carnival, trying every ride and game. The bright lights, the music, and the thrill of each attraction created an atmosphere of non-stop fun.","fun"
"875","The group of friends was in a park, playing tag and laughing until their stomachs hurt. It wasn’t about anything serious—just running around, being silly, and having fun without a care in the world.","fun"
"876","She took her bike out for a spin, speeding down the hills with the wind in her hair. Every turn, every bump in the road was just another moment of carefree fun.","fun"
"877","The kids were having a talent show in the living room, each of them performing something hilarious or unexpected. The room was filled with laughter, with each performance bringing a new wave of fun.","fun"
"878","They were at an arcade, challenging each other to every game imaginable. The clink of coins, the flashing lights, and the excitement of trying to beat each other’s high scores made it the perfect fun-filled day.","fun"
"879","She spent the evening playing charades with friends, acting out ridiculous scenarios and laughing at each other’s attempts. There was no pressure, just a group of people enjoying the fun of being together.","fun"
"880","He took his dog to the park, throwing the ball and laughing as the dog ran after it, wagging its tail excitedly. The simplicity of the moment, filled with joy and fun, made it one of his favorite pastimes.","fun"
