tweet_id,content,sentiment,Detected Emotion
1752414968,Good Morning,neutral,happiness
1965295852,"I just put my computer up on craigslist. I've had the same case, monitor, and speakers for over 5 years.",empty,neutral
1696219218,in ten minutes shopping   demi lovato-back around demi lovato-behind enemy lines have you all seen the titanic 2 trailer? its really good!,love,neutral
1961416554,From twitterberry moved to ubertwitter - suffered from BB cache errors,neutral,worry
1695580473,@thriftymom TEAR*,sadness,neutral
1753331093,Ps... I got Ben Button today... completes my Best Picture noms....got all 5 now. It was a GREAT year!!,happiness,happiness
1963544918,"Just fell asleep for 2 &amp; 1/2 hours so missed both chances for first-look Hollyoaks, ugh",worry,worry
1751287108,"@VanetaRogers Thank ye, Vaneta.  Much appreciated",happiness,love
1966120040,@donttreeriddle Oh noes!! Melted ice cream = do not want.,sadness,neutral
1751819700,@orphanth i just had pasta  from pizzahut.,relief,neutral
1694384691,"@Snowgirl1972 have to avoid the burning desire to say I already have one  no, no room for piglets, just enough room for chucks",sadness,worry
1964205890,"@Antonisha man those people are hard to reach, I've been stalking H.R.",neutral,worry
1960627024,@deegospel Hey Dee... I wish I could make it to the mastermind session tomorrow  I'm in a wedding in Statesboro. hope to chat soon.,sadness,neutral
1962428802,@PinkBerryGirl Aniya666 yours wasn't there,worry,neutral
1753009480,laundry and loud music.... relaxing,relief,empty
1958064166,So sick &gt;.&lt; feeling shitty whole body aching!! Hope I get well before boo boo's grad show   sighs.........,worry,worry
1965335930,can't upload a picture. I already hate twitter,hate,hate
1966268372,@HeatherShorter wish I had something to toast with .... but all i have is a glass of water,neutral,worry
1695344074,5-4-09 what do you think ill be doing tonight,worry,worry
1753272443,One more thing &quot;Shattered&quot; is an amazing song by O.A.R.,love,happiness
1965653664,@haemoglobin_ Why?,empty,neutral
1963057566,"@GlamourFrog I so need a tweet editor. Yes, I meant it",neutral,worry
1751750472,"@15minsofmetal sweet, I'm trying to earn my crown for gluten free baking!",worry,neutral
1752871920,@Britneyspears : For the Record is still the saddest thing to watch. &quot;I'm gonna go through life like the karate kid&quot;...and so am I.,sadness,worry
1963703940,just because you're a superstar it doesn't mean you have to do that !,worry,worry
1753156720,@jason_2008 thanks  there's a men's version in June. It's very popular.,surprise,neutral
1752774829,"...and Sykes will lose a few gigs while gaining some better ones. Frankly, the best thing the rightards can do is scream about this.",neutral,worry
1694201803,"@endsiny No worries doll, its what Im here for! I luvs you! Tomorrow is a brand new day!  *Hugs*",worry,worry
1695312209,@flyingnutcase That just means you were not trying hard enought,neutral,worry
1696135368,ahhh bank holiday slept late now going to dinner in my sisters whos a real &quot;monica&quot;  hahah and im late il get cold dinner now,worry,worry
1753452561,All ready for work... except my arm,worry,worry
1752321204,@DizzyDezzi You needed to watch the White House Correspondent's Dinner. That would have cheered you up!,neutral,neutral
1752591906,Working out and watching snl,relief,neutral
1753806590,Who's going out tonight? I want to go out  xxx,fun,neutral
1694125146,Now I have to think of things to say    And before that I have to make super chunk chocolate muffins with my kids,happiness,neutral
1957021039,"@SuperJerry No refunds but they do retrieve accounts, takes like a week. Just hoping the thief doesn't use hacks or then it's permaban",worry,worry
1753030896,@richa_august84 hahahaha now that is a spooky wish babes  how about a lifetime supply of shoes with matching bags and constant weight?,neutral,neutral
1958047558,i can't studyyyyyyyyyyyyyyyyyyyyyyyyy  i have an exam tom,hate,neutral
1957262657,I honestly feel like I'm not healing or getting any better. This is not good,worry,worry
1962113747,@statisticsio No! Why?,neutral,neutral
1964768777,"@racer108 you shouldnt have to reset more than once  if it doesn't work right the first time, something is up",worry,neutral
1957588423,I also shall be missing Lauren when she goes for a week,worry,neutral
1958106051,@Karina_Escobar some people seem to be getting over it pretty quick  and the guys to me didn't seem to care,sadness,worry
1961130007,@brookstuh am I not good enough,worry,worry
1960206813,I saw the best 1980s back combed poofy bangs this morning on a 30yo... 8 in high. By the time I turned around she was gone... no picture,worry,neutral
1753838643,"@alexandraxaxaxa Alright, I'm coming  get another spoon ;)",neutral,neutral
1964641669,@Itxi_Itx no credits for me unfortunately!,sadness,neutral
1753904674,to my pretty lady @nikkiwoods HAPPY MOTHER'S DAY!!! She's the mother of my future son-in-laws,love,love
1964559999,@Buffalo_Souljaa I couldn't eat 2,neutral,worry
1957038398,I HATE rob zombie movies. &amp; the smell of weed. Vommmm.,sadness,worry
1961048861,Now to go home and cry,neutral,sadness
1963041448,@ZRHERO wont work!  and it keeps disconecting my pod.. :@ I officially hate it now.,hate,hate
1694110344,@mariedancerr that songs on tays vid  katy perry.,neutral,happiness
1694531986,@iHolleeee well now i do,neutral,neutral
1695619844,"@parachutesfail Okay, cool. Hope you had better dreams than you had last week.",worry,worry
1964705227,@Livvixo go for the 1 that you want to go to most? my bro had to switch when he did his 1st time  it's www.direct.gov.uk/studentfinance :],neutral,neutral
1753680041,Enjoying my Mommy Day!!!!,fun,love
1752502744,"Tired as hell...long ass weekend so far, chillin wit mi madre 2moro",relief,happiness
1696004757,16 days until I start moving!,happiness,worry
1751033572,@InnyVinny why thank you!  u out tonight?,fun,neutral
1696087665,"@WFBL Thanks, the more, the merrier",love,love
1752442686,Just cleaned mii scrolly ball!,neutral,neutral
1753074016,"Beautiful sunny mornig here in London, time for the morning meditation and some inspired living  http://ff.im/2L36n",worry,happiness
1751920890,@nicksantino i love youuuuu nick santino! thirteen dayssss,love,love
1694474077,@nomand Use Wordpress instead!,neutral,neutral
1694858848,@mombloggersclub Good morning,happiness,happiness
1957340996,"Well I did run over a cat today (I know how sad) I cried and screamed my lungs out!!! I felt HORRIBLE, poor thing",worry,worry
1963526370,"just spent the day with Bridget and a small thing that got wind and farted a lot - oh yeah, her baby! Now slightly broody!",sadness,neutral
1752796908,My whole immediate will be in the same city until some point tomorrow afternoon. This is monumental,worry,worry
1965455680,@fly_meaway I'm sorry hon  I know how it feels though...I'm usually crazy but at a family gathering I'd probably hold back like that also,happiness,worry
1964544037,@butterfly562 Not sure yet... they said we'll see,neutral,neutral
1695654353,"@tova_s  tried to reply back to you, but you need to follow me for me to DM - we have many friends in common is the short answer",neutral,neutral
1694163210,And the sun is back up again.  Could we have more of the kind of weather we had last January and February? I like jackets.,happiness,neutral
1753401803,@JonathanRKnight @jordanknight Happy Mother's Day to your Mum,love,love
1752384506,happy mother's day!,happiness,love
1752414218,with gracie and dustin! sleepover!,neutral,happiness
1694512287,net .. net .. net ..  hmm. bad weather .. weird summer!,surprise,sadness
1960536520,Playing Monopoly Jr. with the lil one.. Cheating isn't as much fun when the other person has absolutely no idea,neutral,neutral
1962241537,"I haven't been replying to people because seriously, I haven't refreshed twitter for a while. @ZindelaYentl Sorry.  @erinmcfly Thanks.",neutral,neutral
1753649469,@Meshel_Laurie sorry to hear about a horrible weekend! It can only get better! Keep smiling.,worry,worry
1753744095,@sandy195850 Bit of sunshine out there and it perks us all up  Especially when you have a mountain of towels to wash and get dry!,neutral,neutral
1958110482,I will get my business coursework done by today. I will. I will.. I won't.,neutral,worry
1964789327,@kterwin I keep trying to talk myself out of Australia by thinking of the jet lag  So far it isn't working... I still want to go!,worry,worry
1963902889,I havent ben on here n a while...  sorry but im bac now so hit me hup,neutral,worry
1694771088,"nvm, lexi's playlist is working its magic",surprise,neutral
1751988162,@Jayeliwood No it's not sad. Should make you proud,relief,neutral
1964746051,"made it into leadership, buttt i'm still not happy! how can i enjoy it without my best friend?",relief,worry
1751986624,i would take the ???s out the sky for you,happiness,neutral
1695163779,"@keza34 cool, your too good to me you know",happiness,neutral
1753565790,"is predicting a heavyweight battle between Lakers and Cleveland on the Finals! Well, hopefully! *crosses his fingers*",worry,happiness
1751107635,Twitter criado.,neutral,neutral
1964327644,I soooo need to catch up on all this NEW @anoopdoggdesai stuff!! Going to the airport to fly home from VEGAS,empty,neutral
1694051346,"@BlakeLewis Oh, I see!  So it's like, morning there, right? Happy breakfast! *thumbs up*",surprise,happiness
1962605844,Another Qi about to start....I'll be missing the next 4,sadness,worry
1962959799,I dont wanna im to spanish today,empty,worry
1751713970,"omg having so much fun watcing house bunny, courto isa a ledge for sending me link  &lt;3",worry,happiness
1960498607,'Wake Up Darling',worry,neutral
1753328663,Beer pong! yee,neutral,happiness
1694929224,"Come on all you lovely fans Number 14 in the Local pop Charts  Let launch an assault on the number 1 slot!!! www,reverbnation.com/suki ...",fun,neutral
1961615445,wzzzzzzzzzup?! its derrek! we r just starting band practice. Jayk Skylar is leaving for california today. lucky.,fun,neutral
1963907402,weblogamo up kardam ama moteasefane baz postesh kootah shod  albate khob chizi nadashtam ke begam,neutral,neutral
1695767696,@kristofer93 hehehe pui foto? Ai ascultat top-ul ? a stat Bogdan la &quot;butoane&quot; este in training,worry,neutral
1695108333,damn... long shift tonight... I really should sleep but I'm not tired. Had a nice talk with Jon after work  Gotta love that boy!,love,neutral
1957318057,@ihatecrayons i'm so fucking nervous!!!,worry,hate
1753198600,Is pretty hammered drunk! Props to me! Two nights in a row!!!,fun,neutral
1963970115,the classes with my students are over  gonna miss them...,neutral,worry
1962364594,*old me's dead and gone*,neutral,sadness
1694568300,@Wolfie_Rankin  I know! a whole different meat pie back then,neutral,neutral
1962365221,i don't know !!,hate,worry
1695544789,@TheDailyBlonde,neutral,neutral
1752897222,@KielysWorld you are such a great person.,love,happiness
1957151415,@anthothemantho Hell yes. I'm too late.,neutral,worry
1961249166,Just look @ this hellacious desk...good grief  http://short.to/cevd,hate,worry
1957312973,Come to bed,neutral,neutral
1695924014,@Vampiricbunny thanks,neutral,happiness
1753532203,@greggrunberg Or a wonderful talking alarm call from I-Phone or Bed side Alarm call! I can just imagine the wake up messages lol,love,neutral
1961214321,i'm under 100 followers again  gosh darn. good mood atm. might have a bbq later. heat waaaave &lt;3,happiness,happiness
1750964239,"Slept in, woke up with an iced coffee, lazed about &amp; went out for a late lunch with the BF. It's been a sweet little laid-back Saturday.",sadness,happiness
1957560891,Curse you breakfast gods....full bowl of cereal + not enough milk =,empty,neutral
1694293070,@charley_bum lol *30 minutes slow* in a sec  i was just having fun tearing down old posters and putting up new ones,happiness,neutral
1752798661,@fiascowines oh oh oh are you offering to send ducks!  I love love love confit duck,love,love
1963386907,I have to give up my beloved Red Sox tickets!! Argh! Meeting was just scheduled in CA...,boredom,neutral
1960260905,i seriously neeed to study,worry,worry
1750963580,@ishakey yea so wassup,neutral,neutral
1694310211,Another water leak in my appartement. The good side is that I get to meet the girls previous &amp; next floors,worry,worry
1694647382,Excited! Double Bio today.   I don't have a straightener and my hair looks horrendous at the moment. Wtf am I supposed to do?,surprise,worry
1957112874,Holy crap! It's raining in LA and I don't have a jacket!  oh no.,worry,worry
1966418028,@alow8111 went to wingstop without me,worry,worry
1694567551,@Katisha_Honi Might be cute to do a little picture book called &quot;The little book of boring&quot;,neutral,worry
1695581099,@EmmaRileySutton Sounds like fun  LoL. At least you still have some hair right?  how was the weekend?,love,neutral
1964664932,I think I may have just lost my job... FML,surprise,worry
1752087824,@JoannePeh jia you !,enthusiasm,neutral
1965315271,Im a loner  haha suckss,fun,sadness
1958108246,"My heads spinning from math, started to dream in formulas. NOT good.",worry,neutral
1961186643,Missin my boo,sadness,sadness
1694126061,"Eh, I've gotta go to bed anyways. Goodnight.",relief,neutral
1753116854,@mylesagnew NICE! Got any that are indexed that you want to unload?  I need a few.,worry,neutral
1960306437,I wish I could go to #BEA this weekend.,neutral,sadness
1965295530,when is it gonna be nice out,worry,happiness
1753836490,@Laryllan not really ;D nice pic . @lenaaileen no but could u imagine those 2? ... i thought so,love,worry
1961481315,@michaelmphysics YES. i am thinking of staying in the office until it's slightly less RIDICULOUSLY HOT,worry,worry
1750965918,"@EhMahLee Were you able to watch it online?!  I hope you were!  And yeah, Belinda Jensen was really good",surprise,happiness
1963644152,Please don't vote for her out of sympathy!  #BGT,sadness,neutral
1966038325,sitting down doing nothing after being stuck in the house for 4days i had all intentions of doing something but it never works out,empty,worry
1962717675,"@agcruc Girl, if you were part of the tour, I would seriously be the first in line for tickets.  Just sayin'.",happiness,neutral
1962724437,@johndpoole Not here in Stamford.,empty,neutral
1965543016,@conorravo ye it is not fare on me  x,neutral,neutral
1964830667,Sad that I won't see Deb for two days.,sadness,worry
1957135976,Not feeling too good,sadness,worry
1753235113,@Tim_in_NH night bud,neutral,neutral
1694145333,@ohmonika babe text me your email address so i can send it over,happiness,neutral
1752159225,can't wait to see those pics @yikes77,worry,worry
1752800124,is bored Riah fell asleep and now I have nothing to do maybe I will go to bed good night,neutral,worry
1752258940,@Bia_Loves_NKOTB yup...as always....wonder when me and V will ever come back to Earth...getting kinda comfy up here,neutral,neutral
1752474748,@ETHI_O_ASH I do too plus more happy mothers day Sweety,love,love
1966397586,@ColdHearted19 woop right am off to &quot;try&quot; to get 2 sleep haha its 2 hot  have a good nightt x,neutral,worry
1965994605,No B2G1 for me.  Trying to save cash for next month's vacation.,neutral,worry
1962054781,Just updated #Tweetie and open in browser is still broken.,neutral,neutral
1960497327,@CrAppleton for sure....I still got 2 hrs till I will be home at the fridge  but then BEER BEER BEER lol,neutral,happiness
1752848958,"@HungryGirl That's too bad, the movie's really pretty good.  We weren't scared away even by the people in costume.",happiness,worry
1753744535,All the money in the world could never make me as happy as being a stay-at-home mom with my son,love,worry
1963372264,Waiting for Raimi's new horror flick Drag Me To Hell. I'm really excited for this! Too bad it's not in #amcmain in KC,neutral,worry
1962196027,Gotta go to the doctor this morning  i feel so sick right now. i can barely talk but i'm still yelling across the house lol,worry,worry
1751607394,@jerennyofficial Hahah JONAS in 10 min!! woop woop! it was fun me and Doug had a 2 cmmt convo. it was magical hahaha,happiness,happiness
1753633810,Finally getting to bed! Night tweeples,worry,relief
1961368576,"Im going to go to bed again, ear (both) infection, I am completely dizzy, yyyyuck! My stomach is hurting too  Peace-out loves",surprise,worry
1694532193,"Done e-mailing. Loads of e-mail came in in the past days. Now need to do some follow ups, this afternoon working on two client projects",neutral,neutral
1964645719,@Flossalini no panasonic charger.sorry,sadness,neutral
1960806856,@nptnmkiii I dunno...I thought I was funny,neutral,worry
1695193480,listening to some bands recommended to me by Sarrah  i really like the friday night boys &lt;3,happiness,neutral
1753631640,need to push diet to last level. Not too good last week lost 1 lb. . Better than a gain,sadness,worry
1752874071,Chick at coles hit on me. Haha Ran into cousin,neutral,happiness
1753253858,"@amedawg18 Haha, that's great. Yeah, Zachary Quinto as Spock is really awesome indeed!!!",happiness,happiness
1961742355,have to put my dog down tomorrow.,sadness,worry
1964766283,"Just got done with my first day of work and is exsausted, sweaty, and chalky.",relief,happiness
1751572794,stocked for tonight,neutral,happiness
1961287443,"@jodiekearns I'm there all weekend, expecting it to be way too hot",enthusiasm,neutral
1964847148,"Wish you were here, babe",sadness,love
1966300214,"Ok, my job at walmart is a cart pusher  i hope i dont get sunburned",worry,worry
1752286793,yard house too packed. Three people deep at bar.... went to pf changs....got right in,neutral,worry
1750930758,"@kamiNcali Oh, no need to stop. I could use the ego boost.",enthusiasm,worry
1695106986,T-bone's gone to sleep... Think we're gonna join him,neutral,worry
1753176870,"@emmilyxoxo wow,that must be sooo cool",happiness,happiness
1694551471,"is listening to Sunlounger's music, waiting for the sun to set.",happiness,neutral
1694110551,in the airport!!!  only 8 hours til hoommee!,happiness,sadness
1962816502,Laundry time and LOTS of it!,sadness,neutral
1694182376,@RobPattinson_ arhhhhhh robert pattinson iloveyou,love,love
1694665792,@williambeekhuis hahahaha where is that train? I want on! That should be a wild ride,happiness,neutral
1752591653,@David_Henrie hahaha. you make me laugh.,happiness,neutral
1695250039,Headed to drop my lil cuz off at the bus stop! Then its back to the bed to read my book!  relaXin on my day off.,relief,neutral
1965875938,"My nose is chapped, yuck",empty,worry
1753599052,"@ohmyjooo why did Ate Maita give you a message?  *curious* xD )) BTW,nice polaroid shot! ;;) from polaroid.net...? xD",surprise,neutral
1694685950,@irontec Thanks for the support,happiness,neutral
1694309666,"@Zingtoh Who knows, maybe someday you'll come home and find... *gasp* DINNER in your FRIDGE!",worry,neutral
1695729399,Taping at Cox then picking up starbucks for the office bc I am so nice,happiness,neutral
1965514281,"By @nikhilbhaskaran Drove a #-mazda #RX8 today and boy, that car is fun! Sadly though, I don't find my car that much fun any more",worry,worry
1753400602,@johncmayer ur really the sweetest person ever! thanks for making everyone's dreams come true..(p.s) my dream is for u 2twitter me back  x,love,love
1960902624,TGIF! What a morning! It's been non-stop &amp; I need coffee. Stayed up late last night trying to get todays work done. Didn't work,worry,worry
1753215612,Exhausted but happy  supercool gig at Love amazing crowd amazing club so happy to be there! Now off to sleep for a few hours,worry,happiness
1694644766,@briethehippo gmail,neutral,hate
1962458792,ii wanna go home for thee weekend  but ii have no gas. sukks (_!_)!!,sadness,worry
1966194922,I sadly have no voice after the Food Faire and The Academic Pep Rally!! I need my voice.,worry,worry
1965553903,I need someone to watch my yorkie.,worry,worry
1752383355,Watching ugly betty,neutral,neutral
1964095779,@itsjakey I love it when you call me chica,happiness,love
1694275612,has the greatest friends in the entire world,love,love
1962517006,aww my friend just called and said that she got a better job so she won't be working with me anymore,sadness,worry
1752089050,"Listenin to some old school new found glory. Hedro, gimi a high school band i can down load. Besides home grown....",neutral,neutral
1957182827,disappointed to know that I got the Silver Award. I want the GOLD award. I hate being second best.,sadness,worry
1964954210,At an art party. No crazy artists as such. Bit padestrian. No skanking,neutral,neutral
1957077552,@chocolovere i feel the same way every day,sadness,worry
1966314860,@RQKidd Hey I texted you but you never responded. We stopped at a friend's &amp; ended up staying.,worry,neutral
1694014912,upgraded,neutral,neutral
1752320825,@LittleGigiGirl Happy Birthday!!!!!,love,happiness
1694238331,watching Please Twins.  gonna make some Iced Tea :-bd,relief,neutral
1752871497,@Elizabeth_N - me too!! I don't want to ooze while speaking either!  (why do I have lame jokes about wiping social media off my shoe? lol),empty,worry
1751537875,@danielledeleasa yeeah!! me too! it's amazing!!! I'm freaking out lol,worry,worry
1753757390,Almost ready to leave the house to head to WTHR!,happiness,neutral
1753331237,"alkaline trio was sweet, saves the day sucked.  but i had a great time anyways.  it was awesome seeing everybody and hangin out",happiness,happiness
1694685575,@DanaBingham I know exactly what you mean. My treats are more 'awhile' than 'once in',enthusiasm,worry
1694930099,And this is what happens when Swine Flu gets to all of us.  http://tinyurl.com/55hq2o,worry,worry
1962805296,Got up early did a shit ton now im headed to cherokee park to run  and walk !,sadness,neutral
1964287684,@PerezHilton  that's sad. Trauma... Future serial killer...,worry,worry
1960197522,@apostropheme i'm a real BOY goddamit!!!!!!!!!!!!!! guh. apostro. i feel sad. the library lady thinks i'm stupid. SHE'S STUPID.  j,sadness,worry
1751432438,@AnnCurry those photos are lovely! Who knew you were as talented a photographer as you are a journalist!,happiness,happiness
1696219103,listening to my future roomie speak in chapel,worry,neutral
1966209187,Just got my dress for my friends wedding. Its a little tight in places. Gotta work out more,worry,worry
1753118181,Now I'm off to bed - HAPPY MOTHER'S DAY ALL - HAVE A GREAT ONE,happiness,love
1963146887,"Assfuck, &quot;I'm sorry&quot; roll. Okay I gave in.  I'm such a sucker.  http://twitpic.com/677xt",sadness,neutral
1696133776,Running errands with my little man. Maybe he won't act like a 3 year old today.,neutral,worry
1753199187,@stephenhartley Gotta love skype! Make sure you get their new update!,relief,love
1695164182,Happy #StarWarsDay. May the 4th be with you!  From everyone @dxs_paintball,happiness,happiness
1753696942,Has finally found her new flat.,sadness,happiness
1957702153,@AlexaRPD Nice action shot: http://bit.ly/m8zfx  I miss working a pole.   __ dont you see clients everyday?  lol,happiness,neutral
1751289234,chillen just started on twitter.,worry,neutral
1963142945,he keeps makingfun of my typos!,worry,worry
1752917969,"cant contain myself, tooooooo excited",happiness,happiness
1961294676,@violetph  Gods sake it isn't even your birthday yet  i need a cool job like that.,worry,worry
1693956462,victory for the bulldogs was celebrated by 3 white chocolate cheesecakes  nom nom nom WHATTA FATTYYY,happiness,happiness
1958048408,@mayhemstyle Well I live in Ohio  but here's our California parks: http://tinyurl.com/nmr7pc,neutral,neutral
1961692571,@MegMegMeg123 I ran out of space....hugging Jacob and Edward is just by himself,neutral,neutral
1752350918,@Nora_78 I'm sowwy u have to work w/an idiot. I will call u if u want. Just to break up ur day.,worry,neutral
1694728035,@youcanknowgod thanks man. I really appreciate the kind words,relief,love
1752505136,@Jaimie_tv LOL no girl I'm only 17! Too young for college! But yay congrats to us  where does downtown graduate at?,happiness,neutral
1966317757,Sorry that your tummy hurts deathbyhistory  i got a tattoo like half an hour ago!,worry,worry
1751323943,"@brigwyn Yup, everything's there.",relief,love
1964368248,@NikkiCrivello i've got really bad arthritus in my left hand. I cant use my thumb at all,worry,worry
1960998616,@cherishable73 i guess it's easier said than done for some people.....myself being one of them unfortunately,neutral,worry
1961184231,@CapAtomyc That link isn't working for me for some reason,hate,neutral
1962690458,Ashley= getting sick... Ugh I'm losing my voice! Nooo,worry,worry
1961651188,@murphyusa why aren't you following me you bastard?! you're my own brother...,worry,neutral
1964666307,@YoungPharoh and added it to his collection. i was too much of a punk bitch to ask for it back.,surprise,worry
1957318639,@quikness Waaaahhh! So sad     Let me know when ur next down this way!,worry,worry
1695882515,@ChuckJr thanks,love,happiness
1694727799,yay my research paper is finally 4 and a half pages&lt;3 not going on bus was not bad after all,relief,worry
1753584977,not at work today .i have my car back she is perfect  going random shopping later .,relief,worry
1694906630,Luking for new background pic......,love,neutral
1750930557,"@JRKNaughtyNurse Yep, @thespunkyone that B-Day kiss is gonna happen, right @JonathanRKnight",enthusiasm,neutral
1752088953,@RetroRewind Yay for Block Party!  You're the BOMB! Blockheads &lt;3 Dave!   Thanks for supporting NKOTB!,surprise,neutral
1694551190,@timscott2 Cool. Whenever I see someone is making so much. I tell them I WILLING to help them spend  So what's your deal?,enthusiasm,neutral
1694203458,@cbenton  i would love to come visit you in Korea.. next flight that is under 100 i am there!,love,neutral
1752382348,Happy Mom`s day to your moms !,love,love
1753678741,I'm so pleased with myself. I actually managed to run the whole 4km mothers day classic without stopping,happiness,worry
1961138624,It's Friday!!!!....and the sun is out....but I'm working inside.,enthusiasm,neutral
1753399504,Having fries plus greentea. Mmm  - http://tweet.sg,neutral,happiness
1964680551,Nooooo! Its going to rain on my birthday,worry,happiness
1961688603,i reaaally need you,sadness,neutral
1960537750,Its hard to get a good Google listing for wills in Wiltshire because one of the local MPs is called Wills,neutral,neutral
1962618222,is alone  ! watch a lot of DVD on my laptop !!!,worry,neutral
1962063967,A year from now is graduation....i am pretty sure i'm not ready for it!?!?!?,worry,neutral
1696216134,@CraftedClay  most name brands have dairy even if it's called 'semi-sweet' or 'dark'.  I'll try to get some in the HelloVeggies Store!,fun,worry
1695191806,"There is a faux gothy chick looking at me, sorry I am not going to camden and I like pop-punk and jimmy eat world",surprise,worry
1695846895,@nuttychris I need to separate you and your sister @ComedyQueen  Today the role of evil aunt is being played by me!,worry,neutral
1962388216,shoutout to @denzelburks we're both starvin like homeless cambodian kids  lmao,worry,love
1965590064,@buddahwong i wish you were in my class last year,worry,sadness
1694144685,@NimbleRareFox wow that's quite a long time for studying  Good luck with the job hunting though.Yes also a Mac user (iMac) this side hehe,fun,neutral
1960310068,"@runaholickassy i spent the whole day shopping with Aiza.  i don't really like shopping.  still, i had fun but my feet didn't.",worry,worry
1961912277,Chemistry is not fun..,worry,worry
1965936554,"Panda express, it's been so long. I've missed you",sadness,sadness
1751503866,i forgot how much i love all these songs on my itunes. i love shuffle  and i love watching the pranks from AP Tour!,fun,love
1960270832,If I were a transformer... I'd step on people just to hear them *squoosh*. But I'm not so I guess I'll just have a cup of coffee instead.,neutral,neutral
1957292899,@_shannon1234 Shannie im so sorry! didnt mean to upset you! i just thought you would find it cute  im sorry dont be sad!,worry,worry
1957654191,@amandapalmer was there going to be a recording of with the needle that stings in her heart on youtube or something? i missed the stream,worry,worry
1695312925,"damn. me and sophie tweeted a lot yesterday. well, it seems like a lot to me anyway.",surprise,neutral
1695846516,Bollywood fims &amp; egyptian tea,neutral,neutral
1961492979,Not looking forward to this long trip in the morning. I'm sick,worry,worry
1961826181,@BlacksilkBlog Hugs to you for not being able to shag Crush anymore  x,happiness,neutral
1965853412,Hmmm... he's so lovely. I wish he was here now. I'm tired but can't sleep,sadness,sadness
1962605802,Glad it's Friday... but bummed that I am officially working Saturdays.,relief,sadness
1964620588,Heyy.thnxx.or.inviting.me.to.ur.party.rob.ill.be.down.there.on.june.24th.ill.miss.u.when.u.go.to.italy....   &lt;333333333 txt.me.hon!!!,love,neutral
1963505620,Its raning!!! -_- really bad,sadness,worry
1753680490,"@megatronnn Drinking alone after working til 10 PM can be relaxing, or made better by adding one fun person to laugh with.",fun,neutral
1695055144,@inkspotworkshop he'll be 3 in july! I'm just soo stoked!!!!  Especially since he sleeps with us LOL  He refuses to wear diapers anymore,worry,worry
1962002314,"@thegoodhuman Sorry to hear, wish there were words to make it better you",worry,worry
1965078559,my arms hurt!,sadness,happiness
1695620803,@jcdietrich Same  also trying to get my house ready to sell... I can't believe how much crap I own !,worry,worry
1752897049,@ztnewetnorb haha me either but like ive always loved hilary  shes the girl id turn gay for  haha,love,worry
1751680652,Just reached my Cellgroup leader's house and he is surprised that I'm dry. Haha.  - http://tweet.sg,fun,neutral
1695135314,getttin ready.,neutral,neutral
1963305056,Dropped off Baby A for her 1st day in the Toddler Room this AM.  She's officially a toddler.  Growing up way too fast,love,neutral
1751751201,@Debessence Lol yes she was.  I totally agree with your blog as well!,neutral,neutral
1753680798,@hypnophil  oh hiya phil am well ta hope u are too,neutral,neutral
1695657091,internship day #1 - to thee hospital i go.,neutral,worry
1696176460,"@BackStory Maybe u should get a coffee machine at your new desk, seems appropriate",neutral,neutral
1965448353,and now i smell pancakes...or maybe toast... or something delicious. but no one is at my place cooking,sadness,worry
1960665387,@lestockdrop i wish i was there too,sadness,sadness
1957557944,I chilled in my room with my baby book missed my bro leavin  he really is cool had a stripper shirt on said I suppoort single moms! Funny,happiness,happiness
1751986630,Cavs do it again!!  Oh yea!,surprise,worry
1962104854,Its already been a crazy morning and its ONLY 1030,worry,worry
1961463504,Rumbo a bachilleres,neutral,neutral
1751786006,bye! off to the movies with jake,love,neutral
1695619800,Happy Monday everyone! Loving the new arrangement in my family room,love,love
1956992030,"I wish she knew what she puts me through..She stole my heart, never gave it back..and occasionally she likes to be like look what I have!",sadness,worry
1751644345,@MariahCarey can your 500 hrs of beautey school fix that?  haha,happiness,neutral
1964784524,:'( big brother in 4 days! This means constant live tripe on e4 and no scrubs to fall asleep to! Not happy,worry,neutral
1753254509,"Is finally home, fed and ready to go to bed and its only 2:45am.  That's gotta be a record",relief,neutral
1694421784,@andyclemmensen heyyy you ALWAYS look nice  wanna come to my friend's party? its june 8th long weekend in sydney,love,happiness
1964863174,"@DesmoidSurvivor @fryphile he should be an honourary fluffette, such lovely hair (what's left  )",fun,neutral
1753775186,"Enjoying a great buffet brunch at Friends &amp; Bachus on St. Marks Road. The food, service &amp; ambience get a 4.0/5.0 Definitely coming back",happiness,happiness
1695082863,@FakerParis A little tired but gland its bank holiday here so i can have a lie in,happiness,worry
1963788990,@ann_aguirre  not going anywhere &amp; when my book finally gets hre It will be cool 2 know wht Butch looks lk..LOL It was going in mail tdy,neutral,worry
1752352162,"@XKirstyxo haha  I love Dnt Regret It Now with Tyga &lt;3 But just randomly, DeLeon sings on Tifanny Blews! Haha like one line.. XD",happiness,worry
1695511170,"@raynja yup, our coke blades :B annnd now i only need the blades to make them X). but soon enough, soon enough...",worry,neutral
1753329250,happy mothers day to all the baby mommasss! rofl,love,love
1962649513,"damn, I paid like $16 my first Slightly Stoopid show and now they charge $47 a pop   makes me sad...",sadness,neutral
1694568425,@rrolyat THANKYOU!  &lt;3 iloveyoutwoooo,love,neutral
1963820208,dangit. LSU w/ a 7-spot in B7 now leads Southern 8-2.  Was intentionally not mentioning anything and it got jinxed anyhow.,sadness,worry
1960866929,I SO should've gone right now!!! *wish I could alter time!!  *,sadness,worry
1694492699,Lil cuz coming round today she 5  aww  haha,happiness,happiness
1961083346,@freecitysoul my film didn't come out  the camera was broken. lamesauce.,sadness,worry
1752870026,happy mum's day! i kinduhh have a major crush on alex johnson from the cab,love,neutral
1965849841,hoping that one day i will be able to go on dates with my 26 year old boyfriend without his parents...,love,worry
1964598229,im so not feelinq this huqe ass pimple smack in the middle of my doom. it aint riqht man,hate,worry
1957295973,aww my poor tank friend.    his guild is fucking him over after promising him main OT. he barely even gets to go now.  ;_;,sadness,worry
1751069034,@LovelyLu I don't watch - just wish - TV's been off for months- I love it  Guess I won't win though LOL,worry,worry
1965304627,HOMEWORK  BORRIING,neutral,neutral
1962484883,I wish the sun would shine. but it won't,sadness,neutral
1965474788,@neon_lights aw what's wrong?,worry,worry
1962852479,The morning forcast on the radio was partly to mostly cloudy -yay vog-  stay inside and have a HAPPY FRIDAY,relief,neutral
1966037035,moved the first load of stuff into @cjloe's garage for storage.. now for round two..   me and guys move into our new place on Monday!,relief,neutral
1751395214,"@cestcassie Aw, that song makes me think of girl scouts.",happiness,happiness
1752020205,"@lightthematch mmm thanks, if u get too stoned and eat it thats cool",neutral,neutral
1695028571,Hey everybody!  hah this day is cool! just got back from walk with the dog... @klaudialorincz OMGosh! Send me the link again please!,happiness,neutral
1752193655,@jtimberlake Lovin' your performance on snl tonight... so damn funny!!!,love,worry
1966127857,"@medic60 all work, no play.",neutral,sadness
1753788614,It's Mother's Day! Went out to lunch to celebrate and then went shopping for a gift for my mom,love,happiness
1964372398,@Mileycyrus I can't Vote 4 u a the MTV movie awards. There is no vote button. Is it cause i live in sweden? I wanna vote 4 u 2  u rock xo,enthusiasm,neutral
1957366702,Good night twitter friends - I'm nodding off at the 'puter,empty,neutral
1752672476,@leightonmarissa the new song with cobra starship is amazing!!,surprise,happiness
1965934294,Just got out of work,relief,neutral
1753839269,"Yay, a live demo of Rhodes. Loving this more and more  #euruko",happiness,love
1751954148,"greek season two, i love this show.",love,love
1753313541,Be beautiful        http://www.theskinsociety.com,neutral,love
1753052257,@prateek_agwl Talking to whom? This 'Shah Rukh Khan' is an imposter here... LOL! BTW thanx for the follow...,fun,neutral
1752918498,@elf_princess69 hehehe! Barry Killer! U need a pic,sadness,neutral
1694791351,"@mcarvin I don't feel too bad, but not sure to what I should attribute that. Could be cold &amp; flu meds; nap; alcohol; or getting better...",worry,worry
1751715054,Rox was funn . Amii and Bailey are here,neutral,neutral
1966033673,My saying now  http://bctiny.com/po4me,worry,worry
1694034112,@DJMel oh I don't love it. Just noting that remix kids seem to,surprise,love
1694328025,Love johnny deep looks in public enemies (L) I'll catch this film when show in HK,surprise,love
1960599136,off to work! missing out on all the sunshine!,worry,worry
1960127657,doesnt want to go to work,worry,neutral
1962136906,missed my friggin hair appt!!!,sadness,sadness
1693958295,goodnight twitterville! really enjoyed pearl harbor. now off to sleep and cuddle with my hot man!  i will have good dreams tonight! XOXO,love,happiness
1957429077,is it weird that i really want a harry potter bed spread and pillows???? i wish i could find one that wasn't gryffindor,neutral,worry
1966191260,"@rdougan I wish I was! well, for the past hour I have been. But before that I was in bed. Proper migraine!",sadness,worry
1965421116,@NB82 aww sorry ot hear that  least its work though!,worry,worry
1753468825,making a Life w/o Bounds! T-Shirt for Second life,love,worry
1964768556,Waiting in line to get gas..94 degrees today,neutral,neutral
1957729727,"@Rilgon ahh seen a few of those drop, but I just tossed them thinking it was a once only turn in",surprise,worry
1962455477,"@MissCritta I know, but considering I've bought a lot of new yarn recently, I think it's necessary this time.",neutral,neutral
1694091879,I am following Mya,neutral,worry
1751716999,@SecretVampire:  nice to see you on twitter!,happiness,happiness
1963107671,OMG - the M&amp;Ms in my pantry are calling my name. I've been ignoring them all day. It is driving me completely insane. Too many calories,surprise,worry
1695618642,the new T-Mobile advert in Trafalger Square looks like a lot of fun  Except if there was a load of pigeons there too.,happiness,neutral
1960872623,starting to pack stuff up,neutral,neutral
1752321771,"Will be going to Indiana Baptist Sunday, Pray for summer missionaries...",happiness,worry
1753903156,Happy Mother's Day! It will be a good day,love,happiness
1753029316,@eboni_ife not to forget cinnamon!,neutral,worry
1753135296,is at denny's right now with the group. prom was fun,worry,happiness
1753729365,"Just taking my dad in law for a Sunday stroll down Old Leigh  a beautiful morning, say Hi to Morris LOL  http://twitpic.com/4wt8k",happiness,neutral
1957332231,"my head is killing me, i keep sneezing, and i think my boyfriend fell asleep. greaaat",sadness,worry
1695110396,alhamdulilah. i got accepted into nafa,happiness,worry
1751610624,@tommyreyes OHHH my bad! yes him  heh heh,fun,neutral
1753216957,just came bak from dancing with my NEEWWWW cd  haha im dancing again,worry,happiness
1694184202,@lu_lu Just one part of a very odd trip. You travel for 3 months you see some weirdness. Loved Perth though,worry,neutral
1966211024,chris cornell is going pop?!  i prefer the old chris cornell.,worry,neutral
1966065168,"Writers:&quot;They just make me wonder,why are you foisting all the little pipe dreams stories in your head onto other people?&quot; I like writing",happiness,neutral
1957693897,fuck elora danan are breaking up  too and im missing their last nsw show too  def need to hit up melbs !! someone come with ?,sadness,worry
1965685765,Craziier are off of msn!,neutral,worry
1753349164,morning!  well excited dancing down the park todayyy! should be good!  wooo c'mon venue!  xx,fun,happiness
1694569144,iPhone Nano and iPhone Shuffle http://tinyurl.com/dc4jbk. No surprises if this really happens,neutral,worry
1966083856,@maniactive I'm thinking the &quot;Chevrolet Doom&quot; would be fitting for GM,neutral,worry
1964651636,@frankietee 4th... Please not! Maybe she'll get 3 attempts and win tomorrow!!,relief,worry
1957616935,"Don't have time to chat (sorry girls  Miss y'all!), but we have a new lawnmower... yeah, that was today's highlight. Tomorrow is...",sadness,neutral
1966060078,is nervous about getting a house out in town,worry,worry
1965481413,Headache is coming on,worry,worry
1962320333,ah remember the days when you'd sleep in until noon? well guess who did that today? god i feel like a loser,sadness,worry
1960620259,@LauRenxExCarter @PoloBandit he didn't come to school 2day,neutral,sadness
1964247469,Traffic is horrific on 695..I jus wanna gt my dog,worry,worry
1694144374,"@1mgoldstars morning  about to tackle armhole prob - may have a solution not involving tape, will update you!",worry,worry
1966121947,@RVDS dammit i wanted to ask you about someone who i might be shooting but cant remember her name now,sadness,worry
1962999092,The most painful sound in the world to me is the crying of someone I love. What's worse is I can't even hold them and say I'm sorry,sadness,worry
1962900521,@HH4764 ...and there I miss you.,love,sadness
1963410427,I've been to Best Buy &amp; Target and still no Electrik Red album! I'm loosing hope..they've never even heard of the girls,surprise,neutral
1753381793,Going to Leeds,neutral,sadness
1695442667,Goodnight all,worry,happiness
1962295051,http://survivingtheworld.net/Lesson5.html &lt;&lt; I chose the wrong career,neutral,sadness
1957487022,"going to work, it's 3:30am",neutral,worry
1752750031,@dreamer0407 ohh and Coffee Break is my fave too! they rock!! LOL,surprise,happiness
1694835507,school then game oh joy  totally not lookin forward to this day,worry,love
1694666183,@Lindseyyx3 I think the x3 is confusing ;-) can't believe that many peeps will know that it should be a heart,worry,worry
1960457865,@GothLitChic It's too nice to be inside,happiness,neutral
1958052100,@TaylaMe3 id poke u...on face book but u dont have 1  lol,love,worry
1751751055,"Grilled chicken, broccolli, and water.  Yummy and healthy. Well until I put butter on my veggies but whatever",happiness,neutral
1695693256,at work. these five year olds are gonna keep me young.,neutral,neutral
1963644710,Officially drugged up and taking a nap. Allergies ain't no joke. Never had them this bad since two days ago.,relief,worry
1965255528,"@jdrydenUK Yeah, It's not available on Public market yet. but will be soon. looking forward. I'm sunburnt  arms are itching. boo hoo!!!!!!",sadness,worry
1957482979,has had AWFUL hiccups today and now can't fall asleep because of them,sadness,worry
1694878847,"7846 - almost catching @comedyqueen up, so gonna kick her ass, and woop i will b joing the 10k mile high club soon",hate,neutral
1694274236,Well... I hate to leave.... but I must sleep! G'night y'all and hope to chat later!  Enjoy my li'l night owls!,worry,love
1694707589,Had interesting WKND. Sleeping Saturday &amp; Productive Sunday!!,neutral,neutral
1752589958,Cathylo-fran! I'm glad i can vent out to you about this. Thanks for being here for me bestfriend,love,neutral
1966110261,I get an instant sad face when I see a little kid lose their balloon,sadness,worry
1753331445,@igobypambeasley glad you could make it,worry,neutral
1751886662,"no @AlexisMarie23, I can't make it to the tour. I'm from Philippines",worry,worry
1695109716,@YESandME Mornin' birdie!  Have a fun-filled day sweets.,worry,love
1960468830,@jackiejewel ohh yeahh with the showcase he said his artist will be outta town  so keep me posted as to the next one,relief,happiness
1961501921,@lettucegirl I love to! But I'm only available from 5pm.  and where dear? Would love to help @maecy convert her vids.ï¿½,neutral,love
1960305400,I have a headache. And I have nobody to keep me company.   _wants.to.be.a.kidd.again&lt;3,sadness,worry
1751464697,@mommyof3_angels Self-confidence is the first requisite to great undertakings-seems like u r on right track-keep reminding me to follow u,neutral,neutral
1695475920,@clemchaz Thank you so much!  Have a fantastic day!,fun,happiness
1963571717,Ummm. My kid just said &quot;fucker&quot; .. Like minutes before his gparents are due to show. Everyone knows it's his mom with the potty mouth,worry,worry
1964739225,Heading home in the rain  no pool today...guess I will hit the treadmill instead.,worry,neutral
1694181452,got the twilight board game today  good old ebay..,empty,neutral
1964866849,@LoriBartolozzi Thanks...I really do appreciate that. I know it will be the hardest thing I have ever done,love,worry
1965936234,Sitting and waiting and hoping this lady would hurry the hell up... I hate moving... It super sucks...,worry,worry
1751955433,OMG... Folding my laundry and matched ALL socks to its perfect pair!  Good laundry folding day it is,happiness,neutral
1961176839,@EllaPaigeBabe nothing really. sooo bored  xx,neutral,sadness
1966157757,@alilje why do you say that i'm a dick? i find that hurtful!,worry,worry
1694626038,#musicmonday Epic song. (Y)  ? &quot;Lights and Sounds&quot; by Yellowcard ~ http://tinyurl.com/db7ppm,love,happiness
1964863544,"@MirSa89 I just about clear my whole office and no sign of it  next place is truck, I have yet to fully clean under back seat lol!",neutral,worry
1961761201,i love him..i hate him..i loved him yesterday...ill hate him tomorrow....damn im confused,love,love
1961427932,sinus headaches suck big time!,worry,worry
1752320627,"@brotallybeh dude, was that you in the new Star Trek Burger King commercial? Bud Light AND Burger King? So proud of u man.",fun,happiness
1752822796,happy mothers' day to all your moms!,love,love
1962394759,@niftybitch time to leave a passive agressive note to the owners.  It's not the dog's fault... it's their shitty owners,worry,worry
1964890597,@nickshotchick Hey! whats up? Im just at the library right now and the comp is about to sign me out,neutral,neutral
1964219427,@TheRealKristi Many miles of driving today. No time to twitter,neutral,neutral
1752942543,whohoo!  Erin just got accepted to Ottawa U nursing school at the Algonquin Pembroke campus.  I just may get my girl back,happiness,neutral
1751609326,"@russiandiva  Tat, You looks beautiful and are a heck of a mama and business woman.   Dana",happiness,happiness
1694367436,"@BenPlouviez Lol - we're like polar opposites, Ben! Maybe that's why we get on so well",love,happiness
1753177520,I want some candy!!!,fun,worry
1751820381,"@karleigh Can't wait, you &amp; Katie always end up with some of the best interviews..",worry,happiness
1957516189,Can't sleep....  &amp; why isn't my $ in my damn account!? BofA is trippin,worry,worry
1752920849,"Goodnight, good morning and HAPPY MOTHERS DAY! Visit my profile to see my silly offspring.Its funny, the love of my life picks his nose!",happiness,love
1752562460,@LyndonChester hi Lyndon - if you get this before 4pm Monday 11 May - i have mail for you from @amandapalmer via Tasmania. DM me,neutral,neutral
1694255988,Trying to save money for an iPod touch!,surprise,neutral
1695476846,@JohnRobberson I am definitely ready... actually ahead of you... I already have a sun tan and I was out at the beach yesterday.,love,happiness
1960817868,Such a beautiful day. I just wish I had the energy to enjoy it.,happiness,love
1962725080,i love my new phone but hate that i didnt get my netbook today...,love,worry
1752472835,"From top down: 2x2924, 1x2610, 3x2500. Then an 1841 and two desktops. More gear to come over time of course.",neutral,neutral
1751678962,"@AnalystAlterEgo LOL! Yeah, well, same applies to the grocery store.",love,neutral
1961869670,BORED.  would love someone to talk to.,boredom,love
1961178027,I want my real keys back,neutral,neutral
1695002469,anywho im having an early night good night twitter world.,neutral,neutral
1963125839,UGG WANT TO GO TO KAYLEN HOUSE BUT I CANT FINNA BE BORED THIS WEEKEND!!! UUURGG WANNA SPEND DA NITE  AND GO SEE UP AND GO SHOPPING,sadness,neutral
1960511071,@erinealberty that sucks!,hate,worry
1957399202,@donald_jackson already there's none left  back to cabbage soup,sadness,neutral
1961373526,I'm feeling nauseous.,worry,sadness
1752699641,@JonathanRKnight awe...Thank you Jon!,enthusiasm,neutral
1752444012,@jholden23 we'll test that theory  with no right arm to strum with.  Got a feelin I'll be humming my new tunes for a while,fun,neutral
1753868885,@dangerjoe hey Mr Danger!!!,sadness,neutral
1964809476,@miacarruthers follow me??,neutral,enthusiasm
1753836145,"Happy Mothers Day to all that are, all that are trying, and all that haven't nailed their teenagers to a tree",happiness,neutral
1957566751,"@liedra Bubble tea is awesome, it's been so long since I've had some",surprise,happiness
1753918881,"@jasimmo Ooo showing of your French skills!! lol Things good over here. Lovely weather, so should be outside  How's u?",neutral,happiness
1964706362,Feels all kinds of not so well right now,sadness,worry
1752534207,HaPPy Mothers Day!!!,love,love
1752871587,"listening to MCR, watching DVD's, chocolate hehe  awesome",happiness,happiness
1963786833,@djbelle LMAO!I was JUST thinking how I fucking hate @ least 3 people that I'm following...but I haven't unfollowed em' yet. I'm a loon.,hate,worry
1963424570,mom just woke me u[p and i am so mad i was dreaming about  shoes  she whants me to go to the river it is so stupid,sadness,worry
1960133559,Can't seem to find the new Mountain Dew Throwback in 12 packs....only in 1 liter bottles,worry,neutral
1696176218,@MarieLuv  YOU MAKIN' ME HORNY,love,neutral
1966348703,@Marcina @bifnaked bif doesn't come down far enough south for me,worry,neutral
1960598079,Another long walk in the heat... I hate this...,sadness,sadness
1962957022,ayy fml. nothing is perfect,sadness,love
1696178112,@islandprincess2 LMAO!! That is so funny!  Thanks for sharing...I needed that laugh,relief,neutral
1963108032,@edsaint  take some tablets- could be migraine,worry,worry
1962782838,@danielgrosvenor #Java is not working - hmph!  Can't upload photos to #Facebook.,worry,neutral
1957188146,@narain Dun wanna travel all the way there for lunch now. But yeah i have been there. Nice place. Missing Shan-e-Punjab though...,sadness,neutral
1751681841,"after some pizzas, going sleep",relief,worry
1752964167,@Franner_tastic Great  cant you twitter from there?,neutral,happiness
1962264334,my phone is broken    &amp; im too lazy to go to the verizon store to get a new one.. oh well i guess no phone for awhile.. aha,neutral,worry
1695806457,@Usticks555 ... lol that was a great hug. @BCishere they should be back sometime in may,worry,happiness
1964820987,"14 hours later, I am still too drunk to drive... For shame on me for letting myself drink that much. I am not in peak spirits right now.",worry,worry
1957339420,Jus Got Hom Fr. TDa Funeral... I'm So Sad! I Cried So Much Times! Much Love Grandpa!&lt;3 I Never Got To Say My Last &quot;Goodbye&quot; to Him.,love,worry
1694727616,"@Joerup I think it'll be more like a casual attendance instead of a review, as there might not be another issue of felix by then.  Thanks.",happiness,neutral
1957592620,"3 hours sleep last night, all of my being wants to crawl into a ball somewhere and sleep for about 5 more hours. At work till six too",sadness,worry
1960991455,@felipemercado are you still angry with me?,worry,worry
1751464775,"bout to have dinner with the Homies. T.G.I Fridays takout, headed bak to the spot.",neutral,neutral
1965573637,"@WonderlandDream I can't, I have an exam on wednesday",worry,neutral
1962564314,@aminakader my thoughts exactly,neutral,worry
1753679341,can't wait to make that call tomorrow. gotta keep moving forward!,happiness,worry
1695375124,27 Followers  23 More....for Twitter Party!!!!!,happiness,neutral
1966109943,"@staaceeyy weeooow, i feel fat.... i remember when i used to weigh that much  pfffffffffffffffffffffftttttttt long time ago, hahaha",fun,worry
1958123382,@GarethCliff Oh stop boasting already.  I've got a horrible piece o' crap cellphone.  *pulls a tongue*,hate,worry
1752323014,@JonathanRKnight so seriously...I need a date to a wedding. Really dont wanna go alone. Its May 23rd...any chance?,worry,worry
1963224900,"@rebeccao372 not too bad,but I did get some bad news this afternoon, I got stopped by the police   brake lights out but it's ï¿½30 fine",sadness,worry
1753601963,@f_nadzirah thanks!,happiness,happiness
1965917170,@selenagomez come back to canada soon  we'll miss you!!,sadness,worry
1694033628,@DonnieWahlberg  &quot;donnie rocks&quot; if u could only here it my 2year old runs around every where sayin &quot;donnie rocks&quot;,happiness,neutral
1964709450,@One_Bloody_Poet What's the matter?,empty,worry
1965592231,Crossing the bridge....leaving ocean city  I'm sad.,sadness,neutral
1965674922,Honestly at home alone,sadness,sadness
1964578043,She is beautiful @webduck. But don't feel badly. Some neaby grans see grandkids about the same amt.   Can't go to them = out of luck,sadness,worry
1961259981,"Has been listening to 2 nine yr olds, murdering hannah montanna on disney sing it.. Bring on the headache tablets!!",worry,neutral
1696176787,@goatfox yes i have read them many times.,surprise,worry
1751818274,@Claymoore for sure! You and your wife seem like cool cats.,happiness,love
1694200970,is soooo over school...maybe sick..all week *evil laugh*,relief,sadness
1694647416,Great album..lucky to have this on vinyl.  ? http://blip.fm/~5jhtv,happiness,happiness
1960816923,"@yvetterdz84 nah, he won't  but I will sit here and enjoy the view :-P",enthusiasm,neutral
1966037177,"well movie night spoilt by fracked up disk-happiness gone, so time for sleep",sadness,neutral
1753744474,Sippin on the goose &amp; bull all night has got me twisted lol...on my way home from Club Wet. Interesting night,worry,happiness
1962417419,@batxcore did you google it too? or maybe you actually knew the answer lol ps put uo the pics already from last night  im getting anxious,surprise,neutral
1963949279,This is a big weekend... final project is due Sunday Night... I will be at this computer all day and night....,sadness,neutral
1960424648,i'm really tired today!!,worry,sadness
1752414848,@Linds56 You may be PC but I love you anyway!!!  Maybe someday you too will become Mac!,love,neutral
1964885193,"@diana_music im always blunt with my feelings, never seems to do any good",sadness,worry
1964728881,Oh what a day it has been! Stress and thinking about the future is making me sad!,worry,worry
1962600659,@TarQuianHesa Yeah they are! So stop making fun of me! I gotta get new ones,enthusiasm,happiness
1960220314,@davidtreynolds but but but. I want steak,sadness,worry
1695924665,"Back at it, but had a GREAT weekend as a buffer",fun,happiness
1695134891,is making a cuppa coffeee,empty,neutral
1751250525,Watching Ace of Cakes,neutral,happiness
1751644647,http://twitpic.com/4w9ce - my future car ! I love it !,relief,love
1753364950,"@BeanJuce thanks, feeling good and off to New Forest later",relief,worry
1693958195,"NEW LOGO! for all the Web, Cheak it!...gAllethOo",happiness,happiness
1966280964,"sometimes i wish i were a man, i could pee were i stand, and scratch my chest, but instead? here lies a breast  hah",neutral,worry
1961823541,At the dentist. I liked it better when the dentist is the client. Now I'm the patient.  http://www.DamienSmithPhotography.com,worry,neutral
1753052376,@solangeknowles I'm proud of You Solange.,sadness,happiness
1695344406,"@TSapi1 I saw your tweet a couple of weeks ago that had that hashtag, so wanted to contribute since I am a huge Mitch fan",worry,neutral
1753218228,I just received a mothers day card from my lovely daughter wishing my a happy mothers day  http://tr.im/kWK9,love,love
1753482054,@JessMcFlyxxx gdgd well i better go and get ready for work :| haha have fun tonight  x x,happiness,happiness
1753237228,"@tommcfly i saw you on tues and last niiiighht &lt;3 so amazzzing, didnt even notice you forgetting the wordddss",happiness,worry
1964873827,"@Jason_Manford oh, i'm so sorry, i didn't know  hope you're well x",surprise,worry
1962137981,"@shaveblog Problem is, Flash isnt GPU accelerated.  The Atom 330 can't play Youtube HD or Hulu HD fullscreen   Big deal with Plex...",boredom,neutral
1753887283,is surfin'..,neutral,neutral
1957474409,"http://twitpic.com/6661g - is on her last day at METRO magazine  Ta-ta, dream job. (PS: June issue out now. Czech it out!)",fun,neutral
1965760198,"3 days left of school!  For Bryce and Tyler, that's 3 more days of elementary",worry,neutral
1965857555,@xsparkage LOL that is so Charlie......I miss Charlie,worry,sadness
1961534707,"Saying goodbye to a good trusted friend today. Goodbye free Sky TV, you were the best friend anyone could have had.",sadness,happiness
1963792784,@Aerinea ugh. it sounds like a busted cable box then  what time zone are you in?,worry,neutral
1693958182,"@aruky Yes, this NBA song is great!!!  Got an old funny NBA cheerleader remix song. Ohrwurm of the day &quot;colorblind&quot;.",happiness,happiness
1963820969,Rice is ready to eat.Off now to watch Comet 2009!The most important music price in germany.Wow n Lisa arrives around 12p.m.  Still 2 hours,fun,neutral
1961698086,It smells badly of garlic,neutral,worry
1694422656,"@Naiadrisa Heh, that's happened to me before too. Hope the rest of your week goes better!",sadness,worry
1752723578,"Orange/Pineapple/Banana smoothie after a very long, very hard day = HEAVEN!",happiness,love
1960325403,Back to Tokyo tomorrow. Expecting some rain and no sunshine,worry,neutral
1965667923,@talk2donboy LOL well i'm qlad u enjoyed yur ramen noodles.. i had fried chicken  ..im tired now,happiness,happiness
1963042327,"Just figured out why only strong guys are supposed to put heavy things on top shelves, ouch!",surprise,worry
1964580272,@AmBamThankYaMam so i spoke too soon.... &amp; my weekend may be delayed for like 20 more min  aaaah i gottaaa get outttt of here b4 i lose it,worry,worry
1962894323,going out  I can't do this crap anymore :'(,worry,sadness
1965217034,dang need to go to cousins and i didnt upload all the videos  now i need to do it later!,neutral,neutral
1694608325,@ladybug8320 that is definitely a blast from the past,surprise,worry
1964214177,@leahchu  that's the worst dream ever. weird to think all of those thoughts are in your subconscious.,surprise,worry
1752018053,@jerwjr Thank you!  I'm working on @ddlovato's,happiness,neutral
1957108253,"Morning ;Sports day today, and I have to do the three-legged race with @Weefeetfrankie  ; Mr Pettigrew said I'm not aloud to trip her up",worry,neutral
1960147647,@Fearnecotton who sings 'I Remember'? i alwaysss hear it on Radio 1 but never catch the artist,neutral,neutral
1963373155,"Not smoking sucks sucks FUCKING SUCKS, I want a cig",hate,hate
1752962307,Tinkling the ivory keys on a grand piano tomorrow. The small things in life that keep me excited!,love,neutral
1962684149,working allllllllll weekend..how thrilling..and i have to say bye to goshy on sunday cause she is leaving for poland for 3 months,worry,neutral
1957362549,I think I might have to break down and purchase some from the US just because I donot know what to call it over here,worry,worry
1961004008,"Sitting at work, waiting for this day to be over with. It is always Fridays that take forever. Wish the weekend would get here already.",worry,neutral
1964094786,Sick......and no it's not the swine flu atleast I hope not,worry,worry
1694255941,no eggs today ... shame was looking forward to a egg and bacon sandwich,sadness,neutral
1961098284,"I hate having to put my toddler in a disposable, but her rash needs ointment. I hate her having a rash even worse.",worry,worry
1964874044,"@bobbythomas1 Oh no, garlic juice nooooooo  thats disgusting...grrrr",hate,neutral
1751818797,@e__O lol but tiz a good song,happiness,happiness
1962580530,"Hmmm, I just realized....I didn't have any bday cake for my birthday...boo hoo!",sadness,happiness
1964491261,Another long day at Hallmark.,neutral,happiness
1751323027,@trisler lol. I see what you did there.,neutral,neutral
1957477598,is feeling so bored... i miss school time,sadness,sadness
1962960950,"@kurttheobald No problem. Unfortunately, I think it was just something I had to sort out on my own.",sadness,worry
1962805978,@LLCee I had to find out via twitter,worry,neutral
1960253964,@dreski757 nah I don't finish til next yearrrr!!!   are u stayin in the bad news after graduation?,worry,worry
1963594795,"@BIOSShadow I'm not going, sadly.  Maybe next year, eh?",sadness,worry
1963229336,My Birthday weekend! cant find where my ex hid our DANE COOK TICKETS for tomorrow!!! WTF that's all i wanted for my birthday,enthusiasm,happiness
1751572363,@bencredible hopefully the weather has been nice/cooperating,relief,worry
1696089169,"@fmlim If you do, I'm sure you'll enjoy",love,love
1962458265,RAIN why must you come &quot;after&quot; I flat iron my hair? I have been rockin my curls for 3 weeks and today you decide to come out. not nice!,sadness,neutral
1957645545,@mistermagnus A friend uses Logic and I must admit I did like it...but I don't have a Mac,sadness,worry
1964376656,"@prd3000 Also, I am technologically challenged and have a cell phone that only makes phone calls.  Can't #tweetb4Ueat",worry,worry
1751361020,"the free fillin' app on my ipod is fun, im addicted",worry,neutral
1960508158,deck building buddy missing in action,neutral,neutral
1957010329,(@wendyisastar) @melluffsyew Umm yeah. That's probably a pretty good note to self because eeeeeewwwwwwww.,fun,neutral
1696085701,"Ahhh, 7 am meetings  thanks Reimer!",surprise,neutral
1694790378,"@pickleshy it's tongue in cheek of some mentalities.There is another one which takes the piss of arabs, but its too long",sadness,worry
1694510616,"I've been losing myself into too many Taiwanese dramas.... ????, ??????, ????... this is not good. XD But Wu Chun! Eeeeeee.",surprise,worry
1752984965,"I looked up some differents stuff for mine, today.",neutral,neutral
1694954680,@lewischris  May we be humble but Bold for Christ!  lisa..,neutral,happiness
1694646358,@Jon_Read perhaps it is all those background apps!,neutral,neutral
1964247440,@smashingpumpkin http://twitpic.com/67h72 -,neutral,neutral
1958075394,"In the UK with no phone service  oh yea and still sick (cough, sniff)",worry,worry
1695731528,@marcmawhinney We've never heard anyone say they like doing ANYTHING on Monday mornings! You must have had an early cup of coffee or two,neutral,neutral
1965676468,"@meekorouse Very cute - I don't think I can make it to MakerFaire, sadly",worry,worry
1695409814,@ddlovato check out my twitpic telling people to buy your album!  http://www.twitpic.com/4jhn7,neutral,neutral
1752289894,9:30pm and this grandma is going to sleep.  20ish Mother's Day reservations tomorrow...,relief,neutral
1752672079,Guess it was too much to hope for me to have a nice relaxing Mothers Day!... Happy Mothers Day mommies,love,love
1966423022,@teleject Grrrrrrrr................,worry,neutral
1694291611,2pm today is Quiz Time at the Goat! Game shows to play and prizes to be won! Plus 'Toss Off Tommy' for free drinks! Today from 2! x,neutral,neutral
1961489635,@Mcfreak_ oh i read that,surprise,worry
1752796444,definitely OD tired..but backstagepazz.com is no joke..i think i want to be a groupie just so i can tell my tale.,sadness,worry
1752225326,"Good show, sleepytime. Goodnight moon",happiness,happiness
1965685440,@sachis30stm yeah! but too late  lol,neutral,worry
1964832629,@LoriBartolozzi Wow  That had to be difficult,surprise,worry
1966109179,"@TomCopestake  I'm sorry. You'll get there don't worry, one day at a time.  We should 'hang' when you're done.",sadness,neutral
1964083873,@xoxobb11 you got it all done?? even the labs? thats all i have left to do. and i cant figure it out. FML,surprise,worry
1694032527,www.loveisthecure.net is up! Check it out,neutral,neutral
1963385979,@mattiej Sorry ur so swamped w/ work!!  TGIF!!! Glad #Pens play Sat &amp; Sunday!!,worry,sadness
1753364334,@Joannevance Morning there.,love,neutral
1694835789,@HemalRadia Hello pal..nice 2 c u today...have a gr8 week,happiness,neutral
1962688420,gah! i just can't get the hang of twitter   i must be more stupid than i thought! :/,worry,worry
1965265905,"@ddlovato it's quite hard cause when you attempt to spread it, the cornbread falls apart...",worry,worry
1753400210,I will not be late.  I will not be late.  I will not be late.,relief,worry
1963274957,Polaroid film today?! I hope so. Green tea = Yum. I got a 8/9 on my appearance for my &quot;job&quot; interview. Too much cleavage?,happiness,worry
1965723308,June gloom seems to have arrived early,neutral,happiness
1695509429,@annwhit hiya! been looking for you1,love,worry
1751071952,@caligone01 Thanks mama ! I absolutely adore her,love,love
1753197352,@sunsetboba lulz at robert,neutral,neutral
1695477071,@chi_gurl woot,worry,happiness
1751069674,"@Bout14  Yeah, I only drank a little bit anyways. It definitely was the show and not the drink!!",fun,worry
1957310090,"@yelainez  oist the 1st tym, di pa ko 18, the 2nd tym, may sakit na siya... don't blame me",sadness,neutral
1965980958,Ok.....Twitter is not near as exciting as I thought it would be!,worry,neutral
1966229609,@natalyathree damn! natalya! you gotta tell me whats going on!!! i'd call you but i lost all my phone numbers when i broke my blackberry,surprise,worry
1750931483,"World's Happiest Places ...   Denmark, Finland and the Netherlands",surprise,love
1753757868,revision...what fun...still I have thursday to do basically nothing,neutral,worry
1957742079,why am i awake?,surprise,worry
1962926738,Had wonderful company and a not so bad salad today at McDonalds for lunch. Now headed to my doctor's appt. booh hiss!,love,neutral
1694053046,@sdweathers Hi I have uploaded 5 completely new Chinese Lessons on www.youtube.com/ChineseLearn Please feel free to watch and enjoy,neutral,neutral
1961045023,Turned my alarm off this morning because I thought it was Saturday. Had to rush to get ready for work because its def not Saturday   #FAIL,worry,worry
1752259161,"Good night everybody, i love u Phillip! XO",love,love
1962899872,@Duncks   so not close enough that I could run out and get one,neutral,worry
1752090013,@lizziechristine Thank you so much  Miss you toooo!,happiness,love
1964787290,"all alone.  still watching TWW, eating Italian chocolate and solving logic puzzles.",sadness,neutral
1957415182,@DoeMarley SOMEBODY ACTUALLY TOLD ME THAT!!  LOL,fun,worry
1693977436,is twittering,neutral,neutral
1752320853,"@whiteangle We held out, Japanese people were making origami animals for Darcy   Had a great time, amazing place!",happiness,happiness
1961917114,"@adbert @DougOntrack @organicsue Is it me (my machine)? or... Vids freeze up, halt whole blip stream  ? http://blip.fm/~79l0q",worry,neutral
1963473872,@SavingAmalthea that sucks,hate,hate
1752157256,@JennLovesM5 yeah whatever...in your twisted mind maybe! ;) LOL  ... oh wait that's mine too!!,neutral,worry
1962368682,Such a beautiful day...wish my bike hadn't been run over by a car - hit and run.   #bikeTO,worry,worry
1963529876,@Dtballa2322 I want to Forgive and Forget this! Please and I dont like him I promise I am going to live without drama for now!So Please,sadness,worry
1753758014,"@CandyWWGM well, as i mother &amp; grandma i am a bit in a kidding mode",relief,neutral
1963701489,@kezzawezz i want 2 but i dinna hink it'll get shown in elgin n got nae1 2 go with(n),sadness,worry
1693957194,@lmchugh fingers crossed for you.,neutral,neutral
1957674579,Morning all. I appear to have a bit of a sore head. Perhaps the bag of pork scratchings for dinner wasn't such a good idea,worry,worry
1753399228,@TheRealIngrosso is nto milk deffo!,happiness,worry
1751502831,"@seetiggerbounce White House Correspondents Dinner, funny stuff for political junkies. #whcd   I'm a recovering addict.",relief,neutral
1965406793,@souljaboytellem Lucky u Im stuck in the rain...,worry,worry
1966231709,@JanuaryParker hey they do have that  but these never bothered me before.,relief,worry
1694274355,@officialTila wow... that was very sexy,surprise,love
1696044222,home from school now. watching that '70 show,neutral,neutral
1961060657,@MaXXXimumMyra I am lost. Please help me find a good home.,worry,worry
1753418236,Happy Mothers Day,love,love
1957023263,"i HATE when i see pregnant women smokinggg!!!! its sooo irresponsible n selfish! its saaad. ultimately, the baby is the one who suffers.",hate,worry
1962188314,@KING617 I REEEALLY wish I could be there  haven't been n a while.what's goin on down there lately?,sadness,neutral
1694726768,@ borgellaj  you know what? They're YOUR CATS,happiness,neutral
1965069488,PERFECT SHOW TO YOU! enjoy for me,happiness,happiness
1694422719,There's like no one I ACTUALLY know on this shizz! Am dum diggin' it,neutral,neutral
1753823340,@samanthadepanta Doing really well! I will stay here as long as is needed!  So you can definitely come and visit me!! Look forward too ...,happiness,neutral
1960127422,Too much information,worry,worry
1963858377,@rosieeejones i agree with the whole Hollie thing,worry,neutral
1694667143,"Back from the Gym, and sorting through my Inboxes",relief,worry
1752562662,mum is driving me and the Eric out to jt for the night.,neutral,neutral
1752942360,"This is my favourite shirt, because its true.  &lt;3 grumpy.    a) cute  b) huggable  c) life of the party  (d)... http://tinyurl.com/q7eax7",neutral,love
1694880520,@kailinnicole you're right about the duckies  thanks for being such a big help with wrapping &amp; writing up!,relief,neutral
1965685625,@trent_reznor...are you really not touring anymore????  my brother told me. I'll miss ur concerts!!,worry,sadness
1964140220,@kwwheeler  What's all your fault?,worry,neutral
1694879835,"@dandineen I am UCE, I did my PGCE there   went to Leicester for my main degree though ...",happiness,worry
1964396564,nothing good on TV,sadness,neutral
1964288879,@roxxy89 nah is next week honey ma fault for confusin u,neutral,neutral
1693995098,I got whooped by Jason Bradbury. Ace :0,surprise,happiness
1966058553,@killerannax oh no!  i'm sorry. at least you'll still be able to buy regular tickets and not worry about limits?,worry,neutral
1962513788,i'm hungry but can't eat anything right now because my tongue hurts so bad.,sadness,worry
1751035712,@manu_preet haha one of the many reasons I love you,love,love
1963304396,@cloudconnected I talk to Ty all the time on XBL. I'm sure I could manage.,neutral,neutral
1696136567,wow...i have to many bookmarks...i just spent a good hour organizing,surprise,neutral
1752257422,@iamchrisc haha  cute. ps thanks for the reply made my day haha,happiness,happiness
1751033710,It feels good to be good at something,neutral,worry
1753452538,@MichaelMCrowley i saw wolverine too!,neutral,worry
1957695026,So my life has come down to nothing more then making choices ill only regret later,neutral,worry
1694533103,"When you think about it, the way God works in tremendously, amazing -- He made it possible for me to get my card holder that I lost back.",surprise,worry
1751036025,"such a long day, heading to bed  . iloveyou &lt;3",relief,neutral
1961771076,@hazelrage ewww is that who you're contracted through?,neutral,worry
1694906386,@evatweets feel better soon! Your immune system must be away on holiday somewhere... probably with mine,worry,worry
1753678426,preparing to visit a friend  And we're gonna watch Twilight! Yay!,relief,happiness
1751819349,@Teresamerica oh yeah he IS!  .. you should see him when he REALLY gets going! LOL .. doesn't care WHO doesn't like it heheheheh GREAT!,happiness,worry
1961286373,i have such a sore head,neutral,worry
1752874075,@PlayForKeeps I made my parents add u guys on the family myspace...they were impressed by the song.,enthusiasm,neutral
1751678452,@Kicesie or elope  I can't wait to see the pictures of you in the dress. It will be breath taking,happiness,neutral
1957134460,RIP kelly  fucccccck,sadness,neutral
1753007659,@adnamay Yeah  The entire time I was all *swoon* b/c of his eyes..... *swoons thinking about it*,love,worry
1961482391,also. proof number #2923848932 that I have no life - I have an imaginary boyfriend named Vince. It's sad that my friends encourage me so.,neutral,worry
1964122015,"But anywho, I just got in and out of the pool within like 30 minutes because it's about to start storming",worry,worry
1695583229,On my flight headed 2 denver...see yall in a min,enthusiasm,neutral
1753292261,Just saw Star Trek with the boo.. Now off to bed! Never again will I go to a Vallejo theater. hAppy mOthErs dAy to all!! I love my mommy,surprise,love
1966180022,"@cakewrecks that same smell is wafting thru my grandparents house, papaw has the smoker going out back..we've got a long wait tho.",neutral,neutral
1694880252,Waking up at ungodly hours to go to work is starting to get old but at least the coffee is good,neutral,neutral
1753401106,@sm bacoor  wahaha may wifi toinks new hair wiih short.. short.. http://plurk.com/p/sveoi,neutral,neutral
1753349914,its ROUND THREE TONIGHT!!,neutral,happiness
1964116964,@davidismyangel is enough time!! (if i get into VIP!) but i know that doesn't make up for it  at least they'll have each other!,sadness,worry
1753417753,Just going to shower. Brb in 10 mins or so,neutral,neutral
1694439643,"Boring. Sunny Monday. No school. Tired. Lazy. Hungry. Yeah, in a great mood!",sadness,happiness
1693995083,@SashaKane I am absolutely craving a brownie with ice cream right now. FedEx some over!,fun,neutral
1694331254,@SarahWV  worse case scenario i'll take tomorrow am off. are you still up or you just woke up?,neutral,worry
1961426457,@backstreetboys  totally missed the chatroom. I'm so lame,worry,sadness
1962909597,@JonKress perhaps she will start including #magic in all of her tweets now too. BTW... you didn't write #magic in ur tweet to me.,worry,neutral
1962585293,So many tests todayyy  I don't feel confident about anyy.,worry,worry
1963232158,@Certain_Songs I know  Especially since the summer is such a boring TV time to begin with.,empty,worry
1963587469,"My jeans that were once two inches too long are now about five inches too long. Holy cow, am I getting shorter?!?",worry,worry
1753272430,monday at the school  gosshhh what I've been waiting for,neutral,neutral
1965407807,@misssammibaby why are you sad?,sadness,worry
1965910900,@selenagomez do u ever answer ur fans on here?? i wish u would. i have a question i've been wanting to ask u for months,neutral,neutral
1963125468,Ugh just got out of work i think i'm a dang taxi for ppl but i just can't say no!!!!  o well its my fault,neutral,worry
1751678754,@musiclove18 haha thanks  its for history and its on how the invention of television has influence america lol,happiness,worry
1693997384,@chicalit finding a place to crap on the move eh? Whoever said technology is crap?,hate,worry
1753583741,"@Gedankensturm Thank you  How's your daughter? And by the way, how did you get 1017 followers? :O",surprise,neutral
1957112843,"Ok, other then my shoe, the club is cool. Its fun, and its poppin except 4 the ppl tryna dance wit me",happiness,neutral
1753694010,"It's raining cats and dogs in Gda?sk today , looks nice 'though through a window",enthusiasm,happiness
1957397142,@Cookie_Monstr  u may try Prism http://prism.mozilla.com/,neutral,neutral
1751432202,http://twitpic.com/4w70j - Left: This is your brain. Right: This is your brain on drugs.,worry,neutral
1752984845,nice turn of phrase from @samsoir &quot;Wakey wakey eggs and bakey! Time for coffee and the back to code!&quot; have fun at  #openhacklondon today,surprise,happiness
1753272387,Morning tweeps  Looking forward to a relaxing Sunday. Happy Mother's Day to all the moms out there!!,relief,happiness
1965210022,"I feel bad over everything..  How can I be so stupid? Why was I so harsh? Its my fault, I know it. I'm sorry SaVvy, love you guys&lt;3",worry,worry
1957137074,i miss oklahomaaaaa  listening to citizen cope til i pass out.,sadness,worry
1964573479,@toriigwyn i want chinese food really baaad.,hate,worry
1961192897,listening through the Mendeed discog once again. I still think their disbanding is a loss.  #metal,sadness,worry
1694747003,first trip home since diwali. But before that a couple of days in saddi dilli,love,neutral
1962181092,"@GabrieleDurning  sadly we were too late for TraceyCakes, but we got them elsewhere- not the same but still yummy. Tea w wee on wknd!",sadness,neutral
1694530666,Listening to the simply awesome Ratatat on a bank holiday monday before a BBQ later  http://bit.ly/gJqSh,neutral,happiness
1960628049,One downside of the nice weather: It brings of the chavs...,worry,happiness
1964378602,@yellowflowers87 aww I don't want u to suffer  it's just Midol isn't working for me. Grrrrr I hate that stuff. But I love you tho.,love,worry
1753398700,@azharusman Walaikum assalam...  Alhamdulillah... I'm in Chicago the w'end of May 29th... Are you there? Would be nice to meat... Duas!,worry,neutral
1752503825,"Home. Tired. Phone then bed.   Good night tweeters, happy mothers day!",happiness,neutral
1695251708,off to bed for the night. goods night everyone,neutral,neutral
1957375982,@DontLetGo14 at home  im so lonely here...,sadness,sadness
1753518278,@MrsMW Really worth watching at the cinema.  Mum really enjoyed it,love,happiness
1752090157,SEX AND THE CITY!  oh i miss this show soo much during the week.,love,worry
1961832029,She didn't make the challenge,neutral,worry
1961457475,Why are some guys so stupid? They have no idea what to do with a good girl who actually cares about them..so sad,sadness,worry
1751985536,With sean s. watching house of a thousand corpes,worry,neutral
1753417523,@geishadoll you're welcome Chica,love,love
1965588779,@KeeganFrank: I just don't want to be here.,sadness,worry
1957635919,is now going to see his very ill uncle on saturday and the night at his house as even more bad news has come up,worry,worry
1695846131,good mornin  ? http://blip.fm/~5jryt,neutral,happiness
1694347268,just got home had a major daily tset today. its math and i wish i got 6 or more,worry,neutral
1695312777,good morning - thank you for my hot cup of tea @ryancoleman,love,happiness
1751143208,"Very very interesting night in Defiance to say the least... but hey, I got 'Guys and Dolls' for free!",happiness,happiness
1693975029,"@nicolesssss  no, dayuuum 5o'clock was better",happiness,happiness
1962381004,i think june gloom has arrived,sadness,happiness
1753330409,"Had a good time at Flap-a-taco with @daveyboyonline, @LadyLaurali, and @CesYeuxBleus",happiness,happiness
1962213992,this day cant go by any slower,sadness,sadness
1753582404,@InfamousDolly oh yeah them too. LOL,fun,happiness
1964053983,dammit.  I need new cupcake tins,surprise,neutral
1964596180,"@JodiOKeefee what on earth happened to wentworth's page?!? i'm devastated, as i'm sure ALL of his fans are!",worry,worry
1964452461,"Sad that Gmail chat has died, so I can't help @natalidelconte",worry,worry
1750999802,"@jojowright http://twitpic.com/4w24f - ooh, nice score, jojo!",happiness,happiness
1695280278,@LittleFletcher i LOVE lion knig ....it was my fav movie when i was a kid...i love it till now,love,love
1962894053,p.s. @AinsleyKerr thought you were gonna follow me back on twit-har ?,neutral,neutral
1694124586,"Good morning universe, how are you today",neutral,neutral
1752384679,"@ShannonKuhns Nah, they don't. All my Twiter followers are fabulous.",worry,love
1965861014,"Going home to enjoy what is left of the day - I can't believe how quickly this week flew by, no time for tweets",happiness,worry
1957753586,@KINOFLYHIGH fuck i shouldnt have left!,sadness,hate
1962391127,"@catashton ermm, more like a full black upper half.  and some a completley grey",neutral,worry
1963725748,@ruthnin An expense I could do without at the moment,neutral,worry
1962416051,"@CoachDeb I'm game, too bad your leaving HI!",worry,worry
1965768525,@snoozen i think i'll be home more than i want to be next week - no work booked in for the forseeable.,sadness,neutral
1753649013,@amandabynes heey  your awsome. god bless.,love,love
1962705248,but mum just burned some bacon... smoke alarm's a bitch,worry,sadness
1962307567,shopping! Migawd. i don't want to surf the net anymore.,love,worry
1963420529,god... im suffering greatly... having no hair + sitting in blazing sunshine = v v bad sunburn,sadness,worry
1961437632,"a guy called me AD-HD kid earlier today, and that hurts",surprise,sadness
1962896279,Pwnd from all sides,worry,love
1694202618,"@samanthuh MISS YOU TOO! Yes, I will  I'm usually free pag after dinner. Rarely during the day. Basta text text",happiness,worry
1694144275,@3mr_amr i'm here  haha,fun,happiness
1752291146,Chicken beer and good company makes a good night...,love,happiness
1960428138,@jessiemayumi Shame about your job  have you thought about working for yourself?  there's big money to be paid http://bit.ly/1864ml,sadness,worry
1695656877,salt and vinegar,empty,neutral
1961187863,@huma_rashid reeeaaaally... why though??  ew i hate stockings,hate,hate
1753774190,"@MissxMarisa hahaha, it's *massive* compared to the others!! you're so sweet Scenie",happiness,happiness
1965900998,I regret not going to the Movie audition today  Seems like my neighbors are gonna get a call back .  http://myloc.me/21RK,sadness,worry
1750895141,"@shesasanga um don't u already have like NINE of my paintings?!?! jk, lemme come finish that 4 u",surprise,neutral
1963517361,Didn't get to hang out with kaitlyn.,neutral,worry
1694201504,@AJinYourMouth taking out all my trash   http://twitpic.com/4ja8m,fun,sadness
1694070566,@iankintzle Come visit Iowa. k?,neutral,neutral
1694182490,chill`N witH tHE BABEz,happiness,neutral
1964567173,Ugh... Waiting.... Interminable...,boredom,neutral
1965442120,Watering the plants at home. Drinking a delicious smoothie from morgans because my jamba exploded.,happiness,neutral
1962018945,Got tired of the kitchen being uninhabital so swept and mopped the floor when its dry I'll do the work tops,hate,worry
1957677282,Feeling pretty poo today,sadness,worry
1966091934,nothing to do this evening.. MISSING LIFESTORY,neutral,worry
1695964144,Eating Cadbury's Dairy Milk giant chocolate buttons. Those who say that one square of dark chocolate is more satisfying... are lying,neutral,neutral
1957385950,"Need to come up with another blog post today. But for now, I AM SLEEEEEPPYYYYYY!!!!!!!!",worry,neutral
1965911304,aleesha's piggy died  she can't catch a fucking break man,sadness,worry
1750964955,@lilcdawg its because we run on CPT!!!,happiness,worry
1964303061,is cold and wished to go back to bed,relief,sadness
1753566298,Eating a dillybar from DQ! Yuuum,happiness,neutral
1964051176,"@Willie_Day26 awww man, its nott",worry,love
1751322631,And- hand made by Dan &amp; Jenn -sock blockers ... made from exotic woods ... one of which is called &quot;purple heart&quot;,neutral,neutral
1956977084,mmm much better day... so far! it's still quite early. last day of #uds,happiness,happiness
1966232622,@kailaengland Im salaried so I don't make any more or less no matter how many hrs I work.  Comes with the territory I suppose.,neutral,worry
1694457308,Happy STAR WARS Day - May the fourth be with you!,love,happiness
1695512534,"It's weird waking up in my own bed. Slightly comforting, but i miss the group. But i'm loving using my own pillow again!",relief,worry
1694053930,"@mmitchelldaviss THAT WAS SICK! i was like 'oh no, she's gonna hit the kid.' which is probably the usual response. i am oh so original",worry,worry
1961134229,looks like another sober weekend ahead...,happiness,happiness
1957118207,"@duciaestherine ohh ic ic haha, iyaa my summer is filled with ONE Course that lasts for the whole summer",neutral,sadness
1695803058,@leinadani haha i just realised it sounded a lot like stellllaaa lol. anyhoo i got ur facebook msg and will start working soon hopefully,enthusiasm,neutral
1957039894,omg i keep losing followers this is so sad  i want 90 one day....thats my goal ;D,sadness,worry
1965382249,"@Gailporter p.s am gutted- went to order dead famous on dvd today from amazon, couldnt find my wallet, went back and last one sold out",sadness,worry
1752897374,Checkin out what new on Twitter,neutral,neutral
1752822515,"@faeriegal713 Yep, finished, chocked full of spelling and grammatical errors, but I'm cleaning it up tomorrow and popping it up  hehe",happiness,neutral
1964126648,@JustPlainMeg im sorry  i wish that i was there instead (it would give you a good excuse to get away from him) hehe...i love you &lt;3,worry,worry
1960575702,Good mornin &amp; no u tol twitter LOL but I knew &amp; called u yesterday 2 see if u were okay but no answer  how r u feelin babe?,worry,neutral
1753790907,happy mothers day to all moms out there!!,happiness,love
1965758659,"Ok, back to packing. Have been sitting in car charging phone as charger was left @ home as well",love,neutral
1961039457,is sad to go to work cuz it's TermiNeda's last day...and little monkey's last day too,worry,sadness
1694666925,"@heyitskesa: Omg! I never got your message so I didn't notice until I was looking back a ways! Sorry, that was a good idea though...lol",surprise,worry
1753681498,Happy Mothers Day to all the mommy's out there!,love,love
1751714188,@sheasylvia Sometimes I wish Twitter had Facebook's &quot;like&quot; just so I could give you a thumbs up. Great job either way  - I suck too btw,love,worry
1753236746,@gapingvoid 20 at least hugh  happy trails,neutral,happiness
1694512845,@Bexy91 congratulation  about the icehockey victory against switzerland..,love,neutral
1957185625,New Comment On Jowki:  I wish I had the time to blog more often  http://cli.gs/ZzRe1P,worry,neutral
1965855422,wow 2 months since i've been on twitter... supposed to go see Maat in PA but the James is sleepin,surprise,neutral
1752821493,@jeanninesioco yep,neutral,neutral
1957620215,@AlexAllTimeLow  get back to tokyo man..we miss you.,neutral,sadness
1962106008,Damn. I got a math test today.,worry,neutral
1694834800,gooooood morning,happiness,neutral
1694146358,"http://twitpic.com/4j9x4 - lmao, it's true",love,happiness
1965836396,"@PBCProductions  Why couldn't you let me know sooner...I can't call out of work on this short notice, oh well here is for next time.",worry,neutral
1695343353,"@endlessblush I was ready half an hour ago, but you didn't notice. I'm over it now.",empty,neutral
1965265108,"@marshallsheldon Probably not a good idea, its hard to tweet on the web, I miss Tweetdeck!  *cry*",worry,worry
1694200295,is up and ready,sadness,neutral
1961541251,my tummy hurts,sadness,worry
1957160631,Missing Everyone,sadness,sadness
1752919396,@shawtysoDOPE who can do it like we? Noboddddyyyy,worry,neutral
1753710950,Happy Mothers Day. Havent got mom a present yet? Print off an Amazon Gift Card for her!  http://snipurl.com/hq0n1,love,love
1695252246,"I am tracking with Heather Hayes today (that's right, the daughter of Isaac Hayes aka SHAFT aka Chef on southpark)    - JJ KILLA",neutral,neutral
1694663787,@hhilaryy ....what? i just copyed some other chicks reply and wrote it as my own,neutral,neutral
1963501362,@miabatsoy awww...i hope you'd be well na sis....it's so disgusting to be sick  better take the rest that you need...charge up...mwah!,worry,worry
1693975956,Drinkin' Chai tea and not sleeping.. and checkin' out some cool peeps,worry,neutral
1694051650,@mistressmia And U are doing Brilliantly sweetie!!!   Blessings and Joy to you!!!,love,happiness
1962693175,Well dinner was disastrous my uncle lashed out at me for no reason he just told me to shut up ! ?? Confused since i wasn't even talking,surprise,worry
1753839357,"@nezorousylex hey!  not much, you?",worry,worry
1695922312,@CursedJezzy Thanks for the mascara input. It's appreciated.,happiness,neutral
1960559604,"@Td_keepsitreal haha awe. Well right now, I could be at home but I have to be here. It's horrible  Lol",love,worry
1957673248,"@SamerKaram but better hurry, so you wouldn't be labeled as copycats",worry,neutral
1752871058,@notlikemedicine Nice! That sounds great! Let me know when and where.,enthusiasm,neutral
1753009856,I just received a mothers day card from my lovely daughter wishing my a happy mothers day  http://tr.im/kWK9,love,love
1963606870,Must head back to the office,neutral,neutral
1957432831,@songbookbaby lol. u got AC right? u know it's getting chill here again...  n its gona rain tmr,worry,neutral
1961255343,.@petraeujane Too bad they never made it over here during the last ten years,worry,worry
1961577119,God I HATE scary movies. They are not fun at all. I'm such a wimpy.,hate,worry
1961890205,doesnt want exams next week,worry,worry
1750997749,wishes @ashleytisdale would admit she has a new lovah,love,love
1965440195,@TheShoctor @pezhore @O3Visuals @N9VLS Victory! Now I just need to reinstall all my damn apps.,happiness,worry
1966420880,I really wish i would hear from josh,worry,happiness
1957513363,"@dtothealex really... I'm an alumnus, and I don't know myself! and we didn't have Macs yet when I was there...",sadness,worry
1694255751,"@thorney1 I forget, are you in Edinburgh? Check out EdinburghAC.org.uk",neutral,neutral
1695766863,"Also, I designed the banner for http://mudroomboston.com/ - pretty stinkin' cute no?",love,love
1957311527,my hsbc savings apy dropped to 1.55%. sort of feeling like pulling out all my money and keeping it underneath my mattress.,hate,worry
1963563694,@wilw  I remember those days. I wasn't a big fan of Wesley but I really felt for you as a youngster dealing with all that. But you WON!,neutral,worry
1963940563,@spizer that's what it is in mathematica. I just meant that I automatically hit the button twice now.,worry,neutral
1961821536,"Kelly Kelly pays your bills @ 12:15, Kaden pays em @ 5:15 and @radiomobounce just wants you to follow him. lol He dosent get to pay bills",neutral,neutral
1964895104,@vagabonddandy very bad.,sadness,love
1957744649,@cynimarie p.s. There is such thing as having too much sushi! Bleeeeah!,hate,neutral
1965927768,"I'm fighting off feeling sick. Hoping it's just tired. I'm really not feeling too well, though",worry,worry
1964573975,Today is lame because I am not in Orlando  I am soooo looking forward to NEXT friday,enthusiasm,worry
1695620966,Going to IKEA with the roomie so she can shop for her apartment. IKEA is in like my top ten stores that I love,happiness,love
1751107439,heading to Kitsilano for a BBQ  this weather is b.e.a... UTIFUL!! x,happiness,happiness
1965808109,well.. all my slacking off earned me a D and a C   but at least everything else are A's and B's ^^  next school year all B's and A's Esh!,worry,neutral
1752351384,@Quizman15 thanks joeman!,love,happiness
1753548959,@laura_diaz I did notice more men with kids in stores on Sat.I am heading to church and sing in the choir in the 1st &amp; 2nd services.,neutral,neutral
1696176708,"says livejournal is being a bee-eye-tee-see-hedge. Dum dee dum, ok back to work!",fun,neutral
1963781502,@noisemaker_ aww thats too bad you lost it though,worry,worry
1965427903,my 43 quid lastminute.com Secret hotel at heathrow is surprisingly nice. No soap tho,relief,neutral
1753549390,says I LOVE YOU MOM  http://plurk.com/p/svm0w,love,love
1695375769,Hey @robluketic &quot;keep clear&quot;   (robluketic live &gt; http://ustre.am/2w5v),happiness,neutral
1957370577,@Farctum Oh poor thing  Hope it's easily sorted out. (and not too expensive!),sadness,worry
1962484814,@jovialhoney Can you guys adopt me? Yall are always doing fun stuff. Y'all take trips to Miami... we go to Arkansas,sadness,neutral
1752413217,@agentwill I didn't want to tell you but I think it's your body odour,sadness,worry
1753821265,"@Wattyz You got it! YAAAY!!! I was really worried your phone wouldn't fit, so glad it does!  Happy Mother's Day, lol!",love,worry
1694977878,"@brendandawes yeah, it works better as a command",neutral,neutral
1694550095,http://twitter.com/djc_yana ~ yeah. haha! why?,neutral,happiness
1694457078,"@MDurbin not long till we go shopping dude, its gunna be rather fun",happiness,neutral
1753773393,if you hit a car .. u should leave a note http://bit.ly/P274B  but yea put whatever u want on the note,sadness,neutral
1961541371,@AutismInsights laundry instead of sitting here. that darn laundry keeps mocking me.,worry,hate
1966120896,There are ants on my lollipop,neutral,neutral
1694903763,Going to bed  Goodnight  xox,relief,neutral
1753075540,wearing spidey boxers,neutral,neutral
1961123841,@JinxCat I have been failing at cooking lately  makin me sad. Duno how to cook for less than an army. I need to practice flour tortillas.,sadness,neutral
1753565724,"@BlokesLib Sorry blokey, 6 hrs later &amp; i'm still holding ur fluffy towel. had to dash. Hope u found other means to dry ur self",neutral,neutral
1695545159,@Kelly_StrayCat   haha ty,happiness,happiness
1753885116,i wish the birthday massacre would come to australia  i think they said they're thinking about it though!!,neutral,worry
1752726207,http://twitpic.com/4wk9i - I should really try a different pose some time.,enthusiasm,neutral
1753903454,has a string trio.,neutral,worry
1963495598,@DionneSouth but they weren't that good  I see the cuteness factor getting them through though. #bgt,worry,worry
1962560599,"In school ; With Victoria &amp; Bryan (: _ no more school soon, sadd i am",sadness,neutral
1752385465,Btw; happy mothers day! This week its all about my momma; mothersday dinnner-birthday dinner-surprise bday party,love,happiness
1966029483,my back hurts  have a heating pad on it... stupid ladder y did you have to collapse and make me fall on my back/bum???,sadness,worry
1753758449,like why the fuck am i still up...maybe because im drunk as hell and had a great time tonight..shit was crazy,happiness,worry
1962685720,@sianhughes_ oh god i just watched it to!! did claire escape? AGAIN!!! it was really quite sad,sadness,worry
1752474358,Just watched &quot;Marley &amp; Me.&quot; Cute movie. Going to watch &quot;Twilight&quot; soon!  Love it!,neutral,love
1963045241,@Gr8ttoess I'm sad you got one hiding it  LMAO,worry,sadness
1965511527,NEED A JOB ASAP...JUST GOT LAID OFF AND IT SUCKS,worry,worry
1963371778,I'm at work and I'm still sick and I'm really pissed off about Sunday!!!,neutral,worry
1753310143,@pcsketch I'm considering buying one of these. Hence the 'Monk&quot; look   http://bit.ly/9VbzG,neutral,neutral
1751288876,"@jtimberlake Good luck whit the show tonite man, ill be watching",love,worry
1961226373,@channisaulfah Not even better than Kapsel cha  Dy nulis notes? Spertinya gw ga ditag cuz g ada notificationnya... Huhu.,surprise,neutral
1960445090,Not a happy bunny,sadness,love
1695222553,"Okay, now I'm listening to Jonathan Coulton and working. Woo.",neutral,neutral
1957093924,@monpio i don't have any of that,neutral,worry
1960143909,Why can't I buy the Nokia N97?!? Amazon says &quot;cannot ship to this address.&quot;,surprise,worry
1694382242,'s current goal is to lose 10 pounds by next tuesday! 120 here i come   soooo ready for Gatlinburg!,neutral,neutral
1694147429,"@Nyle_ I put an interview with you on Reddit; nothing too fancy, but I hope it gets you some extra attention.  http://awe.sm/8MZ",love,neutral
1752645148,@evgibson I have to admit at being a Colin Firth groupie at this point.,love,neutral
1694511450,@julesfm I know - but there are loads of others left,neutral,worry
1962604819,@danielfelice look like i can only quick post from the dashboard that is all,neutral,neutral
1694814869,Trued a rim!  I'm getting good at this! o_O,worry,neutral
1693977139,I was crying all of Tuesday cos I find out! ;( .... Economics is offically my crying subject lol,sadness,worry
1752052845,ending my show with Disturbed: Just Stop! holla at y'all sunday night!,empty,happiness
1957199368,"To all my friends: Im deeply sorry i'm moving, i will miss u all so very very much!",happiness,sadness
1753743687,HAPPY MOTHERS DAY MOMMY!!!!,relief,love
1751537696,flordia- and @stellarkartband- where do u send in the pictures of the shrits? saw ur update on facebook,neutral,neutral
1956983931,I cant give @jertronic any bday nudges.,neutral,worry
1753884557,Heaos keen for next weekend.        Mummy. &lt;3,love,happiness
1963590233,@DuchessAmy don't cut yourself!!,neutral,worry
1695081624,@tommcfly I just read online the article you mentioned..meh.  I am very happy to be stuck on you and the guys--just try and get rid of me,happiness,neutral
1964286875,Sorry everybody! Apparently Twitter isn't sending me my updates.,worry,worry
1957721499,Its funny how I want something even more... now that someone else has it and i cant anymore    hahaha NEXT!,neutral,worry
1694257764,@floyduk just relax like it is or translated to swedish too? Just got to take a look at my next comment,relief,neutral
1957160024,feels like crap whenever she lays down. @)(1+-'$#! I hate heartburn &amp; backaches!,sadness,worry
1961237668,"@lauradawg LOL she is okay, its just he songs are so catchy they get stuck in my head",happiness,worry
1751288523,Chili night in Minneapolis.  I refuse to turn the heat on in May!,enthusiasm,worry
1961247733,I do not feel good,worry,worry
1957614755,@mikebthatsme ugggh idk how to do that  but i only wanna stop getting texts from twitterr  -ilsE*,neutral,worry
1753789087,just watched One Tree Hill episode 22 season 6... never cried this much since keith died!!!!!! OTH is epic for sure!!!!!!  Xxx,worry,sadness
1695108479,Yeah yesterday I turned 16. My parents rented me out a hummer limo. It was pretty cool,worry,neutral
1751142389,"@MCFAN247 Glitter, she sings on it!",enthusiasm,worry
1961900603,wishes I could be the one going to our conference in the Bahamas next week,enthusiasm,neutral
1962365474,@me_chiel Well...I would love to have a Zoo! ;P Dont think I can be there sunday.  But sometime I will !I want to!,happiness,worry
1962589434,transferring 368558682 photos is annoying.. I want to watch Up,worry,neutral
1696176632,@RitasItalianIce Cherry Italian Ice is my fave. I want to get the local Ritas on Twitter so they'll send out the daily flavors.,relief,neutral
1694770303,eating kfc fries!,neutral,neutral
1694881045,"@sammoran BTW, 'nathanfillion' is trying to beat his Flight Control score as well, maybe you should follow each other?",enthusiasm,neutral
1960310907,why did last.fm wanted money from me to listen to my radios,surprise,neutral
1961613701,Wishing the rain would stay away for a while so that I can go to the pool,worry,neutral
1963569748,@Clubpenguinfan3 I guess that boner story isn't so funny I've had TONS of boner moments like that unfourtantly,neutral,worry
1694789807,My wish came true!  see u,happiness,happiness
1750895424,awake from the nap,neutral,neutral
1753237937,@walkingthetalk So true Donna  Wish you a joyfull sunday ~Siddy,love,neutral
1751396944,"@danielshockk coooooooool, yes, CIWWAF are awesome.",love,worry
1752475075,@mattlogelin mankini!! i'm not sure i'd recognize him without his signature two-piece. try to get a picture,neutral,worry
1695220814,@REGYATES yes  lol,empty,happiness
1753178625,@ericludzenski Fuck you,hate,hate
1962459604,still hoping for a job... but now i have strep so looks like i wont be looking around places for the next couple of days,worry,worry
1956997143,@megturney well I ran out of beer so I left. Not sure about the ETA. Waiting waiting waiting. Bleh  Gonna be a long nite methinks.,neutral,worry
1753381439,I'm sure all you people with hangovers will be glad to know I'm hangover free  @fjkeogh hope you're not too fragile this morning!,happiness,worry
1752774688,Arrogant bastard on tap in Oregon. WHAT!!!!!!,hate,hate
1753633455,"@queetsss thanks babe. I guess I will find the right person one day, til then I'm better off alone",sadness,worry
1965087224,My besties. If only @ddlovato was there.  on Twitpic http://bit.ly/bRg6W (via @MileyCyrus),love,happiness
1965944652,exam on active directory tomorrow.,neutral,neutral
1966090665,"@nickyvender Nicky, I LAND at 10pm, it will be like 10:40 before I get home! UGH! Wont be any fish fry left for me anyways",surprise,worry
1957514300,"Back to LA from Las Vagas, Nice Trip , Nice Food ....but lose $100 with Slot Machine...",sadness,neutral
1962148313,"WOW, got killed on first wave of Horde on Gears. FAIL",sadness,worry
1753195934,Sha and i are fcp/macbook pro buddies now.,happiness,happiness
1694511678,@TheRealNobody thanks  i'm up every night all night. bad sleeping schedule lol why are you still up?,worry,worry
1960346631,@EsmeACullen AWWWWWWW you totally rock...I felt all  and now I'm the happiest girl eva!,happiness,love
1966211117,@kaiminoeau why have i not heard of said show?,neutral,worry
1958135171,@mylivetweets where were u?  (via @evregirl) - Meetings...,neutral,worry
1962702878,@cailingg me too  what are you doing?,neutral,neutral
1752089198,"Just Returned from Huntsville. Saw Sam Houston's grave, went to a prison museum and ate chocolate dipped strawberries",neutral,neutral
1753550283,Having a cup of tea  I have a cold so it's tasting really good!,happiness,happiness
1963308712,moving away,neutral,worry
1695310807,bought three books!! yipee!!  now who's with me on that read-ten-books-during-the-summer thing?,love,neutral
1694767818,@Devinwade heyyyyyyyyyyy! Look who it is,surprise,neutral
1957742770,@ihuntmidgets I just wish @kimmikennedy would send a bruh a DM 'I won't be on til' so I don't waste my erection on a bot,sadness,neutral
1750929261,@HuniB Neep a nap-take a nap - respect ur body love,love,love
1753532677,"@hollywoodtv alison is great around miley love to meet her, when you see her can you tell her to give a shoutout to @brad92190  #1 fan",happiness,love
1963278778,@burdr &quot;Restoration of the site would also take place as part of the Banks proposals&quot; - after the birds have gone? Avocets there this yr,worry,neutral
1957371550,my stupid msn wont sign in,surprise,worry
1964454192,Hmm...what to make for dinner tonight???  No clue.  Don't feel like cooking anything    Hubby wants to go away tonight.,fun,worry
1961258392,Drunkduck misspelled &quot;Buinne&quot; for the announcement of the twenty-fifth page. I'm very sad.,worry,neutral
1694533350,is getting ready to start the work week...work 2 off 3 then work 3 more. It's not bad  Have a great one everybody!!,fun,worry
1753631617,"@Parsnipzilla ohtays, it all makes sense now... Cool",sadness,happiness
1962365336,"@hypernyck if i can get a ticket, but the pickings are lookin slim soo prob not",sadness,worry
1962380550,@McDayDreamer some..and some not  only my 2 best friends go to the same school..the others change schools.,sadness,neutral
1966130309,"@mitchelmusso, i called your say naw and got a voicemail for a guy named shannon...",worry,neutral
1695377370,"@rozarin whaa?  you really should.  2 and 3 are definitely optional, though.  I liked them, but I'm also crazy.",happiness,love
1964564471,@cyrusbaby I miss you...  come over and say bye before I leave!!,worry,worry
1752985506,is going to go have some cuddle time with her C baby and woofies...I love our nightlife,love,love
1965079552,is about to go to gymnastics! my last day with this class!,sadness,worry
1961433029,Cleaning my room..,empty,worry
1966276372,"Bored and kinda lonely, my parents went up to the lake. I didn't have a friend to bring up so i knew i was bored and didn't go.",sadness,worry
1694110579,"no school today, teacher cancelled the lesson  chillin'",relief,neutral
1957367214,@Maccah Red? wtf happened to dark blue + black stripes?,surprise,worry
1962015801,@anisalovesu it was apparently a request by the guests,neutral,neutral
1965817086,I cant afford life right now. Everything i want to do is too expensive,worry,worry
1694364028,@taylorswift13 heLLo tayLor.. just wanna say i've aLready voted 4 u i think 5 times..haha,fun,neutral
1964689396,"Im worried, not in a happy place right now   Deadline for important discussion 1st June :/",worry,neutral
1960585785,Well can ya please send some luvin to @JonathanrKnight   im sensing deep fiery anger surrounding his presence right now...,worry,worry
1753418609,i love my mummy,love,love
1751465040,@GericaQuinn Yay  I Feel Loved  By You And My 113 Creepy Followers.,happiness,love
1961223189,In the university with hungry!!,happiness,neutral
1965688053,@newbouldm I love sausage too  #kitchenfire,love,love
1752018281,@joeterrell Cool. You should qik some stuff from the newsroom sometime. LOL.,neutral,neutral
1963296423,@Squirrel84 dude there is no sun here.,worry,neutral
1957313297,"Bing! no its not Chandler Bing, its the new Search engine from Microsoft http://tinyurl.com/mgcotd ..but why the name Bing",surprise,neutral
1957425216,Wondering why it's so cold - the skylight is open - I left the gas on this morning,worry,worry
1753485673,"@Lanulahbelle thankfully, no  why are you still up??",surprise,worry
1962326416,i hella wanted a sausage mcmuffin but when i gt there breakfast was over,anger,neutral
1962951394,Mexico City traffic  Beating the rush hour to make it to the Aeropuerto,sadness,neutral
1695475025,@dages58 lol after this weekend yea ur right  text me cause im goin to 3rd and they dont have computers there  bye bye,fun,worry
1694549479,is downloading new fonts . again  http://plurk.com/p/rplkr,anger,neutral
1965697721,The sun is breaking through the clouds!...and now it's covered up again.,sadness,neutral
1752288210,"@garretjiroux Yep, I'm more of a facebook person  http://bit.ly/duFAz",neutral,neutral
1957639561,@theJBs @wearecutaways  We were all set to get a room last Saturday! I can't apologise enough for missing out Deccy,fun,worry
1696178797,@Afey umm how abt a comment like that :p &quot;i dont like this&quot;,sadness,neutral
1751537313,@KeepinUpWKris  Have a Happy Mothers Day! I thought u had blocked me cause i couldn't get anything thru the other day,relief,worry
1695963321,@atomicfern just made my day: http://tinyurl.com/cumqmv,happiness,happiness
1694552369,Download movie  Notorious http://tinyurl.com/d2u4gs cool #movie,neutral,neutral
1695002974,"@ruimoura dude, come on... at least rotate that motherfucker!",hate,neutral
1753075898,@vimoh there are other signs too  of twitter addiction!!  Levels from 1 to 6.... LOL I am probably on level 4 ... lol,fun,neutral
1964326367,"Was late today, due to construction!!!      tGif...",worry,worry
1965399611,No TV and no internet make Catherine something something?,neutral,neutral
1694090630,is sitting in her nan's bathroom dying her hair for the x factor auditions tomorrow,worry,worry
1961409028,Already feel like such an idiot on the phone and it makes it worse when Brandon says I didn't say the right stuff,love,worry
1960760470,"getting ready to head out to Camp Allen.  Unless somethings changed, that means no phone service for about 24 hours.",neutral,neutral
1966160728,tried to whore out my twitter @ FFAF but LJ dies everytime i try,neutral,worry
1964646661,"Back from the gym! I'm no expert or anything, but I'm pretty sure I am not going to be able to move tomorrow, maybe even in a few hours!!",worry,worry
1751288247,"Finished with my classes, time to start my summer project. Hint: it involves a Wordpress install and what I've been tweeting about lately",surprise,neutral
1965333129,@kanoaofgomega our love goes out to you Kanoa  sorry for your loss dear,sadness,worry
1957636726,@rawrgoesaimee Ah bibisita ka kina GQ bukas o  sasama ka sa Rushers EB? I won't be able to visit Jumpstart tom coz I have something to do,sadness,neutral
1753094160,I am at my grandparents place,love,worry
1695846807,@Reseal i like,love,worry
1962912560,@mileycyrus I would vote for you Miley but I live in Ireland  You'll be fine  Good luck! Slï¿½n!(bye in irish ) Sorcha xxxx,relief,neutral
1752505962,@mimicariad Socksy's just plucky and independent to Caspar's lazy and attention seeking,hate,neutral
1753469046,"Ps Brian just announced his message title, &quot;what is in you will flow from you&quot; My friend replied &quot;cheescake??&quot; Ha!",happiness,neutral
1753678449,@JasonBradbury mmmmm you have someone on the inside ? or are you being brlliant again,surprise,neutral
1752475515,&quot;i hear its wonderful in california.&quot;,fun,happiness
1696178878,check out the flyer i designed for the notary and retrograde: http://rachellovespeace.blogspot.com let me know what you think,worry,neutral
1753617239,"@teamellyn sounds cool! Liverpool's ace, especially if you like the beatles cos there's museums and shops dedicated to them",fun,neutral
1964991827,@OFFICIALDJAOK @NatBoogi @tinocochino @JTONAIR  Soooooooo What Happened To Power ForReal?,neutral,worry
1751287976,@aussiecynic LOL #yourock,happiness,fun
1962892613,@alrapke the only thing is I'm not a chocolate fan  but the thought was yhere,love,sadness
1694606518,i dont think i have ever laughed so hard,love,worry
1965325939,"Back is killing me, wish the pain would go away",worry,sadness
1752723163,@smithld I picked up some stuff I missed the 2nd time  And to think you missed all the in jokes too!,worry,worry
1694588962,Hello twitter,neutral,neutral
1753693839,"@Ganga108 my pleasure, its a great recipe",happiness,happiness
1696176527,Off to band practice,neutral,neutral
1960259229,Bandwith limit exceed on filaty,neutral,neutral
1963812485,I scratched my iPod,worry,worry
1957652992,I'm up way to early today!  Work later.,sadness,neutral
1694366481,@JofArnold  Going to try it now and report on the results,neutral,neutral
1753838785,OOPS I meant 9412tr sorry lol,sadness,worry
1965949944,"@annie_escape awh, nooooo  i want a long update tooooo!",neutral,neutral
1957509180,@KINGmoney I'm sorry...I'll make sure I do that next time.,worry,neutral
1963710302,My last full day of even day classes. I'm a little sad,worry,sadness
1753836168,@aphrodaisy Thanks!   I'm making homemade lasagna for my mum today.,happiness,happiness
1753449822,Outz wif the BIG BIG BIG HAPPY FAMILY for mommy's day meal. And Happy Mommy Day to all Mommys out there!,happiness,love
1694276775,@chocolatesuze yes yes you should! Especially with wine and mushrooms!! Ummm I love mushies,happiness,love
1696085906,Getting ready to launch the podcast of chapter 1 of &quot;Turning Left at Albuquerque&quot; this morning. I know you're excited - so am I!,happiness,happiness
1695190387,...is worried / hopeful that I cought giardia from the foam tonight,worry,worry
1964847356,gives you a Haiku status (inspired by Michelle Yuen)  the sun is shining a perfect day glorious day outside my office,worry,happiness
1958128385,@pleasurep Just read that message about u being at Stephanie's in Greensboro.....love it! I miss my home!,love,worry
1963072215,http://twitpic.com/677bi - IVA!!!! i already miss yoo my sweet  xx,love,love
1957277972,looks like the eprocurement e-mail address from office mate is blacklisted by IT here.. asking them to whitelist now.,worry,neutral
1694570985,"@Gertrudesteinjr That's kinda cute, to be honest",love,happiness
1695546117,Had a great weekend with John-back to work for 3 days then going to Illinois on Thurs &amp; Fri for more Gigs with John,happiness,happiness
1753312137,had a great day...and now I'm off to bed. tomorrow I'm back in sd,neutral,happiness
1752535215,Going to bed! Happy mother's day for every mom here!,happiness,love
1960155197,@mcraddictal okay,neutral,neutral
1753074179,@howie_d It's a pleassure making you both smile.  Have a nice day and you are making me smile as well being on twitter.. aahhh nice..,happiness,happiness
1751539979,just fought with my printer...after 2 hours i claim victory... i hate electronics,hate,sadness
1965012828,Heading home from Sacramento.  Will continue writing the WIndows Server 2008 R2 Unleashed book over the weekend.  Sigh  #windows,neutral,neutral
1751885422,With Russ and Joe!,neutral,neutral
1751680620,*PEN JAM CLEARED* CLICK!,happiness,empty
1961226949,@feltbeats That's right... kick me when I'm down.,sadness,worry
1966420375,(@ohmyjade) 1-Pendulum = awesome! 2-Goodbyes suck  3-Shut up plz. 4-Toy Story 3!!  5-JB 3D MOVIE 2MORO! 6-I'm tired. 7-Aaaand I'm out.,neutral,neutral
1752872696,"Whatever you're thankful for in life, make sure you are most thankful to your mother. Happy Mother's Day to all you mothers.",love,love
1752897547,ready for a day full of His presence  i'm expecting the best!,happiness,happiness
1751000556,Ok we found our way now... I think  tonight let's just let go its dance time!,happiness,neutral
1964389154,at economics i wanna go homeeeeeee  im tired and i hate the teacher.  and iï¿½m sick of half of my classmates and i wanna go home and sleep,hate,sadness
1694880947,@gregjames will you be posting a pic of you H suit?? Pretty please?,enthusiasm,neutral
1957588074,@zacktate  where u goin,neutral,neutral
1964889805,@ amhzz... did u get an invite? I miss u,worry,sadness
1957322281,@whitespider1066 &quot;toys&quot;??? Advanced load carrying system. Low-cost 1-man outdoor shelter. I didn't get the Wolverine glove,neutral,worry
1965737327,burning all my imovies over to dvds because im computers getting replaced..,empty,worry
1957181030,"I can't wait till it's Sunday, a new episode of Supernatural but then there are only 6 episodes left now",love,worry
1751501457,Wishing all the Mom's in the world a VERY HAPPY AND RELAXING MOTHERS DAY. May you get to spend the day with your feet up being pampered,love,neutral
1751465691,@marqueA2 Amazing.  Thereby proving we cannot believe anything we see,worry,worry
1962198472,WAH. i'm gonna miss bowie people  ESP YOU ALYANNA BONDOC &lt;3 and Cesar. D:&lt; I dunno if I can survive without my SOSA!,worry,worry
1964542474,@savagemic @MailChimp hired all the smart monkeys for e-mail marketing...,neutral,happiness
1963860855,@rosieperez yes! I can't find one 4 my Curve 8900,empty,worry
1695343621,"going  back to bed  for a  nap, Im starving !!! tty l",happiness,neutral
1751955900,THE CURIOUS CASE OF BENJAMIN BUTTON!!!!! I'm so excited about this fucking movie,happiness,happiness
1695656949,@NEENZ I was just at Sky Harbor on Friday.    How are you?,fun,neutral
1960267316,unemployment office sucks,hate,sadness
1752256390,"&gt;&gt;Why did the Blonde Keep failing her drivers license test--------&gt;&gt;&gt;&gt;&gt;Everytime they stopped, she jumped in the back seat.",sadness,worry
1695730233,Just got confirmed that itï¿½s pizza-time with some ex co-workers on friday...looking forward to it,relief,neutral
1694929503,"@gregmottola I believe that is true, FML is quite the phenomenon...all thx to Superbad",neutral,neutral
1694089168,YAY mom bought me the Sakura bodyshop lotion!  &lt;3,love,happiness
1957175586,"Morning all. The water heating's packed up, so i can't have a bath. I REALLY want a bath!",sadness,worry
1695620608,@JanisSharp thanks Janis,neutral,happiness
1753418550,"had a great night last night, and happy mothers day to every mother in the world",empty,love
1957674180,[BBC] Malaria parasites becoming resistant to drugs  http://trunc.it/9yn5 ~ this is really not good as Malaria affects so many people,worry,worry
1694293593,@eBeth I can hear it now...,surprise,worry
1752125648,@vanessavaldeezy i'll go to the movies with you,enthusiasm,neutral
1695845005,Aaaah did you see Prez Obama holding hands with his wifey? Soooo romantic even in White House.....,love,love
1961992546,@JraseanJ aww  I wish there was sun out here. Then I can get a tan!!!!  (walks it out) go meee go meeee,neutral,neutral
1962473022,@nick_carter The video is `private I cant see it,neutral,worry
1694625119,"@kate38381849 haha, yeah i meant mall! -winks back-",surprise,neutral
1695279795,ok I promise to become interesting if you follow me,enthusiasm,neutral
1962220525,"oh no  according to laineygossip, taylena is OVER!  bc of his fame?! gosh poor @selenagomez two heartbreaks in a row :-/",worry,worry
1752619401,"&quot;NAPPY'S&quot; da new &quot;N&quot; word....by da way, iLove my &quot;NAPPY&quot; braids  iGot &quot;HANG-TIME&quot; homie lol",happiness,happiness
1752894838,and it is raining in Denver. of COURSE it is,worry,neutral
1695884504,Going to workout + swin... fun,fun,happiness
1965738630,@suewaters Sorry - I have failed to grasp your meaning,sadness,worry
1753852508,@Jennifalconer I was happy to see on Something For the Weekend that Flight of the Conchords is back on BBC4!,happiness,neutral
1965693715,"@Mcpattz I hope u enjoyed it and your back is now feeling much more better  God,its 1:20am...heading to bed  God..too late..good night",worry,happiness
1957383729,"@Kingsrockandrol I'm a bit down zoe cos I'm off to bed soon, so I will miss this gorgeous weather, were having  what you up too today? X",sadness,neutral
1957179054,Ugh. Too much happened today. I really need a hug,neutral,worry
1963228987,"@yelyahwilliams Haaaayley, i saw some pictures from the tour, you're so pretty *-* i wanted to see u guys again",love,happiness
1753633210,"@DaveP_47 hey, watch out you don't post too many adverts on your twitter feed. I wouldn't normally follow, but your blog is interesting",neutral,neutral
1753468443,@AubreyODay god bless u and I hope the rest of your weekend is joyfull,love,love
1751175604,check it out check it out check it out.,fun,neutral
1751502360,"@lalalalexi read it! lucky, why are you getting a new phone?",surprise,neutral
1752322641,NITE PEOPLES!!!!!,happiness,happiness
1694015800,@shaundiviney THATS BETTER! lol,relief,fun
1753758050,Made it home..Night my twitties,relief,neutral
1962843205,"@MelissaPan awe yeah, it's more fun revising with others but you get distracted easier &gt;.&lt; yeah I'm tired, revising history",sadness,neutral
1753598740,Mcfly evolution for the 4th time round,enthusiasm,happiness
1694034463,@johna404 Hi I have uploaded 5 completely new Chinese Lessons on www.youtube.com/ChineseLearn Please feel free to watch and enjoy,happiness,neutral
1753885410,@hairrocks happy birthday!,happiness,happiness
1961379459,Drag me to hell soundtrack from Christopher Young is delayed from june 2nd to july 7. That's SUCKS pretty bad.,sadness,neutral
1957309670,Been working lots of overtime this week. Only just realized I booked a half day tomorrow so this week will just break even,worry,sadness
1694238108,Its relaxing time..a movie and some treats,relief,happiness
1694569832,@beachNZ yep nothing better,hate,neutral
1962472497,"GAWD, I'm so tired still! I have to move out of here into my new place by 5:30 PM, cause I work.  So stressed! #FB",hate,worry
1694327268,loggade visst min 400e cache i lï¿½rdags!,neutral,happiness
1752123061,I hope my mom enjoys her Mother's Day gift,happiness,love
1961999839,Are you going to hate being around my baby?,worry,worry
1962483641,its sprinkling outside  i hope it doesn't rain during our game ..,worry,worry
1694439890,Millenia mom.... I think I am in that category,neutral,neutral
1753773859,Happy Mothers Day!!!!,happiness,love
1694420112,"@chathuraw get that fixed, after few years it can worth some thing",neutral,worry
1963868209,"@Chris_Gorham aww, what a shame  ........you can still #followfriday them though, no? &gt;.&gt;",worry,worry
1694382538,Official whine-tweet for today. Nothing specified,fun,neutral
1961369134,"@HDEnvy Thanks!  Unfortunately the EU had probs with his satellite provider, so even though his TV LOOKS great, it's basically useless",enthusiasm,worry
1958134519,@kaliie i'm sorry but LOL! what is this about? waitt... you think your mum would still let you do bday stuff this weekend?,sadness,worry
1752984224,Happy Mothers Day to all the Mommys.,surprise,love
1957591160,says God please i hope it doesn't brownout...i'm burning my files  http://plurk.com/p/wy5za,worry,worry
1965563410,@mitchelmusso http://twitpic.com/67swx - im waiting but its been 40min,neutral,worry
1696004197,@jtchan83 Woo Hoo! It's time to play &quot;Name That Twune&quot;,happiness,neutral
1751500616,Did anyone go photographing today? I managed to get a few macro shots of some flowers that were blooming,happiness,neutral
1694727907,@m3nny5 iye neh...kurang tidur kayaknya. pulang pagian deh hari ini tidur langsung...haha. Thanks!,happiness,neutral
1750928665,Next to my birthday- Mother's Day is my favorite day of the year.  The one day I don't feel guilty for slacking just a little.   Aaaahh...,relief,neutral
1957701538,My assistant had me watch The Notebook. I miss Deborah,sadness,sadness
1751071386,@MoRethANHuMAn hey you! Did you get my present this morning? Hope u liked it?,fun,happiness
1753482351,is watching D.O.A,neutral,neutral
1965880534,I'm bored. I have a headache.,sadness,worry
1752353540,"@CharlieShrem  alright...I'm going to get off comp now, go back to ur party  be safe  &amp; have fun!",worry,neutral
1962232487,@SEGA why not united kingdom,neutral,worry
1753364914,@kay2thetie she's a feisty little cat! she'll keep them on their toes maybe.  yay kitties!,worry,neutral
1957317721,"damn another day at the office, the sun is bursting from the sky...and the women are eh well...back to the keyboard",hate,neutral
1695620322,Can't wait to see Set Your Goals at Leeds. Lots of website work to do today and its not on my own,happiness,neutral
1695582492,LAST CALL!!,neutral,sadness
1962993062,was on the verge of buying a Black AKC British Lab for $599 today... then the apartment complex overruled it....  dumb.,empty,neutral
1753310888,@pennydog nope! especially as you have just got them and they're still settling,neutral,neutral
1957546032,"@TerrenceJ106 Here! Got a 2JOBs &amp;a degree, but my damn car DIED so @lamborghinibow just made me feel shitty bout not havin a car!",surprise,worry
1961124103,@MGGubler Sounds painful   Sorry you got hurt.. And may I ask how this happen?,worry,worry
1962112003,@jroberson4 Good luck at the services tomorrow!! I wish I could see you guys on your vacation!,love,neutral
1966224323,wow its follow friday and i havent tweeted... Fail. And nobody has followed me today  dble fail. *suicide*,worry,neutral
1960445085,"Just had my teeth checked, now my eyes. I'm dying for a coffee but can't drink for an hour.",love,worry
1957037405,@MyDailyRoutine yeahhh. &amp;dont judge my pillow,neutral,sadness
1752054803,Time to rinse out my conditoner,neutral,neutral
1964561559,@markhoppus aww mark  that makes me sad I got mine on presale.,worry,sadness
1751679945,good night! im off to sleeep!!!! 5 am  good mornining! xD,happiness,happiness
1694834615,@aulia &quot;alternate means of acquisition&quot; sounds sorta noble,happiness,neutral
1963279643,will be MIA until june 13.. finals,neutral,happiness
1752413928,@shaundiviney best movie ever,worry,happiness
1957265858,i want candy!!!,enthusiasm,worry
1696005237,@DesiznTech thanks  glad you like it,happiness,happiness
1753695983,@CocaBeenSlinky morning! I'm in the garden getting air,neutral,neutral
1957718245,Again documentation day,boredom,neutral
1752255425,Sitting in the KAUST offices. Sun is shining and surrounded by busy people... ace,neutral,happiness
1962576550,"Enjoying sunshine in the park with friends, pale shirtless footballers are not attractive I'm afraid",love,happiness
1694238912,@mileycyrus http://twitpic.com/4fzo7 - When you'll come in Bulgaria??? You have a great fans here!,fun,happiness
1694419814,Talking to Sarah and Lisa!,neutral,neutral
1962938661,@geeketteFi and I SIT HERE all on my own doing nowt  hmmpfff lol..have a good night,worry,neutral
1960674473,@reflective aww... sorry for both of you.  May the LORD give you strength and rest today!,worry,worry
1695222325,going to have bfast now,neutral,worry
1966069017,I feel sorry for my bestie  good luck ali!,sadness,worry
1957728914,@ConcertJunkie &quot;I SAAAAAAID!!&quot; Haha. It kinda makes me sad though.  http://bit.ly/uJUA3,sadness,sadness
1960256363,"had fun tonight ^^ make up, pillow fights and skins. wish i could have stayed over",happiness,happiness
1962658654,is updating an old ipod...sad...i miss my orange nano,sadness,neutral
1753726764,Happy mother's day to all moms!,happiness,love
1966129930,"@AwkwardTown I know. I think I'm going to have to miss it, though.  This is when sacrificing money for job happiness sucks ass.",sadness,worry
1752701245,"@GlobeInsurance We should have a twitter reunion it would be awesome to meet you all lol, iwonder howd iget that to pull off",enthusiasm,happiness
1966228731,Y!oi thay doi khi chung ta... thoi day!,neutral,neutral
1966039401,@Cowbelly I really want to!! But it's one of my few free weekends that month and am booking clients  Mama needs to make money.,worry,worry
1960669303,in school w. linda doing nothing  ;i miss you,sadness,neutral
1964979121,@Chriscornell why isnt everyone with you?,worry,neutral
1958045881,Waiting for the bus. The bus is going to be uncomfortably hot I bet,worry,worry
1753758000,"Here's a link to Gregg's performace, its amazing  http://bit.ly/GsWrk",neutral,happiness
1752772434,"@LMStellaPR yes, yes .... nap or read gossipy mag if you have one handy",neutral,neutral
1753696334,Happy Mother's Day to all Mothers out there,love,love
1753313772,@rgoodchild I think that normally we are drawn to people familiar or similar to us. The cougar thing is for some quick fun.,neutral,neutral
1694727180,just watching ncis complete first season,neutral,happiness
1753381939,"damn - Apple store is down for updates... what's coming, I wonder?",worry,neutral
1965514382,@LaurenConrad mmmm lauren conrad eeeeep im going to miss the hills,worry,neutral
1751070633,"@HeatherHAL Thanks Heather, glad you like the dish",relief,happiness
1961097186,@MattTerry You can't make it down to NYC at all when I'm there huh?,neutral,worry
1961420631,"So sorry if i've been typing wrongly. usually, after i've typed something, i wont read. i'll just press the 'enter' button",worry,worry
1957294470,@BrookeAmanda that sucks  what bout kate,hate,sadness
1753726760,just made a South-Korean email pal. Happy!,happiness,neutral
1965521796,@itschristablack aaaa i cant go to his pagee  It really exist?,neutral,sadness
1750965577,"Recovering from my crazy family. I love them, but they ain't got it all   I only see em a couple of times a year, so I guess I can deal.",worry,worry
1752053771,Sushi two nights in a row isn't THAT wrong is it?,worry,worry
1752086500,just had a great talk with grace about how awesome God is and how he works...that somehow started with how remote controls work,love,worry
1966268064,"Took calculus exam today, I think that I did well. I messed up one derivative identity though  Well, I never miss that one again.",worry,worry
1695026975,"Sinus infection ): Damn brother. Anyways, Night",worry,worry
1960598106,"Spyed Princess Anne today, and listented to all my friends cooking up the perfect evening, Working sucks for me and OB ?",sadness,neutral
1965521663,tired as fuck. it's pissing down with rain. i miss summer,boredom,sadness
1966043091,Sad babies make for angsty writing,empty,worry
1751394730,"I tripped over a rubbish bin at Warehouse Stationary just before. Not a great Mothers' Day so far, but I'm thinking it will improve",love,worry
1695441711,is full from a nice dinner,neutral,happiness
1753198092,happy mothers day!!,love,love
1962442929,"@Skewp420 We can miss our babies together, haha. I'm dreading taking him to the kennel.",sadness,worry
1753435099,@MrCav lol.. ass monkey,enthusiasm,hate
1694746188,@AmyFroebel Nope. Just come back to CT,neutral,neutral
1965542885,Tropical Depression 1 heading east. MrSal65 scared this one off   Welcome to start of Hurricane Season '09.  Still looking 4 more FL subs.,empty,neutral
1752257588,@JonathanRKnight thank u sweetie! Can't wait to set sail with u next week,love,happiness
1693958433,@girlfromthemoon ...i had a yay moment today  YAY hope you did too!,happiness,happiness
1752019930,59 may be my new FAV number!!!,happiness,happiness
1694856544,@mobilebomb Hope he'll get well as soon as possible &amp; back to be a hyper dog.,neutral,happiness
1957640151,@iamdiddy I don't think they sale Ciroc where I stay..Damn..thats just my luck,sadness,worry
1753450832,Whooops... wrong smiley... it's supposed to be  LOL,neutral,worry
1695693234,Did you know if you want to stay cool all day use a shower gel or bath wash with peppermint in it,neutral,neutral
1753745279,Just found out I'll be a Food Engineer in a future life. Cool. *iPhone app called Afterlife,happiness,worry
1750931664,@lomascar yo i got my blur tickets yesterday  i'm going on the 1st day whatbouts u?,surprise,worry
1966282001,@mfrancella I have yet to even get out to play this year  soon I hope!,happiness,worry
1695343906,I need a coffee,neutral,neutral
1964290218,Bouta donate blood! Ahhhhh!,relief,neutral
1962171623,finally some effing internet! i effin need to update the wifi in SG malls. Idk how  i miss dada and craigie......,relief,worry
1695441836,@saygoodbye2luv Thanks for the concern. And checking up on me! Much appreciated,neutral,neutral
1753118870,@LeslieCraig haha maybe someday I will be your publicist! that's what i am going to school for,enthusiasm,worry
1694382105,"@OysteinLund either way, you always tend to make my #followfriday list, sweetie - you do rock that much",love,neutral
1957647555,@Ekstatikladii sorry love had no left overs  but come through sat @ mi casa for ton's birthday! we'll have tons of food,neutral,worry
1963227108,I'm not looking forward to the crazy commute come with everything that's going on down here,worry,neutral
1751431360,@douglasi TY for FF,neutral,neutral
1751574717,@phreak09 thinking about you  http://mypict.me/Fuz,neutral,neutral
1752723757,"@prepchik07 p.s.: UV rays are just as strong with clouds as with regular sun, sometimes stronger. just FYI.",sadness,neutral
1963937170,"New crisis, my bag is too eavy for my DoE",worry,neutral
1966155977,@rodmcnasty000  I miss you,sadness,sadness
1964011169,Ohhhhh Barcalona. Please dont ruin this  #bgt,worry,worry
1753728704,YES! getting my sky + back on wednesday  been waiting weeks for it (:,love,neutral
1957078740,So have a headache right now and it sucks,sadness,worry
1753871849,When we got more followers we gonna have a competition.Hope you all look forward !,enthusiasm,happiness
1695343740,Wild Oats Pinot Grigio = v easy to drink,neutral,neutral
1753156180,had a great night,neutral,happiness
1963427710,"@roflcopterfail except the fact that it's been raining since Wednesday, and not supposed to stop till Monday. ew.",worry,sadness
1752698237,"my hundreth update  HAPPY MOTHERS DAY. i love you mum! even with all the fuss and fighting, you're still the one and only.",surprise,love
1963942836,"@jessicagirrl i know fuck my dick  i really wanted to go, but i have to go to some fucking puertorican wedding, damn spanish :/",hate,worry
1694240608,Yah! Feeling better and had a beaut day - Sophie razzing it at the skateboard park (at all of 3 yrs) and Charli happy at school,love,happiness
1752844921,first time,neutral,relief
1963046013,Does anyone know how to call an international cell phone in france? Because i sure dont,neutral,worry
1965689251,@missy721 That is EXACTLY how I feel right now.,neutral,worry
1753483154,Good morning   http://bit.ly/Tjvhv,happiness,happiness
1694166473,"@bronte_saurus So did I... and now you can hear it again and again, if you wish.",neutral,neutral
1961606633,@Bebz_iddon blerrrrrrrrrrgh. im too hot and all sticky,neutral,worry
1957001049,@ether_radio i'm too awake now  ill have a nap this afternoon,neutral,neutral
1960631340,"@tommcfly Tom! Do a tour in the Philippines, please?  That would be so awesome!",worry,worry
1753666256,finally made it to the QC...happy mother's day!  got my car!!,happiness,happiness
1964366568,I miss my daddy so much.,sadness,sadness
1694310809,Bom dia! Good Morning! Guten Morgen! I am returning to Twitter!,happiness,neutral
1752193476,@casndra okayy mail me thenn  Lol im hyperrr too much candy &amp;&amp; Jello x],happiness,worry
1694402008,done with facebook. off to jamlegend,relief,neutral
1962332503,@paulineee: I know!! Im so excited. We cant go earlierrr than the afternoon?  I love you tooz &lt;3,love,love
1694494038,Just woke up. Making breakfast,neutral,happiness
1753401913,"@themishi Wanna come to Mifune tomorrow? Impromptu #Tweetup , 11am",surprise,happiness
1694051260,http://twitpic.com/4j99z - a gift from my boyfriend... this little guy keeps me company at night,love,neutral
1964891086,Omg I can't believe jay leno is going off the air,surprise,worry
1694419992,@kusuma06 aaa new follower! hiii,happiness,neutral
1751068708,i absolutly love kill bill vol. 1!!! I think lucy liu is sooo gorgeous!!!!,love,love
1752021944,@rockndan dude... i tried the vegetarian thing and i lasted about 2 months... good luck!!! going vegan is intense!!! good move though.,fun,neutral
1957448906,ahhh fusterated,worry,happiness
1961643116,"Photo: So I still havnï¿½t hooked up my editing comp  I know you guys miss my artwork, so Iï¿½ve decided to... http://tumblr.com/xeh1wetiq",love,neutral
1964661276,"to be really really... not bored but bad, i won't now the news  but thats ok. BRB x",relief,worry
1753694383,@Britt_Uh_Knee,neutral,neutral
1965599722,@annamessias i miss yoooooooou my poia,love,sadness
1752382085,@jennettemccurdy WILL DO!! (of will did?? lol ) great episode,fun,happiness
1753804311,On twikini while enjoying the sun,happiness,happiness
1964591336,i think they are working why eyes are drooping  its so weird being under drugs i dont like it ... cant wait for tomorrow though,sadness,worry
1960672702,Nothings better than having to take a cold shower in the morning,relief,neutral
1965852788,oh dear! gareths b-day 2moro all my girlfriends are abroad  lucky niamh is coming home 2moro poor gareth has 2 listen 2 me talk all day,surprise,neutral
1957199401,Where is my bestie when i need him @iAmcertiPHIed,surprise,worry
1694384400,@nickchien @chaubella_ i am glad to break my twitter virginity with you two.,happiness,worry
1694644887,@themaineman ooo enjoy  and thanks for looking out for ours,relief,happiness
1960464262,@DGNY I'm ready homie..actually ima be working,neutral,neutral
1960607071,"@ExtremeWithin Yes, soak it up for sure. It's gonna be fast n furious. Only one show this year  More reason to revel in the moment.",fun,happiness
1695310045,@DonnieWahlberg Cant wait for DTE in Michigan this summer you guys are great look for me in the customized NKOTB Track Jacket,love,happiness
1753311711,"@Diond408 ooooo I was/am using the iPhone version, I just use the web and sometimes twidget on my mac",neutral,neutral
1963044656,she's gone   I miss my kay way already,sadness,sadness
1957169086,"@desdoulas Ya, the weather has been super weird here. It looked like it was gonna rain today but of course it didn't, darnitt,",surprise,neutral
1753632265,happy mother's day mom. love you always,love,love
1694746088,@retrogrrl Well thank you.,love,happiness
1957165693,@AnnetteStatus I luv urs! admitting niley with a kiss (: but then they change their minds  haha &amp; demi/sterling (: not jemi but still cute,love,worry
1966004083,"Doing homework and then going to bed, have to leave at 6:50 tomorrow morning for work  and then i wont be off till 6",happiness,neutral
1963047771,@trashlee i can't today   after my little tanning sesh i got so much shit to do. next week for sure if your down,worry,worry
1751034814,"i just made the best turtle ice cream pie everrrrr  btw, happy (soon to be) mothers day!",happiness,happiness
1753097439,Back home.  Preheatin' oven before popping in a pizza,neutral,neutral
1753837791,@robinmatthewfry thats great I'll make sure I get a copy,happiness,happiness
1751430428,@Brandi408 thank you!,love,happiness
1753254860,In bed after a good last saturday in ec. I'm gonna miss this place but can't wait til summer,fun,worry
1694645515,@magh aw. you level up. haha but just try to manage your money.,surprise,neutral
1961462700,"@claudiatan yes! fb, ah i miss you",love,sadness
1752125647,"@melaneedark Well, I do what I can for the X spammers watchin'",neutral,neutral
1753836629,"18.42 recalling the events of a great wk/end - Star Trek movie is fantastic, Zach Quinto is hot! Study, shopping&amp;dinner, life is perfect",surprise,happiness
1962323787,"Dana just found out she doesn't get to take lunch now, but rather in an hour. Hello delivery.  http://plurk.com/p/x29ss",worry,neutral
1751141454,@JoeJacobi Following them all... You're creating a little flock of paddling Twitterers...,neutral,worry
1961648843,Am i the only one experiencing problems logging into digital point forums ???,worry,worry
1695921459,"waiting for amy so me, her and @reecerentboy can go see the hannah montanna movie!!!",happiness,neutral
1962268352,"I have a headache, and it's not going away.",neutral,worry
1752775409,Sï¿½i Gï¿½n sï¿½ng n?ng chi?u m?a,neutral,neutral
1694476220,@ChloeCazRhi why thankyouu!,sadness,worry
1752414598,Happy Mother's Day.. To All The MommiiEs Owt Theaa... &amp; ii Think ii Got Thaa Hang Of ThiiS ThiiNg.. Yay!!!,happiness,neutral
1962565263,It's gonna be a super long day,worry,happiness
1966400575,"@caroldn Okay, no more driving.  I know... I know... you are correct to say that.",neutral,neutral
1752506302,@rickyhorror but I don't want to hurt you,love,worry
1961102284,OMGoodness back to school soon FUN!,love,neutral
1963136237,Heeder's again and on Monday as well... absolutely no plans for the weekend,sadness,neutral
1964641985,@Cara_Jen LOL - I know... seems that the whole fabric of our earth will now unravel - lol - I guess people have never seen bambi,surprise,worry
1957079130,@JayDz hope ya sleepin well  guys still here,worry,happiness
1962933774,Running in the rain,neutral,neutral
1695884739,Just invited YOU to twitter!,neutral,neutral
1957744120,I think my iPod touch may be breaking itself.,worry,worry
1753467232,@sageeb Well you can only find out WHY by first knowing WHO?,neutral,worry
1960199499,"@hellocuppycake yeah, guess we gotta wait til sometime in June",neutral,neutral
1694954359,i feel in love with pizza girl... now i eat pizza everyday,love,love
1752724849,happy mother's day mummy  i love you. xo,love,love
1753903798,@dai_bach daps were the best lol,happiness,happiness
1957461549,sometimes spam leaks in to the message board.,neutral,hate
1962812065,"@Xantiriad the music in the trailer was terrible imo, cheesy handbag house. I was expecting some dnb or hard house",hate,worry
1965267059,Bit disappointed with The Killers On Jonathan Ross  He's sexy as hell though,hate,worry
1960589516,sooo cloooseee,surprise,sadness
1965417719,Feels really bad for @crimescenevegas with his epic toothache. Wish there was more I could do than putting a pig in the microwave,neutral,worry
1956970424,@BrodyJenner if u watch the hills in london u will realise what tourture it is because were weeks and weeks late  i just watch itonlinelol,sadness,neutral
1966190485,@glennbeck wish we could come see u on Denver  husband lost his job and can't afford it,worry,worry
1962318909,and this terrible cartoon that's supposed to be mexican.,hate,worry
1696087034,@bealove thank you my love,love,love
1694664449,@shaundiviney green day are the bomb  xx,fun,neutral
1963464861,"Is Watching Britains Got Talent, &amp; Is biting her nails. Please don't come off black nail varnish",worry,worry
1957273033,someone has hacked into my emails!! fuck off!!,worry,hate
1963046080,I wanna Karaoke!  Instead...I get to go to work  Lameness,neutral,worry
1751921140,@rootify if you've ever seen the way @atduskgreg uses his browser he probably has like 5 copies of it running.   http://bit.ly/1doEEj,love,neutral
1695055242,@Love_Idol Looking for a new SMS sending solution? http://promotion.itagg.com Get ï¿½6 FREE SMS with every iTAGG!,neutral,neutral
1751501289,@ginaxmarie  but that is the only logical reason why you'd get hollered at 3x in the past hour. but what is dnw?,neutral,neutral
1694256632,"Didn't get bitten by a rabies infested person last night  yay for me! Gonna scare Rachel with Quarantine tonight, this shall be fun",happiness,worry
1752896391,Yesssssssssss! A rocket to the moon is  going on warped!,happiness,happiness
1965893906,"Client consult in Valley Ranch, then home to work some more",neutral,neutral
1695341127,Wow the  vicodin must have worked I over slept... Better get updating BJADAY.com or I will not have a job,surprise,neutral
1964374843,@ladyinurdreamz dude!!! wtf!! I text you this morning so that you can take care of me! so uncool..... it's confirmed... you hate me,neutral,neutral
1965467936,@batendersblog she had another song out recently but it didn't get that much play,worry,worry
1695083416,@elsekramer  Yeah the spammers are discriminating: none of the females  are part of the target group apparently,worry,neutral
1965396355,@nina_serafina85 Its headed this way,worry,neutral
1962385859,Can today go any slower? Time is just dragging by.,sadness,worry
1752673944,"@whatsyourcrime ok, so I'm replying!  happy mothers day, indeed!",happiness,love
1694530043,"@alittlelesskaty Hey, u like FOB 2! Follow me, luv 2 talk more, looking 4 frineds + followers!  ~Ellen~",neutral,neutral
1694238137,is having this massive headache! and all i want to do is eat some nachos..,worry,worry
1963409556,Is sad when people's phones are dead,worry,worry
1962016023,Sunburn on my knees,worry,worry
1957398625,@melkoo If it is any consolation I got my BMI tested hahaha it says I am obesed  well so much for being unhappy for about 10 minutes.,relief,worry
1964251928,@LaurenConrad when I tried to go to her's I got this message &quot;That page doesn't exist! &quot;,worry,worry
1964329569,@avinashkaushik how about a new article on finding your YouTube channel stats in your Google Analytics account? Can't find it,neutral,neutral
1966416538,@bignupehen i would but i have nowhere to go and no one to go with,worry,sadness
1962936473,@laydieluck777 damn  real sorry to hear that ma,sadness,worry
1963527707,leaving florida want to live there forever! Texan*Girl,happiness,worry
1753821384,@KINGREF thank u dear,neutral,love
1957202990,Rawr and whatnot. I am having a godawful drawing night tonight... even less progress has been made than I expected.,worry,worry
1966247900,I wish I could see dramafest SO BAD.,worry,worry
1957243516,@Katarinea Oh wow  ouch...,surprise,surprise
1960194451,@mdurwin Yes - noticed that after the retweet..,neutral,neutral
1957084446,@nickkk_ that sucks!,sadness,worry
1957520555,@MAGUSWEAVER don't follow me. You will ruin my twitter experience,empty,worry
1752873661,@jameswhitaker Umm most def  We should have a fun Houston day together and then hopefully it'll turn into a Houston night... hehe,fun,happiness
1964812320,"@ChuysGirl708 good, I'm glad you got there!! I had no 1 to come talk a walk with  LOL. Me, Becky &amp; Holcomb are the only 1s here again LOL",love,neutral
1961751007,@unaffected @warpdesign @cianan @mikedelgado Byebye web buddies  The cubes look so sad... SRoach I had no idea you are BigToach.,worry,neutral
1961549356,i failed at cutting and peeling the mangoes  hah. it was weird trying and my father did it like it was nothing.,sadness,worry
1966318052,@karenhanson that plain sux. kinda like cheers goin off the air.,worry,neutral
1963135610,@iaretanja I forgot to put something  on that is very essential to my day.,sadness,worry
1695192693,"Day 2 of back to work , Day 1 went allllllllright I was only exposed to the swine flu for 8 hours so thats ok I think? Just wash my hands",neutral,worry
1753743953,Lan Poker is so much fun!!!!  Someone help me remember ki compre chal raha hai abhi!!!!,happiness,neutral
1964153032,"Damn, I never knew I could miss my phone so much for 4 hours till they told me I won't have it back till then",sadness,worry
1752086144,"Nearly finished Angels and Demons, awesome book, feel so lame for only reading it now",relief,happiness
1961963567,@Nicsey 3000 then ya up with me my friend ... i type too much,neutral,neutral
1965458194,@BonusJonas Lucky. Winter is coming for us,worry,neutral
1964851226,On the way to Malaysia...no internet access to Twit,surprise,neutral
1694364764,eating organic jelly beans,neutral,neutral
1752158137,"in the words of liana corber: Moreover, WIAIH was a humbling experience... i surprisingly had a decent night",worry,happiness
1751539062,Home empty handed.  No comics found today.  I shall now indulge in my cupcakes from Magnolia Bakery.,worry,neutral
1752089134,"@takinghostages ~entonces estas perdonada porque sigues a tom conrad, who we all know is made of awesome",enthusiasm,happiness
1695729176,@HiveMindMovie and Miss Fizzy Duck loves Hive Mind too,happiness,love
1751211680,@Kiwiartist   Hi to one kiwi artist from another kiwi artist,neutral,happiness
1753483296,"@francesbell Yes, actually there was some jam twitter traffic yesterday... But it can happen. Don't worry",neutral,worry
1957450274,Epic ocd moment? I deleted my sims file that i spent hours building just because i set his favorite food wrong,sadness,sadness
1694770999,Goood Afternooon,worry,happiness
1752088255,LOL. THX WHIT!!!,happiness,love
1964987885,my head is hurting..,sadness,worry
1694494880,Extremely happy to see my new track &quot;The Awakening&quot; featured on Indivibe   http://www.indivibe.com/vibe.php?city=1,surprise,happiness
1960341449,@sallyinnorfolk I have to spend lots of  our money on a new boiler...great!!! Not so lucky hey,surprise,neutral
1752158111,recorded some of a new song today! u wont hear it for a long time thooo... we might play it at shows tho! so comeeeeee,love,neutral
1694051419,@AgesTheGreat tell him ill beat him up if he doesnt share,worry,worry
1753823319,Happy mother's day all you moms!,worry,love
1962479343,"im sooo sore... my back hurts, my legs are weak, and im dehydrated. i have to go set up my moms furniture... gay!!!!",sadness,worry
1957090496,@WillyNorthpole I wish I was there,sadness,sadness
1957701226,@Jemistryteam --- has demi ever replied to you? Coz I haven't got any...,neutral,neutral
1966306931,i hate it when my bff is groundedd  boooooooooo,sadness,sadness
1753534350,Number 999. My next tweet must be something really special.,worry,worry
1751176585,The usual. Two family parties today. Happy Birthday Lily!  http://twitpic.com/4w472,happiness,happiness
1694495041,@amber_benson loved the #MacarAMBER!!!,love,love
1964557890,Awe i feel so left out,worry,worry
1963150276,Big booming thunder storm almost here.  Maybe we can all go home early???  Ah... probably not.,neutral,neutral
1966065755,I wish I had more followers on twitter,worry,neutral
1957113687,@kaseypoteet LOL yeah yeah you big perv ;) Was hoping to see you next week but scrapped plans,relief,happiness
1962113782,feeling rather peckish...no dinner for at least 2 hours  wah,sadness,neutral
1695309947,The mission to Wales to find the worlds greatest welsh cake with @kendalloneill was a success - as none are better than my nan's,happiness,happiness
1694814719,"@fightking Yeah, 'Age of Aquarius' IS a pretty scary song",surprise,happiness
1753820231,alright @brainerdbaptist. let's do this,neutral,neutral
1965296636,@KirkDunst not cool.   Hope you feel better. I went up there for breakfast buy you were gone.,relief,neutral
1961173792,im grounded tonight  i hate stupid silent mode,hate,sadness
1694240468,gonna knit a felted heart toy for mum for Mothers Day. she's so great (not really) she loves anything i give her  luv ya mummy,love,love
1751286217,Yay - star trek really is &quot;that good&quot;! happy to not be let down  gotta see it on imax now...,love,neutral
1964811753,Lulu's put on scottish accent on britains got more talent makes me sad to be scottish  just coz falconers there dont play up your accent!,sadness,neutral
1694165651,@QUEENKAK oh thank you thank you! Was hoping the video will be online,happiness,happiness
1694789608,@penelope_mills  better than a spider or some type if Australian wildlife one would imagine,neutral,neutral
1957442679,wondering where all the money i earnt this financial year has gone... i can account for like 3 grand but wheres the rest,worry,worry
1963159021,Had to spend lunch murderin hits,sadness,neutral
1750928877,"@allearsdeb http://twitpic.com/4w0yj - wow, fancy!",happiness,neutral
1752504786,@MariahCarey thanks you soo much i need this day for these five kids lol,relief,love
1962258883,In checkout line...kate &amp; jon splashed all over us weekly. sad,sadness,happiness
1695962858,@readerwave if I know what you want it is easier to please you ;). I am glad you mentioned it,worry,neutral
1957397325,http://www.speedtest.net/result/483892161.png i get good download speed only when no one else is using the connection,neutral,neutral
1752591163,FREE UNLIMITED RINGTONES!!! - http://tinyurl.com/freeringring - USA ONLY - Awesome 4 iphone,neutral,happiness
1696136281,@shrinkingjes WHOO HOO. Congrats on getting under 200lbs,happiness,happiness
1694126785,@willcarling So who's going to win the Heineken Cup?  Just need to know who *not* to bet on,neutral,neutral
1695546904,looooove the mcfly video on my myspace  ? www.myspace.com/kat_04071991 - go watch it  its my favourite,love,neutral
1966198099,@schambers bud light?!?!?!  up in Massachusetts and no Boston Lager?  Guess I won't catch the next flight   njoy!,worry,neutral
1963755435,Chaz's Daily Happenings: 22:31 Watching E.R instead of a DVD. End of an era  # 11:09 The sun is out. Wooo  #.. http://tinyurl.com/lgwrum,neutral,neutral
1695409181,http://twitpic.com/4jhp8 - Waitin on them 2 tell me what's the plan,neutral,neutral
1752747872,"Ugh! I have to sleep! Tomorrow I will sttart my photobook for my Jonas' concert!  Its just in 1 week, 4 days and 16 hours (:",worry,worry
1964630306,My eyes hurt,neutral,worry
1962224754,"Really mad at myself for forgetting about the May 24 deadline for the 40,000 mile award trips to South America on @UnitedAirlines",sadness,neutral
1962973670,"@heartystew Trickery?  No, just exasperation at seeing gay Pride hijacked by a politics bigger and uglier then anything it's meant for",hate,worry
1751288006,@erronious Some of yr coworkers hogging the jukebox @ Union Jacks.,hate,neutral
1962938326,About to go pick up my roomate from the airport....no more house to myself.,worry,neutral
1963566723,acho que vou ver roupinhas goticas  -qqq,neutral,neutral
1961453148,Work till five!,neutral,neutral
1753118227,Cant believe how lucky i am to have such an amazing boyfriend,love,worry
1753417761,"One gear, baby!!!",happiness,sadness
1752896524,92.7 is turning it right about now.,neutral,worry
1963586744,@Bwadoo that doesnt look good at all.,worry,happiness
1694273078,@BenFordham Thats Not a Golf Buggy LOL it's a Australia Zoo Buggy The staff use it to get around and give certain patrons a life,fun,worry
1960565354,"TGIF, too bad the weather sucks...",sadness,sadness
1752320728,@penguinm That comment was just to ..well you know...to not reply to it.,neutral,neutral
1695165329,Good morning Monday...  I feel as though you came to visit too early... But I am happy to see you none the less.,happiness,worry
1694976797,@hesa it's definitely worth it; art not withstanding  I hate moving; and hate packing even more..,hate,hate
1964054165,lol exams i didn't go to mcast or other school i finished form 5 and that's it soo disappointed in myself,sadness,worry
1963706605,At the vet with a sick dog  http://twitpic.com/67clz,relief,worry
1957209188,ah thats better snow patrol! now to be stuck indoors  still weekend coming up and fresh air excellent hope its sunny!,happiness,happiness
1965851070,@Vasilly I think I have some tea somewhere. It's probably old though.,worry,worry
1957234958,I cant watch anythgin till tonight,neutral,neutral
1957403389,"its friday!  well, technically anyway...but its really thursday for me.  dang having to work saturday mornings",sadness,neutral
1753330460,off to my cousins confirmation + confirmation party,surprise,neutral
1964830038,I actually got a bit of a tan today haha sadly will be working all weekend won't get a chance to enjoy the glorious sunrays boo,happiness,happiness
1751502391,@amberchase more gifts for you,love,happiness
1957274963,"bored, nothing to do",neutral,worry
1751250229,Shopping!,neutral,neutral
1694978583,@DarrynLyonsMrP It's a tough life you lead!,neutral,worry
1694366938,"@taylorgodwin it is, and its shiny and if i could marry it i would.   ps. im good, you?",worry,neutral
1964127351,"@iamyoushouldtoo Oh, I'm jealous (how surprising)",surprise,sadness
1965248659,Sunburned on my face &amp; legs. Fixing to be my arms tooo.,happiness,worry
1957105472,time for tv in bed.Then spending all day catching up on studying  i hate online summer classes,hate,neutral
1957293165,trying to get a sale in my job...,worry,worry
1961923608,Ahhh I am sooo happy Ashley Tisdale is in Germany but I am not in Oberhausen...  But i will show it in the TV at 8 o' clock yeah I love it,love,neutral
1752021880,bundy. in 3 days.!!!! warm weather here i come!,worry,neutral
1964595219,"@themakelounge -- No fair, I want a sticker but I just moved away from London",sadness,sadness
1957208359,Summer Glau to appear in Dollhouse next year http://tinyurl.com/mnrezc ... I still can't believe they won't renew TSCC,worry,worry
1694203309,HMV opens in half an our...better go get ready,worry,happiness
1962410227,Hey #socialmediatv ugh no way to do video&gt;blah {pouts}   (Social Media TV live &gt; http://ustre.am/2NjV),sadness,neutral
1751431426,happy mother's day to your moms,neutral,love
1753313631,"@roccoman aww you are so helpful  we getting sweepy here, sis says we can have whipped cream before bed , i save u some",love,neutral
1751783433,Just talked to @samgrover's cute grandma on the phone.  She only speaks Hindi-not my best language-but somehow we manged,sadness,worry
1694512063,doing nothing. wanna go out,empty,neutral
1957316683,Homework. ew fml. Should I pull an all nighter? I think I'm gonna have to again,worry,worry
1693997187,tafe was actually quite good. for once,happiness,happiness
1958122540,@Jayce_Kay Morning! Hows your day. Hope you're not another lying in the sun,empty,neutral
1966040479,Hitting up a bar or two most people being lame tonight,sadness,worry
1962874481,I have the biggest crush on Pink but she doesn't know I'm alive,love,worry
1963088580,Just saw a dark burgundy Scion xB. That dark shade makes it look like a minivan because the shawdows of the lines and curves are lost.,neutral,worry
1695082034,@marteyo ahahaha okay deal  now i only have to snuff hermione out,relief,worry
1964372585,Gettin my cardio on right now. Walkin to the train station awww I so miss the gym,neutral,sadness
1964497869,"@HilaryJ Not sure, but I CAN tell you what happens to a pre-chilled watermelon that you leave in your car  *in TX* for a week!   NOT GOOD",neutral,worry
1964849591,"So, #primavera is in Barcelona. In Spain. Surely Ruth Lorenzo must be here, right? BTW Jarvis has a walking stick",empty,neutral
1957079355,"i should be finished.... but i'm not.  color drawing, here i come.",fun,neutral
1694327735,@threalmiarose hey mia!  totally adore your music.  when will your cd be out?,fun,love
1965484076,"OMG, Tony Hawk's motion on the nintendo DS sucks ass!",hate,neutral
1694146108,@amber_benson You are an absolute legend! Love love love it,love,love
1957528109,@SydneyAlterEgo probably not in this weather,worry,sadness
1751783731,I've got jam! Oh yea.,fun,happiness
1752617121,"@AguyfrTX I know, thx  But I'll be ok.",relief,happiness
1751574402,so who is in for bring at HK lounge tomorrow ? $12 all you can drink till 5pm... then kareoke. I think it will be a nice Sunday!,fun,neutral
1695004268,"@RobPattinson_ I hope filming is going well  I'm new to the whole &quot;Twilight phenomenon&quot;, they couldn't have picked a better &quot;vampire&quot;!",relief,worry
1957506476,@chrissalad My Mum said I probably wont get out of it  ALSO - it goes for like 2 months. That's normal right?,worry,worry
1694310372,http://twitpic.com/4jaw9 it's the frog who's been attacking Chelsey..LOL! Funny,happiness,fun
1962617950,Dang  I left my Rolando's dinner leftovers at home! I knew I should have put them in the shop fridge last night before we left downtown!,worry,worry
1695961617,@Mofette briliant! May the fourth be with you  #starwarsday #starwars,fun,neutral
1694568170,is loving life,love,love
1966131832,"@dino2gnt Yeah, I'm getting ready to go get pizza. Then nothing to do  Maybe @hazard_2gnt will want to play Xbox.",enthusiasm,neutral
1694665748,"@tamejhna I managed to find few places where you can combine fun, pleasure and savings but it took some planning though",happiness,neutral
1962654218,would really like to not be at work and instead taking a nap.,neutral,neutral
1694258095,@LeesaLily oh ok thanks,enthusiasm,neutral
1957670920,Hmm... I should go make a time machine to go forward to 12:00 God im genius.. Oh yeh i dont no how too...  x,neutral,neutral
1695281357,@rochellewiseman http://twitpic.com/4jguu - wow that is pretty  x,surprise,happiness
1695082902,"@LCLaurenConrad the new series of the hills was on yesterday in uk , it was amazing! you looked really pretty on your birthday too.",surprise,happiness
1694256275,"is back at working auditing away, time to make the hard decisions and be happy",relief,neutral
1964669733,@kimitwi btw i have your report too &gt;:] omg at lunch today we had to move from the HC to the trees cause of the heat &quot;/ all my days suck,sadness,worry
1966287130,has a really really itchy eye,neutral,worry
1962256777,i have a empty house and no ine to share it with,sadness,worry
1966201971,"God, why can't I be at #asylum? Really. I never get to do anything cool!",sadness,worry
1751539649,@garrettmurray Same here!  I just wanted it to keep going and not end... ever! ;),happiness,worry
1751358744,Going to the Gold Coast for mothers day lunch,love,neutral
1694275439,@CarterRonson It's going at 11 am here.. I'm overseas  y u up so early tho,surprise,neutral
1965856454,"@Russzart Ohh noo. Joshua im sooo sorry i was out ,im really sorry i didnt get to see you :''( please forgive me  I'm sorry &lt;3",worry,worry
1961004747,"@joycecherrier Awww. Don't mean to sound like an overgrown age 37 baby, but I'm still stick. Not as bad as yesterday, but still bad.",happiness,worry
1964640319,"i miss the jokes and making fun of ppl and throwing ideas for songs, movies, and shows at eachother the most.  that'll never go away...",neutral,worry
1753218045,sees your Steve Coogan and raises you a Dylan Moran.,neutral,neutral
1694881376,@Pink congradts on ur show  Even tho i wasnt there lol,happiness,neutral
1751321975,"ahhh ... i don't care, i love this movie in all it's cheesy-ness",love,love
1696219262,@hellojao hi Add me.  it's shannen,neutral,happiness
1957500585,Approaching the weekend quite quickly and so much more work left to do.,sadness,worry
1960446063,slaving away at work,worry,neutral
1961609456,Hates leaving teddy ... Now I'm miss both my boys  damn,sadness,sadness
1753821983,received her first pressie. Happy happy.,love,love
1966405785,"mmm mmm mmm! tss tsss tss. LOL, having way too much fun being bored.  i miss him",worry,happiness
1696134650,@joyousnfree lol. No new diet plan...ran late for wrk so didn't hav a chance to make lunch. I ate a lot when I got hm!,fun,worry
1695512283,"Version 2 of our live, interactive Trans-Siberian ticket planner is launched: http://tinyurl.com/c5ljwm - its very cool",relief,happiness
1957448941,"@bcollinstattoo yes, boo for soar throats and earaches!",anger,worry
1962328991,"I just slept that entire flight, and woke up to the fact that the girl beside me had been watching Chitty Chitty Bang Bang!",neutral,neutral
1957701592,it's official- the Twilight Saga has ended...*sigh*...my life is empty!,sadness,sadness
1694685992,@ShashiTharoor i hope such moments inspire you on your political journey back home. all the best,happiness,happiness
1694327631,6789998212 haha love soulja boys new song,love,love
1961525054,"Kerry threw a ball at Anand; it bounced off his head, landed on my lunch and it exploded everywhere.",sadness,neutral
1695767272,@VickiElam Better then her getting mad and using the floor,neutral,worry
1957068880,@CocktailChic oh f*ck! I completely forgot about Thirsty Thursday! oh. my. gaga. this sucks,sadness,worry
1965078045,"@andyschwartz nah, i didn't actually sleep  the data recovery place called and woke me up",sadness,worry
1694367582,LOOPJAZZ  yess!!! ez most bejï¿½n,love,neutral
1957501955,"Ok, ahhh! Last chance to go into school before chemistry exam!!",surprise,worry
1695581113,2nd result of the day: found my timeout book of bars whiiich means i've now recovered everything I thought i'd lost. Small victories =,surprise,neutral
1965813761,Ok so I've now got a bit of a bad back after lifting all drum hardware into my car   downer.,neutral,worry
1956989526,dont wanna work 11-830 tomorrow  but i get paid,sadness,worry
1753550933,"DH at work, DD7 at party. Seriously thinking of treating DS9 and myself to sushi lunch - after all, it IS Mother's Day here!",enthusiasm,neutral
1753137194,"@PumpkinPeazy Aww Thank u hun i cant believe ah  i will send you when i look pc =D cuz im login from mobile.i will send you,dear friend ^",surprise,neutral
1694626510,Wearing my new Victoria's Secret slippers,happiness,neutral
1965504751,I want a new lappy,surprise,neutral
1753096995,I finished a bit of sketching.... and now to some writing!,neutral,worry
1963721549,@kaydub I am using iMovie 08 and it's still not bad. I am afraid to hear what is wrong with 09,worry,worry
1957455270,Ill in bed my stomach is killing me,worry,worry
1965980186,Juast got home... and I have to leave again!!!  BRB!!!,neutral,worry
1694626890,@xkilljoyx dude. letters are the new currency. i think we're rich!,neutral,worry
1751107928,@booandginger Thats good!  Keep it up guys! Would love to come down and visit sonetime,surprise,neutral
1694834102,now i'm in hmv,neutral,happiness
1694494536,@inyiyruma You're welcome,neutral,love
1964661270,"Hello and thank you for all of the #followfridays people. I always forget, sorry",sadness,neutral
1751536480,@krigeren It's been interesting today... to say the least. Overall a good day,neutral,happiness
1695250537,Undervote is just going on  I'm all overalled up,love,neutral
1964835397,"Sad news, after a week in the hospital, My uncle past away today. R.I.P. Uncle Tony",sadness,sadness
1695656058,"@catarino hah yeah I hear that, good luck today",love,happiness
1750965764,i gots a summer job,worry,sadness
1957641646,Nevermind! Beyonce doesn't have a Twitter  Haha,happiness,happiness
1966125707,Going to bed watching a bit of qi. Wake up tomorrow to face the start of my last summer in bath. Bit gutted atm to be home,sadness,worry
1964895507,@StephanieBamBam @tjtrapp I can't join your game... it's a private beta,worry,neutral
1957014517,@juiceegapeach A hungry fool. Ill probably never see that Krispy Kreme again. Had to enjoy it. They closing down,neutral,worry
1958072134,"I don't feel well. I feel like i could throw up, and my throat hurts really bad! Sad day",sadness,worry
1957231014,@MissMadalena err i think they're like 15 bucks a ticket cause its 3D too. too expensive,hate,worry
1964829985,@oneofthosefaces all tubes closed on 9th and 10th of june  any idea of how to get to the venue?,neutral,worry
1963274001,@Sampalm  i can't vote for  her i'm #frustraded  :@,empty,worry
1753275525,@lulliecarole that was delicious! lets have a walk sometimes with you and your hubby.. and others! me misses you,happiness,worry
1696178244,@ConnieGreen  #powerblog What is this powerblog challenge you keep talking about?  I'm a newbie follower,neutral,neutral
1962450158,I ate too many kisses.,neutral,worry
1964141694,@ebassman Right here! Army Wife in Germany! I can't STAND that I cannot be there this summer!,worry,worry
1695106326,just thought of a spanish name that she will pretend to be one night out: Ariella Gonzalez. like It? don't care because i do,neutral,worry
1957560246,@geekinpink804  i can't.,neutral,worry
1962326547,found out that no one he knows is using Twitter.,neutral,neutral
1966056158,"@Snoop71 Not so much a substitute as a variation. Ate too much, too. Oof",neutral,neutral
1965436179,"@jacvanek omggg, how were the &quot;crazy cobras&quot; i wantewd to see them when they were in London",surprise,worry
1753616289,@NovaWildstar  Damn right!,happiness,hate
1957299236,Canï¿½t stop loosing.  Worst month results ever... Bubble two times in a row.,sadness,worry
1963581977,"feeling bad for Daisy, she cries in every episode       i watch waaaaay too much tv",sadness,worry
1963038810,headache headache go away,sadness,sadness
1751885207,"i need to see @betsycon7...now! someone buy me a plane ticket, please?",happiness,neutral
1694792427,@vampirefreak101 Haha ^^ Thanks,happiness,happiness
1694856603,"@rewebcoach So far (with the exception of the rain), my morning is Great.  But I won't let it dampen my day",happiness,worry
1960751420,Jesus Christ meadowhall could do with better air con! Too hot,love,worry
1752822253,@BBismyBB aww...you're such a softy...I can only imagine you a mess of tears at your own wedding...you won't even be able to talk,neutral,worry
1752773413,coming home tomorrow with a car full of treasures,surprise,happiness
1962894881,feel crappy today,sadness,sadness
1964733612,So my lucky jade nacklace/matching earrings ain't so lucky. Lost an earring. Now the chain broke on pendant,sadness,neutral
1965259467,Everyone is working tonight! I'm bored,sadness,neutral
1753727054,"Nighty night, ya'll!    Tweet Dreams!",happiness,neutral
1751955605,Wishing everyone a good night,neutral,happiness
1753237665,going to sleep now! Goodnight twitter!,neutral,neutral
1966191170,has a tummy ache.,worry,worry
1957360852,"@TerrenceJ106 I'm up wit cha!! Just got home from da reggae club, wishin I was sexin somebody!!!",happiness,neutral
1963646055,Being followed by compliance.  Great.   Have to watch what I say now.,happiness,neutral
1963374351,@dash_cunning I gotta go to my cousin's grad party,neutral,worry
1962232925,office hours/trying to make my computer feel better.,worry,worry
1961083074,@LiamJHayter  Chroma Key coolness ... When are the cumulus seminars going online couldn't see the live feed here,sadness,neutral
1696043631,@jkarney  #amtarot Thank you so much!,happiness,happiness
1957074101,omg i didnt tweet all that much today.... *sadness*,surprise,worry
1752592918,I HAVE NEW WORK COMING OUT,worry,neutral
1964888103,gettin ready to put on a show  ugh i really hope ppl dont comee,worry,worry
1751502529,Going to bed after the CAVS game  Don't judge me LOL,worry,worry
1960315413,"the #liesgirlstell and #liesboystell threads show how women and men alike are screwed up and struggle to have real, honest relationships",worry,worry
1694421826,"@woodsciman ahh but sometimes that's the best kind of day, lazing around doing very little with a cuppa",relief,happiness
1963875070,aaaaaw i want to live in the USA,sadness,neutral
1751713747,finally made it to phoenix!  I am home.,relief,relief
1753032084,@skimso freako on roidz! Hope d lifts his legs to stay out of your way while you clean.,neutral,neutral
1964457814,@maraslj I miss you already   come visit me pleeeeease,worry,sadness
1696004538,Back to reality tomorrow. But I think I will dig me out a cigar and smoke me a good one. Yes i bought 3 boxes of the &quot;GOOD&quot; Ones,happiness,neutral
1963733695,In an office on a Friday evening,neutral,neutral
1957426142,"Youtube's tubes appear to be clogging up somewhat today, connection errors a plenty.",worry,worry
1753272457,@2indya anytime,worry,worry
1751105553,@Migg But I can still putt 30 yards longer than you can hit your driver,worry,worry
1965951449,@NanaSuzee i'm on my mobile so it won't let me  but i can't stop thinking about you ;)x,love,worry
1965957463,Wonders why its so hard for me to concentrate...,worry,worry
1958046629,so during that whole whole addiction talk with my brother and that lady....i broke down and couldnt help but cry,surprise,worry
1753094987,@burbleon hope your dreams don't come true,fun,worry
1965502041,had 2 leave the mrs @sweetbullshit cuz i have to go 2 work  really didn't want to.,sadness,worry
1962020555,Im here at work super bored,sadness,neutral
1963642746,@gfalcone601 that little girl on BGT! how sad! i cried  lol xxxxxxxxxxxxxxxxxxx,sadness,worry
1960425570,"not enjoying this cold, raininy Boston day.  I think my new metal back doesn't like getting wet. ;-)",worry,neutral
1957408010,Ugg. Unpacking sucks,worry,hate
1753838103,"@Rebeckela that is no problem, i know you will win with the butt kicking as i can see into the future,,, its your destiny.. jaiho",relief,neutral
1957124444,@JetWolf I know I enjoy watching you two on twitter. About as entertaining as the comic.  That I miss,fun,love
1966235006,"feelin depressed ,, i miss you soo damn fcking much besties  ..i wish i wouldnt have left yt",sadness,sadness
1965889776,"@mjvarela black is good... tight, or should I say too tight, not so good.",neutral,worry
1695544771,@colbycolberson then stop staying out all night,empty,neutral
1962664467,"I'm pissed, someone took my wallet",sadness,worry
1960145249,"@jasonbetts Poor you  Get outside and sleep in the garden, the sun will do you good. But don't forget suncream!!!",neutral,worry
1752919134,Shower time,neutral,neutral
1962299409,@nick_carter It says the video is private,neutral,neutral
1963113282,@natashaaaaaa awlll mann  we should meet up this summa or something!,fun,neutral
1753032250,"@GiangcK: oï¿½i, ph?i 'ru' cho bï¿½ ï¿½ ng?, tr??c khi b? th?y cï¿½i r?ng trï¿½i cï¿½y nï¿½y, ?ï¿½i mua m?i th? 1 kg ?? ?n thï¿½ ch?t",empty,neutral
1753482292,@MichelleCorydon Thanks!,happiness,happiness
1753433819,@CynthiaBuroughs I will - but you will never know it's me,neutral,worry
1965222021,Trips are soooo not fun when you're sick,worry,sadness
1963597199,@H60DSTABOY yeeeeemp  same time like yesterday,neutral,love
1965889854,one year since I met matt corby,neutral,neutral
1966178146,This weekend is completely different from last weekend.,worry,worry
1753727872,@tommk tell your friends to tie you to the railing. I expect a tweet tomorrow about headaches and feeling tired,neutral,worry
1753694730,OMG I FINISHED MY HISTORY CHILDRENS BOOK!!!! JUST NEED 2 MAKE IT PRETTY AND PRINT IT OFF AND IM DONE!!! WHOO!!!,happiness,worry
1751360914,Relaxing,relief,happiness
1752020508,These days have been looking better better betterrrrrrrr.,fun,worry
1957340145,Goodmorning yall! I woke up to early,happiness,worry
1957102785,@ashleypratt Oh come on!!! You get next week off and I get next week full of exams!,worry,happiness
1964373897,I is so lonely,sadness,sadness
1957563814,Homework day,worry,neutral
1963218268,Work has really sucked the past 2 days &amp; now my 11:00 meeting on Mon got rescheduled to 9 am! That's just plain evil...i need a new job!!,sadness,neutral
1694645328,@BeckyPidz You charmer   Do you like football too?,neutral,neutral
1965958242,"riding daddy's bike (yes a man's bike, very convenient! NOT) in the dark without glasses on. i was scared  but i survived HAHA",worry,worry
1752943561,@swamwine Yeah! Thanks! I'll be back in soon to see what ya got!,love,neutral
1961546468,@cfieds  i'm sorry to hear that,worry,worry
1694588246,"@joshroyse Josh  Excuse me, but, at what time is it going to begin?",neutral,neutral
1963809550,@TheEllenShow but i went out and bought some nail polish ellen,worry,neutral
1963750702,"@stoya limited web access? i thought europe was a lot more &quot;connected&quot; than we were. regardless, have fun, i've never been to europe",sadness,worry
1957370551,"@deathnerd ah man, that's sucks.  What happened to it that's prompting a reinstall?",sadness,worry
1694811541,Aparantly it's #starwarsday so enjoy  don't quite know what your Kent to do but be happy anywho!,happiness,neutral
1961482408,oh i just check my stock port. My marketing was unable to buy me TICON at best price,sadness,worry
1965311020,I hate thunder and lightning!,hate,hate
1694473982,"Yaaawwwnnn.....Heading out to the gym, then off to work. Happy Monday.",fun,neutral
1752159897,@brucefloyd ps- are you a doctor or swine flu paranoid??,worry,worry
1966249696,"at work.. missing my miami fam @anywayz, @abigaildsouza, @mrohboy32, carolina, @jonathan305, @Prtyprincess, @JessDosil &amp;&amp;&amp; more",worry,sadness
1694349877,"@introversimonDu sounds good.  and yeah, I turn 21 tomorrow so I'll definitely be partying.",happiness,worry
1964399429,@dimensionmedia @refreshboca? what is this? is everyone abandoning me?        ;-),worry,neutral
1696216005,monday morning. what to do. ...puzzles!,worry,neutral
1961763682,@stuartnewman So sorry  Definitely getting it out this weekend.,worry,worry
1962382938,wow. i just install twitter fox. I am tired to keep refresh my browser,hate,neutral
1695441124,"@JoelyRighteous no, silly, to shoot other shoppers with  though a taser is probably the more humane penalty for 12 items in 5 item line",worry,neutral
1753773088,happy mothers day,neutral,love
1963645791,Stupid sun i  actually have to work now,worry,neutral
1694034451,Bruno arghhhh i cant wait,worry,sadness
1964586065,Game 6...who wants it...u already know who the league wants,neutral,neutral
1964127406,AC in our building died.  Been like that for the past 3 days,sadness,neutral
1966094106,@kayteemick  Joe and I loveee you.,love,neutral
1695280992,bath time,neutral,neutral
1694493808,@ahoppi I hope you're tired for a good reason then,enthusiasm,worry
1694494781,it doesnt matter anymore..U got to learn how to be nice,neutral,happiness
1694492241,Listening to The Man Who Cant Be Moved &lt;3 I just love the connection with GW  Doing Dutch and might do some art later.,love,neutral
1965857312,@djCrMix it's been raining every single afternoon in S.Florida  not fair! hehe,sadness,neutral
1694570100,"@WatariGoro Yep. I hope my lame attempt with the spaces helped me to hinder them, lol. I know tomorrow I guess.",relief,worry
1966335016,@Laurie_J We're in the same boat.,worry,neutral
1751954338,Edward Cullen. &lt;3  Hahaha.,love,neutral
1695410743,Mondays best excited about the week!!,neutral,happiness
1957133900,"@textdrivebys i dont even have a WII! b likes xbox, so that's what we have  do you use it?",neutral,neutral
1695002865,Here why I like jeans  http://tinyurl.com/csbo8s,love,worry
1694627293,@Jay_RachineA oh so you said you good-byes and hugs  my dad left around 4 in the morning so I woke up to an empty house i'm pretty scared.,love,neutral
1695281534,"@balmeras Weekend was quiet, just planning new websites. Today, research and choosing hats. Coffee hat sounds good though. Kettle on",happiness,neutral
1753466210,Hey! Let's Follow each other! Wouldn't that just be awesome!?,happiness,neutral
1964843204,watching the rain and reminiscing about the time when everytime it rained I was with the love of my life.,love,love
1753552270,the sun is shining and i'm off for a driving lesson,happiness,happiness
1965880406,Off to ambers...a weekend of labour and hard work ahead!,enthusiasm,neutral
1960758973,So I get up early and I feel good about the day. I walk to work and I'm feeling alright. But guess what... I don't work today.,happiness,worry
1695056664,"Just noticed the new sidebar on twitter.com, looks nice",neutral,happiness
1964890527,@KiiDCaM89 I can't make it. My manager switched my schedule so I'm closing,neutral,worry
1694032515,"@mgorbach They actually use standard speaker wire between them too, with standard terminals, so no soldering involved or anything.",neutral,neutral
1962300641,@WreckTheLaw Great write up.  Player won't start though,relief,worry
1962472799,@cupcake_nyc hey sweetie. Cnt go fri  but thnks so much,love,neutral
1753237302,says HAPPY MOTHER'S DAY!  http://plurk.com/p/sv70e,love,love
1694124755,omg i just slept like 18hrs in the last 22hrs...  i think i'm dying or something   reminds me of catcher,worry,worry
1965291399,waubonsie lost  they're out. i'm soo pissed,sadness,worry
1964223657,@opium_war  &lt;3?,neutral,neutral
1964649968,@BananasMel Tried and no good but thanks anyway.   Off to youtube world.,worry,neutral
1752847740,Watching jackass the movie  http://twitpic.com/4wlgi,empty,neutral
1966054235,@wwsiv  I got it in math and ss only,empty,neutral
1751285734,"Listening to Eminem's new album, got leaked a few days ago #Relapse. Pretty good",love,happiness
1963157158,"im backkkk!!!!!!!! hungry as hell, havent ate today",neutral,worry
1964252246,@love_primaDONNA lucky.. where do you live? im in vegas and it never rains here...,worry,neutral
1696043941,@paultelner lol I really wanna go there!! Imma check the vid out rite now,neutral,happiness
1752052584,having Bigi &amp; Tokyo Fashion Spree tmr  Check out SIH web ^____^,neutral,neutral
1695580059,@kayenchante http://twitpic.com/4j6kc - man i love your shelves! way to go diy diva!,love,love
1693957263,"first up, make up for lost time with jelly. Jalan jalan just the 2 of us  and the rollerblading with my pumpkin. Happeh",happiness,neutral
1965977404,@rmwiley i feel you girl,neutral,worry
1962842926,"in computer class, photo booth doesn't  work",neutral,neutral
1751853373,Going Outro... Peace.,neutral,worry
1753032079,Laying in bed with a book &amp; some beautiful music.  thank you kaki &amp; nicholas sparks.,relief,happiness
1961257170,"@sarrasina OMG...thank you so much for sending that, I hadn't seen yet. So loving the new Phoenix, too bad they're not coming to Seattle",love,worry
1753788294,sorry i havent tweeted in a while- i was on holiday then was ill but im better now,worry,worry
1753483904,Nice lunch... Even better when mom pays...,neutral,happiness
1752506512,"When I start cloggin up my own Twitter feed, it's time for me to go to bed.. Nighty night. Be sure to go to the TweetUp and meet ME!",relief,neutral
1962999358,@PushPlayDEREK not all of them  You'll be missing mine and everybody else's on the east coast!!!!!,worry,neutral
1966224140,@caraann aww I miss driving down elmwood,worry,sadness
1695547715,"The Wedding is over everyone has gone home, newlyweds are off to Canada and finally, there is quiet! And I'm late for work",worry,neutral
1753311858,"This site made me &quot;lol&quot;, take a look when you can: http://bit.ly/zUjKf",worry,neutral
1694072616,"Editors read this and nod, writers read this and take notes.  http://tinyurl.com/crm4c2",enthusiasm,neutral
1695281037,@offbeat87 oh okay. Thank you,surprise,happiness
1695191830,@JessicaKnows @bethenny I have one fastsmallballbuster'y question. &amp; I promise not to weirdherout w/the fact it MAY be on my visionboard,worry,worry
1961762972,#followfriday @RoRuby although she doesnt consider me a sweetheart to,worry,love
1963750900,"hey @mitchelmusso please reply me, i can't call you im from Mexico and i don't know the code  love you",love,neutral
1750965754,@buildstrong we found a ride,neutral,neutral
1965796997,Goodnight all! No iPod still but found my old MP3 player...we'll see how long it holds out for.  xxx,worry,neutral
1966174817,hooome from work. why am i awake still? up in 5 hours,relief,neutral
1752474256,I've got Isabel now to get some food!,enthusiasm,worry
1751358697,deep fried mars bars! Nice..me like  awake cant sleep..chocolate overload!,neutral,worry
1752590550,@alphonso I'm in SF right now,happiness,neutral
1964018345,@morlhon  that's bad as it affects all the languages that run on the JVM. Too bad!,worry,worry
1957197786,@Madush oh my... now im offended.  ha,sadness,neutral
1960143638,Cleaning the old apartment today. Yay...,boredom,neutral
1962997602,Heading home,neutral,neutral
1751143068,@johncmayer You know we dont believe half of what they say,hate,neutral
1753549990,@KinkyInkTattoos Always have wanted to go to Oz,neutral,neutral
1695344169,@ToffeeTFB It *was* a great day.,happiness,happiness
1694494628,I'm a good girl...ALL work is done,relief,neutral
1960506460,@woodywoodford unfortunately I didn't leave the house in time,sadness,sadness
1965330675,chillen at gmas! Soooo humid outside!,surprise,sadness
1957578856,@halina1979 what sun?,surprise,neutral
1695580504,@sweetp0tatos  thanks chuck,neutral,neutral
1752698814,is live on danny noriega's stickam. he said hey to me  i luv him!!!,surprise,love
1752986205,Making yet another attempt to attend church on a Sunday morning!  Looking forward to it y'all.,love,neutral
1964161809,Would like some Nutella. None to be had,neutral,worry
1961212813,Son of a bitch...my media thing that streams music from home isn't working again  Why can't itunes play music from my iphone,hate,neutral
1963152521,@yagelski Thanks for the tip on otherinbox...  It won't work with outlook for me...,empty,neutral
1961614885,"@laurengotgiftz o_O thats cool. Dang, iHave to clean my room now  lol, but good luck w/those jobs gurl",surprise,neutral
1753711004,haha gunna go buy a whole bunch of emo/punk clothes,happiness,happiness
1965903730,@Rosellyanna lol i know  and haha..did you fall asleep?? or just get bored of shaun :p joke,worry,worry
1963019626,"Grilled again for dinner last night for the senior's final kairos dinner  Had steak, spicy mango sausages, hot wings, grilled vegi, corn!",neutral,happiness
1957392449,"@Lacrimae Pfft, there you go with the logic again!",empty,neutral
1963583975,Back from lunch  READY TO GO HOMEEEEEEEEEEEEEEE,happiness,neutral
1751819987,@justinphillip. Awesome!  what kind?,happiness,neutral
1753309767,thanx @MsLaurenLondon,neutral,neutral
1753291745,"@LCFLORIDA @JPMizDELiCiOUS Lets change this S0ulja B0y te|| em trending topic to, &quot;Soulja  Girl Told em&quot;",neutral,neutral
1751607639,"is back from a very long day out at Naz. Gunna crash. Up tomorrow for Mothers Day... editing photos from today, hangin with my mom, etc.",empty,neutral
1957247732,@yahyan where did you go babe?,worry,neutral
1752749204,Happy mothers day  just tried on what I'm gonna wear for breakfast and I curled my hair it took forever http://yfrog.com/0gmunj,surprise,neutral
1751467252,Watching Oceans 11 in Vegas - seems so appropriate,neutral,neutral
1965906899,@otterbecca tht sucks!!! i know the feeling! sorry  let me know if the movie is good!,empty,worry
1961134407,@Yurges loadsa shizze has happend  IM SO UPSET..,sadness,worry
1960144607,@djpayce i wanna play  golf,neutral,fun
1694222755,Driving home listening to Prince,neutral,neutral
1966251622,@marue720 nope  i'm sooo curious....,neutral,sadness
1753772803,@davidleibrandt good to know you had fun,happiness,happiness
1964037410,@Crizzoid I cant stand summer fever (for me) and when the weather gets really humid  lol,sadness,worry
1957481172,Cant sleeeeep &amp; i miss my long hairrr,sadness,sadness
1753664839,"Love song for the night, &quot;Then&quot; by Brad Paisley.  Happy Mother's Day   Love &amp; Light ~ Joy",neutral,love
1964893996,brad we should be at Olympic village watching this. Season 1 with a 30 rack adult hood,neutral,neutral
1695108325,"me, here again!",worry,happiness
1961539894,Shaw guys are over when I want to be sleeping,sadness,neutral
1753633283,Just downloaded a podcast @ the bus stop,relief,neutral
1751000053,"My three-day weekend starts now.  Was gonna watch Star Trek, but opted to go another night instead.",relief,happiness
1752873611,I fucking love Alexander William Gaskarth,sadness,love
1750896130,"@rdkpickle For the movie, but maybe I am just a little awesome.",neutral,worry
1965287586,Now I want ice cream but it's so expensive.,empty,neutral
1961965730,forgot my phone at home,neutral,worry
1753533011,Sewing things is nice  I feel crafty and productive. And foxy.,fun,neutral
1695961352,"@mileycyrus http://twitpic.com/3goxn - yes , everybody love you. i'm a german Fan. Follow me !",love,love
1694091610,@ameliafell we realise this,neutral,neutral
1694533043,"i'm in the garden. Making pictures, weed an sweep. The weather is nice!! See you l8ter people!",happiness,neutral
1694511956,"After France I was gonna spend more time in the sun, to overcome my negative reaction to it. Yep, in Netherlands. Good luck to me",neutral,worry
1962301388,Ok..ok...my house needs cleaning...clothes need washing...time to put twitter away for awhile...wahhhh,neutral,neutral
1957268164,very very bad headache that is getting worse by the minute not better.,worry,worry
1965464516,"@OMSVU ... Thanks Okiebud!  I get the message..Sorry, the content you selected is not currently available..",neutral,neutral
1752475206,I want cookies for breakfast! Luckily I'm an adult and can do that!,happiness,neutral
1753256252,waiting to be picked up. We're off to aston this morning,neutral,neutral
1753481876,Join the biggest and bestest group on facebook  http://bit.ly/cDrbt,surprise,neutral
1752775606,@djMIA Good Luck!!!  keep rockin!,neutral,happiness
1957584973,@DeadMemoriesX Poor you   If I was with you right now; I would probably give you a hug ;D,happiness,worry
1965295658,Iï¿½m JBobsessed  xD I miss them soooooo much!  They should have a live web cast on bookface ?  EVERY thursday xD,sadness,neutral
1753329435,@jasminezarasani haha iya. your welcome sist!,love,happiness
1694381644,"whatever will be, will be",surprise,neutral
1966001970,"drunk messi scares me, to be honest.",neutral,worry
1963725869,"Being unable to have booze on a Friday, indeed the entire weekend, actually hurts",worry,worry
1963057508,@ericbolling Where's Dani Babb?,worry,neutral
1965475106,/me really sad that /me can't go to Java One,worry,sadness
1962100932,Ok why am I still in the airport and my flightwas @ 1:47pm I haven't even boarded  http://myloc.me/1ZPI,worry,worry
1961034440,i am Marina and i sware to God i'll never again end up studying French till 2 o'clock at night EVER AGAIN...too much drama...sooo sleepy,worry,neutral
1962107151,is at the beach watching Xmen Origins and drinking orange juice with no pulp,surprise,neutral
1964871088,@kaseyhayes a bee stung your eye? im sorry,surprise,worry
1965947035,I jus dropped my dog  and im tall.,empty,worry
1751249315,"@misterdevans Not living, just trying to earn the grocery money.  I do enjoy eating at least once a day!",worry,neutral
1694240050,"@AndrewHansen1 Thanks Andrew! It hasn't yet been published, but looking forward to it",love,worry
1753666015,Good morning everyone,happiness,happiness
1957069453,"if one people did any wrong, the world blames all the people over there, this is the great world which we are living in!  Shit!",sadness,worry
1752942927,@alyssacalderon  I love you too! I'm kinds reading. But you can call if you'd like,love,love
1694627830,"Typical overcast bank holiday Monday, glad we went to the beach on Saturday",relief,happiness
1751715248,"@geramie yeah I was thinking about that ,ahaha",happiness,worry
1964887701,always makes bad decisions,worry,worry
1694236926,@TheRealLilZa zaaaa !,neutral,neutral
1694146493,Spent the last 2 years largely ambivalent about s/w dev practices. Can feel care factor returning. Look out!,worry,worry
1966300952,yeah but i was trying to send a msg to you  :S also trying to put a pic on but it aint happening   do they have to approve it or summit?,neutral,neutral
1694256825,@ladyzae WOW.How sweet!,love,neutral
1694769987,"@cbear80 indeedy! weather crappy then, god now. pity its dark! :O hopefully it stays dry!",worry,sadness
1695056583,Happy Star Wars Day everyone! May the 4th be with you,love,happiness
1694494136,Jammin To Capital In My Garde  xx,happiness,neutral
1695249225,"@dannywood let me guess ... ran a few miles?  Respect dude, I can't do it.  Maybe you should train me",surprise,worry
1752258301,"@AnointedPromise Yes, have to be right for church",empty,neutral
1753649625,@EvertB I gather from that that @mrsbopp is still asleep,neutral,worry
1753275128,"Now comes the fun part  Because you can find only a few offers per country or you live outside US, your changes can be quite tiny.",worry,neutral
1695409429,is going to work an amazing charity event for big brothers big sisters. i don't mind working if its for a good cause,happiness,neutral
1962404379,just got home from doing the big shop totally munched out because i was so starving and im at weigh in in the morning oops,worry,neutral
1753584874,@HilzFuld @YarinHochman there will be a session of #MoMoTLV at #iva09,neutral,neutral
1965765194,@francaiskitty I miss rollerblading down Shoreline.,neutral,sadness
1753238757,"fun night tonight, and my house looks so purrrty. Until tomorrow when the kids come home",fun,happiness
1694552544,GOODNIGHT MAGIC AND PRETTY WORLD,love,happiness
1963948451,@pfchangs I can't direct message you for my free lunch,fun,neutral
1965401261,@juicystar007  man i wont be home to co host with you!  xo*blair,sadness,neutral
1753757242,@theclimbx3 i knooow  its the pizza girl episode xD &lt;3,love,neutral
1964566244,My foot still hurts from stepping on a spider...owwwwww,worry,worry
1965331169,it just thundered reallyreally loud at work and this little boy started crying  I wanted to cry too...I hate storms! wah,hate,sadness
1753726950,"@stephaniepratt I Love This Song lol, You're amazing Steph , xoxo",love,love
1964008953,@tommcfly i can't believe that you guys are gonna stay just one day here in Rio de Janeiro again,surprise,neutral
1957013804,@bobbyedner i missed the game,love,sadness
1751212598,@applee_pyee sure,neutral,neutral
1960702141,Sometimes I wish I had my own Prototype mentor.,surprise,worry
1694166475,@honeytweets I also believe in some things are meant to happen.,relief,worry
1695108665,@smartinez I'll be at the new movie showing at the franklin on Thursday night.  several of the SLA faculty will be in attendance.,neutral,neutral
1694836167,"@NHBS We don't really offer that service as we're web/graphic designers and not desktop publishers. So, I thought maybe you could help?",surprise,worry
1962172252,@barbsrad sorry to hear that,worry,worry
1752290580,@xVOJOx I didn't know you had a blog!!!  That's so awesome,surprise,love
1753838703,"@ChimeraX *Hand up* Me, I'm going  #localgovcamp",neutral,worry
1694626235,hmm... now what to do today... i suppose i could revise for my science test :/ or i could just eat cookies and watch films,worry,neutral
1695766403,@almightygod Do we need a poll to see whom is least comprehensible? Haha!!,neutral,neutral
1694588952,"@dipfico: hmmm, wrong link, ignore my tweet",worry,worry
1695080935,@ChownTown  I think the pool bit has the possibility to become an Internet SENSATION!,neutral,worry
1751749560,happy mothers day to all you mums out there,love,love
1695252340,@dannywood Good morning Dan! It's my Bday and I plan on getting some exercise too today!!  Love ya!! See you in NYC!!!,happiness,happiness
1961835106,@markhoppus i'm upset because i couldnt get any tickets on the KROQ presale.,neutral,worry
1752021769,@tammytrent **left off the &quot;again&quot; in the title...whoops!,sadness,neutral
1962311738,translating my topic &quot;quadratic congruences&quot; for my tutorial in elementary number theory  I have to do this tutorial OMG,worry,neutral
1965288060,"Trying to got through my 3,000 + unread e-mail messages. Looks like this what I'll be doing for the rest of the evening.",neutral,worry
1964802314,@ellenmoore08 I would if I was home,worry,worry
1960267054,@Hilareeee But...but...I'm not!,enthusiasm,neutral
1753729074,@damohopo I didn't headbutt anyone! Not that I know about anyway! ;) You ok today?  Football today?,worry,worry
1957023739,Lies...lies...lies....you just cant avoid to lie about practically...EVERYTHING!,hate,worry
1963595937,my sunburn hurts,worry,sadness
1752416221,@LadyLove88 Boring? Who you been talking to? Lol not me  ( no homo),neutral,neutral
1957028656,is thinking so much and i'm at work,surprise,worry
1752873026,Baking cakes with my Momma! ),neutral,happiness
1752772684,Watching aliens with my boobie at craig rise house 11 early bedtime for the grown ups,happiness,neutral
1966087099,"@tristanhilliard oh nos, what happened",neutral,worry
1751609082,I'm hungry. And single.  heading to the golfing range soon.,sadness,happiness
1961256420,@gracetanglefoot what? You won't be two blocks away any more?,neutral,worry
1964743490,fuck my life.,worry,hate
1957239570,Rest In Peace  ADaM 12 &amp; GLeNN EPPS.... Gone but never forgotten... what a week ...Loud in da air 4 ya,sadness,neutral
1964821322,@SweetChhavvi sick girl!  trying to shake this thing off but no luck .. How are you miss long time..,worry,worry
1957514387,@SplashAdams ill be alright but the whip may not,fun,worry
1957301854,???-?? ? youtube ? ????,surprise,neutral
1960517273,"@_Janet_ ouch, I hate it when favourite items of clothing get ruined.",worry,sadness
1752506586,@CiaoBella50 Evening! How are you this Sat night?,happiness,worry
1960909426,"so hot in the office as air con been broken for weeks, fans on all round office but they just push hot air around really and not helping",worry,neutral
1964563650,@eddyizm Do you not like turtles?,sadness,neutral
1964013476,"@gingeebee  sounds horrid, sending you one of @buddythepug's special #pughugs, look after yourself, lots of cuddles and treats!",worry,love
1694349826,Ended up riding down brick lane  The A12 was dead (apart from scameras every 5 minutes)ï¿½ took an hour to get in.,hate,neutral
1694836453,@hueypriest guess that depends on if you want to be on the jury,worry,neutral
1696176059,@geekjames It's amazing the DVDs I'll put on my Netflix list just based on the trash potential inherent in their titles,surprise,neutral
1695924753,@RockabillyTees are you are a RIOT!!,empty,worry
1957473563,"I read the disclaimer, I had to close my browser  http://tinyurl.com/n28lr3",worry,worry
1962708205,I feel like crying! One of my diamond earrings fell out my ear bc it was loose and I can't find it. I've had them forever,worry,worry
1957715254,July issue is stressing me out...,neutral,worry
1960147587,"want to read twilight all day, not work at the stupid cher function",hate,neutral
1694930854,i &lt;3 my new picture! its so pretty with the reflecting sunlight on the leaves!,happiness,happiness
1753839473,Yesterday was the 1 year anniversary of the best day ever! YAY MCR!!!!,surprise,happiness
1964807425,@James_Waters WAS until I had to go home 'cause the presentation ended  x,relief,neutral
1694880522,back from my nice hot shower      i am wishing that brent was my older brother,fun,neutral
1750930057,oh man had great nap (still alittle tired) having pizza for dinner.,happiness,happiness
1962807255,"@Jamjar84 i got 2 much 2 do 2nite 2b bored. In bath still hav wash, dry, straight hair, get clothes ready etc",neutral,worry
1752562354,omg patron is 1ofmy FAVS  @NOEL4PRESIDENT im so jealous icant do 10 but i can do 5 so make it 15  so serious im in alabama visitin fam,surprise,sadness
1695107035,Day 8 of the 30 Day Shred and Day 5 of Special K Challenge... I feel fantastic.,happiness,worry
1957617281,@pyroezra i really wish i could.,sadness,sadness
1753774397,I guess she's not the type of songwriter who dreams the great ones.,worry,worry
1961898612,Doctors with mommy.,worry,worry
1752413603,@HeatherNKOTBFan Knight...sweet dreams.,happiness,neutral
1963093115,This is too much lmbo (litterally) I have to stop b4 I lose my twitter buddies,worry,worry
1966160431,Big Sam Houston is not big enough to overcome the challanges of moving-car-iphone photography  http://yfrog.com/0xhu5j,sadness,neutral
1961413646,"@mekya05 yes, i found you! come to greenville. perfect weekend for pictures and no sidekick to go shooting with",neutral,happiness
1694836115,"Polly Scattergood's new single out today! Download the Please Don't Touch EP on iTunes, it's ace!",enthusiasm,neutral
1694667020,I skip school way too often  I'm rather proud actually.,happiness,worry
1966104430,"@Mattshiloh Unfortunately your fix didn't work..   Oh well, I'm lovin' me some PeopleBrowsr anyways!",sadness,worry
1753727250,good morning  finally a day of sunshine for my summer hol!  away to watch the footie in the sun  x,happiness,happiness
1753073780,Happy Mother's Day!,love,love
1965397638,"@PatriciaErin *hugs* Oh gosh, I'm sorry",sadness,worry
1753417140,@duangkeo eat (cup)cake,neutral,neutral
1751679479,@chaotic_barb I'm totally with ya.  I blocked the negative from my stream,relief,worry
1964451486,What? But....but...the Nurburgring...  why is it so good? http://tinyurl.com/krcamp,surprise,worry
1752775211,"&quot;I'll see you again yeah?&quot; &quot;Its up to you&quot; &quot;I guarantee you will, i dont want to wait to long not seeing you&quot; fuckin fruit basket! Hahaha",worry,neutral
1964850830,"I wish I was at Disneyland or watching Star Trek like other people are doing. I swear, I must be the only sap who works on Fridays.",enthusiasm,neutral
1961080738,"@wood83   Does she like it, or does she roll her eyes?  Now I'm curious as hell!  Good singing is a real treat as far am I'm concerned!",neutral,worry
1964774911,ipod died today,neutral,worry
1753583067,Just spent the last two hours playing L4D with babe  Had HELLA fun. I love him &lt;3,love,love
1957230282,Def wants to cuddle it out maybe play but has no one to do it with the bc is far away,neutral,neutral
1753176316,@DavidArchie morning David! i hope you're able to contact you're mom for Mother's Day!she seems really sweet  i guess you get it from her!,love,neutral
1694510243,just watched that  new T-mobile advert on Youtube.. i love it  &quot;hey jude!!!!!!&quot;,happiness,love
1962003704,ok its been one hour im still waiting im losing my patience,boredom,worry
1752192801,Happy Mother's Day :] I lovee you mami,love,love
1957633214,"Went to the Athletics Carnival today! Tired, very tired! I hurt my back when I jumped for the second time on the High Jump!",sadness,worry
1753256865,@thaidn exactly  Prime Minister doesn't need take care this issue,neutral,worry
1694976311,"http://www.facebook.com/pages/HelloTxt/73275306275 this message is posted on HelloTxt Facebook Fan page through HelloTxt, check it out",worry,neutral
1963863218,going to work soon and so excited!  ugh id rather pluck my fingernails off,worry,worry
1695620820,@djnvs LoL! there u go..that's the spirit haha,happiness,happiness
1965692322,"so bored  Gonna go to the Carnival and get an all day pass tomorrow. Excited for that, but very bored today.",enthusiasm,happiness
1966047185,"I spoke too soon, a nasty thunderstorm just came out of nowhere..I got soaked making a quick run to the store!!",hate,neutral
1752987075,"@kevpar he was soooo great!!! loved him! He was so good live, haha it poured on us though... makes it that much better!",happiness,happiness
1962817142,@KimmyGotSoul aw damn. ok i got you for tuesday on that. i gotta write a short post for today tho,worry,neutral
1751572947,@NiecieD Nice idea for a M-I-L gift. Did you crochet it? Good idea about looking online.  There are Youtube videos showing lefty crochet.,sadness,neutral
1695546957,"just in case you wonder, we are really busy today and this coming with with adding tons of new blogs and updates stay tuned",neutral,neutral
1753681515,"The sun is attempting to increase her efforts. Alas the same cannot be said for me. I see a bath, a couch &amp; a book in my immediate future",love,neutral
1753235900,@RisaRM I tried replying to your mono lake tweet but dunno what happened. Just said I know that lake very well.,enthusiasm,neutral
1964252403,"@nicole531 http://twitpic.com/5rylt - ur so lucky! there, the stage its so close of theem! here not  i think we're dangerous (?",sadness,worry
1696135176,yeah  just made twitter,happiness,neutral
1962562765,"@brieasaurus i guess your cooler than me, tony hawk never replied to me",worry,neutral
1966157377,"@soxdeepinstatic  i know, i would've liked to have been able to play with you all spring semester  meeting was good, just an introduction",enthusiasm,happiness
1694458410,"She got it , ohh baby she got it.SINGAPORE I'm going to rock your city",happiness,happiness
1965074522,Sunburn is not as fun as I remember,surprise,happiness
1695310577,Haven't worn this hoodie since SXSW. Forgot how amazingly comfy it is.,neutral,worry
1963610511,@Nunzio_Bruno what question? oh I'm not around tonight...,surprise,worry
1964768010,@konstantinshero now my heart isnt cold  but im still missing you.,worry,worry
1695052704,@nessie111 playing man utd.kick off 19:45.champions league 2nd leg.lol,fun,neutral
1957043226,Sad that Christian Lacroix had to file bankruptcy,sadness,sadness
1694770753,@misslazarou Bom apetite,fun,neutral
1753499262,Found controls for left hand people like me on twitterrific. Excellent,surprise,neutral
1963216523,Brad Paisley+Alison Krauss- Whiskey Lullaby...so sad  but its awesome!,worry,sadness
1694382308,"@tomatosponge hey, no we were second, kind sad, but it's ok   guitar, guitar, guitar  BBQ and good time  what about you&gt;?",sadness,neutral
1694034148,"@TerriCook  Well I hope you have had a good weekend and even more so have a good day at work 2moro its already monday here,so far so good",enthusiasm,happiness
1961412752,im well bored  had a great half term and i dont wanna go back to school on monday :'( enjoying the hot weatler lo0l ;),sadness,neutral
1963371516,@theECA i think that violates my noncompete,hate,worry
1753648822,Listening to Mendelssohn - Italian Symphony.  Lovely.,love,love
1694727095,@MandyyJirouxx red eye huh?   yikes....get back safe   missin ya punk,relief,neutral
1963415413,@Dougiemcfly  ive got a cold too... It sucks  and u were awesome in ipswitch xD,fun,sadness
1964029960,is having the last supper with his little angel.,love,happiness
1957519801,"Wow, been away 4 a while...stupid lap top is in the shop...still    Hope everyone is well!",enthusiasm,worry
1753836215,finished english. very happy. watching rove and talking to one of my fav girls tyla. i love you,love,love
1961607313,@calikiks  asap. But..... Kids are asleep. I have a car seat for arianna. We can take her with us? I need to pay vs bill!,sadness,worry
1963808743,i ate too much ice cream and curly fries,neutral,neutral
1961506354,"Dilemma, what to wear: Now: SanFran Foggy and 58 , then Sacramento in cple hrs sun and 86 degr .",neutral,neutral
1752620194,@hollywoodtv just a question.. are you guys liek famous or anything ? haha and MILEY FOLLOWED YOU LUCKKYY ! im so jealous,sadness,neutral
1964147919,i tried calling work 5 times and they wont answer,neutral,neutral
1961889260,so instead of laying out in this 90 degrees i've gotta give 32 fourth graders miso/rice/sushi/mochi in an hour  fml,worry,neutral
1753449668,Is eating poutine and listening to mitch hedburg,neutral,neutral
1963046108,@DuchessAmy,neutral,neutral
1961993660,"eating some breakfast at Panera Bread. boring cloudy weather, lil drizzle",love,neutral
1752321933,thinks castles are fun,happiness,happiness
1958087984,Aww.. I lost 3 followers.  FOLLOW ME !,hate,worry
1753238633,Off to enjoy a Hanami picnic at the cherry tree park. Hope the weather stays nice.,worry,happiness
1964774396,"is missing her best friend  commme back kayla, going out in a little while",sadness,worry
1957524727,@AdamAxon That bloody free kick after 1 min 07 seconds was sooooooo close to going in.......if only,neutral,worry
1752191572,"@NoahBond Good Grief! I can't say much, I was driving home from Martin through IKE last fall. Be interesting to hear what he says!",neutral,worry
1960257337,@shtoofi well just remember that tmrw is another day and hopefully won't be as craptastic. sorry girrrrl,fun,worry
1752724718,Nothing exciting from me tonight....got some new toys to play with though  Happy Mother's Day Ladies,relief,happiness
1695193433,On way to Birmingham.. Sewing in the van. Punk.,relief,neutral
1752054761,"@TerrenceJ106 Hey babe follow me,love u on da show",love,happiness
1963060963,"You spelled my name wrong, but message received   http://tinyurl.com/krw9p3",worry,neutral
1965667019,Sick of fighting so it looks like no more burlesque for me,sadness,worry
1965572546,Missing my morning work out cause my bench press is back in Jakarta  goodluck diga! Test will be easy peasy! Hehehe,happiness,neutral
1695922988,"If you yelled for 8 years, 7 months and 6 days, you would have produced enough sound energy to heat one cup of coffee.",neutral,neutral
1962016413,is sadly going to have to cancel my Chicago trip next week.,worry,sadness
1963608827,arghh ! i feel like a lobster ! sunburn hurts,surprise,worry
1960576714,Field day.... Gt class...not winning...,sadness,neutral
1694312704,@John1954Moi Ha good morning! May the fourth be with you too,neutral,neutral
1962067174,just woke up to a flat tire,surprise,sadness
1960123769,Losing makeup bags is TRAGIC...luckily I keep 4 in diff places but I gotta replace my Bare Escentuals  *tearrrrrrrr*,relief,worry
1957085151,@juliaiiivir Hey! That's my school! I hate that place.,hate,hate
1695109018,"if i buy the petit financiers under the guise of a gift for someone else, maybe then i won't feel guilty about eating them.",worry,neutral
1965015813,@marykeegin I've been here since 3 and i'm here for 8 more hours tomorrow,empty,neutral
1695922947,@lilmoxey Yay for full-term!!,happiness,happiness
1753294046,@lmatechnologies Gotcha ! Let's meet up @ The Twitt Cafe,fun,neutral
1962145185,"@heartintherain yeah but they had to come barcelona, because not all the fans can be in that concert  COME BARCELONA! JESSI TE QUIERO",neutral,worry
1965072591,"on lookbook craving everyones clothes  i want a pencil skirt so baddd, someone send me one",worry,neutral
1966406654,argh! my embouchure= FAIL! makes me sad,worry,sadness
1961225991,@chrlttgrc nope im nott! i was planning on doing but my aunties come over from america and we're havin this big family meal so i cant  xx,sadness,neutral
1751466154,"@xstaylor LOL!  Considering the recent debate on DL, I'm not touching the bad boy thing.  I like the logical ones.",happiness,worry
1964966301,Done! Goin home to eat dindin and contemplate what the night holds for me,worry,neutral
1966354679,@tobefreeisme I would be scratching ma head toooo,worry,worry
1962478014,"thinks something and okay, goodluck ako.  http://plurk.com/p/x2bnl",neutral,worry
1963746728,Awwww holly!  x,love,love
1753435407,@mrsrance congrats ya ran,neutral,happiness
1753313257,"@nick_carter http://twitpic.com/3mdce - ONE ROAD, WHERE IS THE DESTINATION?",worry,neutral
1961100965,@Cyhwuhx You look nothing like your Twitter avatar!,hate,neutral
1957558459,@disquiet Business or pleasure? Will keep my eye out for anything. You're just missing a Moondog concert tomorrow night,worry,worry
1963283923,@MicahJosiahD i really am going to miss you,sadness,sadness
1694647405,my birthday is in 2 days,neutral,happiness
1752191352,@thecompletes seen u a couple of times. Liked it,love,happiness
1962618239,Long day at office again. Tiring week,sadness,neutral
1695924245,@Alyssa_Milano Hey there  Thought i'd tweet you to say Hi..I have so much to write but theres no space in this little box hehe Damn,sadness,worry
1753694411,Enjoying &quot;Gears of War&quot; on my PC ! This game is really gooooood,happiness,happiness
1751394197,0,neutral,neutral
1694455435,"@busara7 Im Duong in VietNam. Where r u from? I'm 19. I dont understand what you wrote down in twitter, please tell me! Thanks!",neutral,neutral
1964018130,It's car crash tv at it's worst.,hate,worry
1961544729,Was talking to Vincent  Miss him so baadly.,sadness,sadness
1695165076,not a lonely day after all.,relief,sadness
1957039841,"@Giggles_xo  wicked , what time you leaving? how come you cant stay the night",neutral,neutral
1964376406,oh godddd I coughed up a little bit of taco,neutral,worry
1753618346,Gatorade first thing in the morning = yumyum  feeling shattered but must arise and revise for IT tomorrow.,sadness,worry
1751538889,loven the rs ftw pvp is bac,happiness,neutral
1694381889,@Nikkiko Congrats on your new phone!,worry,happiness
1752870911,Two fantastic shows in a row,happiness,happiness
1965098344,@exotic I have to use the bathroom,neutral,neutral
1752383614,@dearsnippie  I never followed him in the first  place!   He is a useless waste of space. and Im not a conservative! LOL,hate,worry
1695962920,@TerrieSoberg hey that is pretty good sucking up - my daughter is exactly the same - glad to see I am not alone   Good luck mom,love,worry
1964740557,@purlingsprite that is a bummer,worry,sadness
1696087460,"I'm now totally addicted to Farm Town. Frankly, it's more fun that fixing laptops or studying the diseases that will kill us all.",worry,neutral
1752618993,oh and I got my haircut today. I looove it,surprise,happiness
1751106160,off to sleep  on 2 katy perry songs as soundtrack  x,empty,neutral
1957111950,My nose is stuffy,neutral,worry
1694088953,is playing around &amp;&amp; having fun with little kids right now  hahahahaha,neutral,happiness
1751070654,Sum1 said this would be huge one day...smart guy,neutral,neutral
1960496851,getting bored of walking up and down the stairs,sadness,worry
1965905006,@TheSvilleNews http://twitpic.com/67kb6 - Sad day!  What a great guy and enthusiastic teacher.,sadness,love
1965928351,Mrs.Bates left,sadness,sadness
1751537872,http://twitpic.com/4w855 Operation Happy Mom a success!,happiness,love
1753137608,@fedgrub  dull life was on the soundtrack of one of my favourite showss,happiness,worry
1694276467,Can't sleep but is happy that the Fugees are keeping him company,sadness,worry
1751212036,@sjneptune Hi to you too.,neutral,neutral
1957677542,ugh. I totally can't sleep.,worry,worry
1751575563,"http://twitpic.com/4w8l1 - Haaha, my bangs are kinda long..? oops",love,sadness
1965890637,@yes_i_am_jes YAY! congrats! i'm afraid to check my grades!,worry,worry
1962442616,Just got back from lunch and feeling more like a nap is in order than work  But I will press on!,relief,neutral
1753663672,Orange vitamin water 10 is my new addiction  U should try it.,worry,neutral
1752592153,@UncleRUSH Morphine and Percocet are ur friends when pain is acute. And we became very friendly recently  Def the morphine..1st 24 hrs.,neutral,neutral
1957086150,awwww  i never noticed this http://bit.ly/RConp,neutral,worry
1753073031,"@pjhoody &quot;It's your birthday, so I know you wanna riiidddddeeee out!&quot; Have fun in the club",happiness,happiness
1963425102,I just told the people that matters the most to me to just leave me alone... I fucked up again.,hate,worry
1752844816,Happy Mother's Day.,love,love
1965677919,Wishing it was naptime,worry,neutral
1752122378,happy mothers day! im gunna crawl up in a ball and act like i dont exist  lmfaoo,neutral,worry
1751068742,@jareason left a comment on your blog post,neutral,neutral
1753775161,@simonemaynard thank you,relief,love
1695441266,@vbnavarro Love that song! Happy Monday,happiness,love
1753452640,those secondary school cooking lessons came to good use today. I made shepherd's pie for my mama.,happiness,neutral
1695193923,"Wow, can't believe Monday is here again already. I hope everyone is well today",enthusiasm,worry
1694605971,"alphonso milkshake in the morning, lassi in the afternoon and fresh nimbupaani in the evening....summers can be fun",neutral,happiness
1753254685,second song is coming along nicley,surprise,neutral
1752533474,@Dog_EaredPages Yay!  I can't wait to come in the bookstore and gets some new books,happiness,worry
1753500277,word to yer mother!!   \m/,enthusiasm,neutral
1752352375,@PrincessSuperC you were greeeeeeaaaaatttttttt babe!! It was amazing!,love,happiness
1961278370,"@tommcfly Oh no! A lot of people are starting to tweet again! Hope you could still read our multiple tweets  Philippines tour, please?",neutral,neutral
1961831301,G'night world. Vacations have to end some day.,sadness,worry
1694348660,wellity! i think ima gonna clean my room :| Gay. i need to read a good book. sense and sensibility here we come! BEAT THAT LILY  **,neutral,worry
1753584897,@hellosascha I'm currently into Emarosa. Their new album is the shiiiiiiiiiiiiiiiiiiiiiiiiiiiiiiiiiiit! Haha,worry,happiness
1694685581,@Unremovable hahahah Thank you  Feel the Love,neutral,love
1965256048,"hanging out with Rex, missing Alabama and my Nanna already...",sadness,worry
1752796073,I have fantastic friends,love,happiness
1751359094,Watching the Pianist with my dad great movie.,happiness,happiness
1965965112,was late,neutral,worry
1694107135,: I love camp fires  I just wish the kids would try a bit harder to sing along,sadness,neutral
1957730135,"@vibzfabz Hey, you change your twitter account, and you didn't even tell me...",surprise,neutral
1695250364,Looks like I got a new job,happiness,happiness
1957624003,@VikkiJCapra Aw I left it at home  I do have some Travis or Coldplay though?  xx,worry,neutral
1966421644,All alone at home.....,sadness,worry
1957139613,@heresmyhello92 I don't think it was either. But I can't remember it.,neutral,worry
1753533268,@mr_trick It's all good  The next 6 months are going to be awesome.,happiness,worry
1753819850,"@freshypanda I work with drunk golfers, it can be exciting! It wasn't bad  Yours, sir?",worry,worry
1957053170,vineri...nimic special sau probabil un alt weekend pierdut...,worry,neutral
1752725404,@madz_xx not as yet... i would just like to know if its okay for your mum before ask my mumm  hopefuly there gonna tell us soon!!!,neutral,neutral
1694928944,"@Mossyy Not a problem,  Glad to!",happiness,sadness
1753837146,@ashleyluvsjbvfc LOL how many stalkers today?you just love getting creepy stalkers,neutral,worry
1752823754,tried  to sleep but i cant bout 2 call tisha,worry,worry
1753869048,Had a great talk with Tony this afternoon... we're going to give it another go,happiness,neutral
1751608589,Getting my hair done bout to hit the club ....... Ha see u later ....... Smooches,happiness,neutral
1962692356,Im so full. Subway was bomb! Waiting for my 2nd shift to start,happiness,worry
1695478373,@PushPlayCJ hey  yall were amazing at bamboozle! thanks for stopping to take apicture on saturday.. seemed like you were in a rush though!,fun,happiness
1753681460,"@phon Or should I say, ROL!",surprise,neutral
1694769426,"GoodMorning. My Father's going balistic, and I'd say more but I'd rather not get beat, so Have a Good Day, and please text me",happiness,worry
1695106775,"@LchangetheworLd No, i dont think its bad. And its very well edited, too.",fun,worry
1961570881,"God, I HATE scary movies. They are not at all. I'm such a wimpy.",worry,worry
1753075575,Hecks yeah. Jandy timsamlake is too rawesome!,enthusiasm,worry
1965601918,@miss_cass my throat hurts today.  blahhh.,worry,sadness
1694071616,i just need to sleep,neutral,worry
1964627665,"Back @ home AGAIN .. bathing kids, ironing clothes for hubby .. nephew's graduation tonight! I remember when he was 2!",happiness,neutral
1965951190,Dosen't Want To Go To Work Tomorrow,sadness,neutral
1752442766,@JonathanRKnight Going so soon? I was hoping to hear late nite humor from you....,sadness,worry
1695728631,"@JasonTurcotte Say cheese for the camera, or throw up some Western Mass gang signs to be cool",neutral,neutral
1752022003,trying to learn to tweet!!  it's all good I hope..,enthusiasm,worry
1957007357,Have a headache  I'm going to bed. Goodnight!,empty,worry
1957353147,My birthday is now over.,sadness,happiness
1960909797,I really despair over the whole copyright situation http://bit.ly/yLY0I ~ being visually impaired means you don't deserve to read  #sccr18,sadness,worry
1966114930,headaches are dumb.,sadness,worry
1694529806,Mentally exhausted.  A cuppa right now with almond biscotti would be really nice.,sadness,neutral
1693977132,i won because im awesome,happiness,happiness
1753903062,@DebbieFletcher Haha! I'll try that next time he's up north!  Thanks for the tip. xxx,love,neutral
1963145241,just realized tonight's Drake,happiness,surprise
1694238984,"http://tinyurl.com/c4z6gn Wow.. Wow.. hope, i too get that sort of Guts in near future",happiness,worry
1694202306,@joecommisso i'm going to smack you,hate,neutral
1752089518,@MedBotJinx (OOC: -we'll do it.  ),neutral,neutral
1694147568,free hugs with my super fluffy robe,love,love
1694476888,"had an answered prayer which caught me by surprise. LORD, you are amazing!",surprise,neutral
1751920257,My inner desire is to go to an isle in the middle of the Mediterranean to soak up the sun; Good night... as I dream that inner desire.,happiness,neutral
1753367494,"After the sketchy moments at A mtn, the friends and I moved up the trail and sat at the end of the road, just talking and being silly",happiness,worry
1962117763,"@CCNKAddict I know... it just falls right at 1pm my time, like right in the middle of the day",sadness,worry
1753177340,had an okay day. but hanging out with brianna and saelina was good,happiness,worry
1961177715,@BADnurse09 that's great! i was never so good at the jump roping...,fun,worry
1751289150,reunited and it feels so good,love,happiness
1753774633,@moodleman somehow I am going to have to figure out how to come to Sydney one day,happiness,worry
1962483794,"@eddievedder no such luck and u aren't coming to Detroit  Luckily, I'll be seeing u and the crew in Chicago",sadness,neutral
1966065301,@fattireale75 cup cakes are sooo yummy - but would have 2 have coffee chaser- u know where that can lead,love,happiness
1694237551,"@kevinriley Heh, thanks for that adorable plug  *cough* more info at: www.samstephens.com *cough* *cough*",happiness,neutral
1965017838,@SeattleWillow Well I am at work.   But Leah might be doing something with Embry.,sadness,neutral
1752225666,love it when jonas brothers are in the trending topics. maybe taylors turn next,happiness,neutral
1961171097,I need some cheering up,sadness,neutral
1964158028,"@OhBlee awww, that sucks  But they're so awesome when you get one, all squeeky and happy. I only have one left now though",worry,worry
1753695944,"is back...been feeling ill and extremely busy all week. happy mother's day, to all you mama's out there",relief,worry
1963822494,@hannahbananalee talk about drool - the Canon EOS 5D Mark 2 is *amazing*.  Too bad it costs $2k...  http://tinyurl.com/63qoz4,fun,neutral
1957564908,My phone passed away yesterday.. He jumped off the table  Searching for a new phone...,sadness,neutral
1964640209,Birthday tomorrow. Doing jack shit all weekend,hate,fun
1965593800,95 degrees and a crappy a/c,love,hate
1965520697,@MileyIsAmazing1  take tylenol or advil? whatever one i never get headaches so i dont know which is better,neutral,worry
1751464899,"Going to bed early... got a lot of important women to visit for Mothers Day tomorrow! PS- As of midnight tonight, HAPPY BDAY BOO BEAR!",neutral,happiness
1964576546,Last 3 days of school....I'm sad but happy but anxious.....,sadness,sadness
1961573820,"Ugh the delivery was postponed, shes not having the baby til 5 and i'll be at work",sadness,worry
1753433446,"@MariahCarey MC, happy mother's day to your mom ;).. love yah",love,love
1963125076,It's freakin' hot and humid today.,neutral,happiness
1694034106,possessed beyond certainty that she has made the rite decision,happiness,worry
1962388933,"@torreyryan Yeah, I thought that was very little warning for you guys.   I don't miss 12-9 shifts 6 days/wk with no break, that's for sure",worry,worry
1957745868,What a gorgeous day!! And I'm going to be stuck in a lab for the next 9 hours or so,hate,neutral
1957282070,@valdivia1 what about me?,surprise,neutral
1957236672,@greco31 I've been trying not to think about that!,sadness,worry
1694382998,@JennaMadison That's ok then....  I accept the slave role...  Your wish is my command...  hahaha,love,neutral
1753773145,@Magnum74 I knew my mom loved flowers and she loves the Rieger Begonia so... hanging basket seemed perfect,love,love
1753236871,Me &amp; @HolsyJak29 are laying in the back of a fox truck on the drive down to the race!  LOL,neutral,neutral
1753274028,"@noisydogstudio sorry 2 hear albert isnt well? dont know whole story, so i'll keep ya'll both in my prayers. (((hugs))) 2 u both!",worry,worry
1753647831,@joelhouston well... As long as you're back for Elevate!,neutral,neutral
1752644834,@Rachecullen yesh. lawl,fun,neutral
1963504622,One is not supposed to have a headache on a Friday. That's just not right.,relief,worry
1696087123,what a great day,happiness,happiness
1753871880,@sarahG lmao - That would have taken me at least a week!,neutral,worry
1961190913,@roxeecruz ur linky no worky,sadness,neutral
1753469122,"@billingtonart think gone enjoy the beautyy of the nature , maybe sit down anywhere and write a little ,just trying to finish my last pic",fun,worry
1966211009,"@selenagomez AWWWE! I live in Van, would've been so great to see you  but have a great flight!",worry,happiness
1752872098,"@justlikeanovel If you keep trying, you'll get it right the last time.",neutral,neutral
1752323383,"To My Moms . I Love u so much , Ur so independent &amp; strong and I hope everything I do in life keeps u happy. Love ur 1st born Mel",love,love
1753788014,Sooo tired and have a headache-all self inflicted of course! Good times though,empty,worry
1694258562,"my brain is gonna explode, a minute from now ) it is full of numbers @-) this should be the cliiimb. :-j i'm climbing the: mt. numbers.",fun,neutral
1753072949,"@jeffcannata before I contemplate that any further, I'm gonna go ahead and take that as a compliment.",worry,worry
1751679303,"Hmm...Whilst, walking through the city I received an inviataion into an SUV Limo via some prom fellows... Don't they have dates? Oh boys!",worry,neutral
1960434791,@Sadandbeautiful That sucks about your prints. Sorry,sadness,worry
1961998890,i really need a skateboard  ........,worry,worry
1966314497,"Oh and thank alllll of you who put me in ur Follow Friday!!  to all of my new followers I usually do it, but today...I'm just too tired!",empty,neutral
1752383401,@dorzki good morning  good luck! Belive in you,worry,neutral
1962029123,http://wave.google.com/ &lt;3 Google ... wish they'd spend a bit more time adding bits to Chrome though,sadness,neutral
1753615271,@LJsBaby not just me then,neutral,neutral
1751178729,"(@courtneynewton) OMG SHUT UP!!! (sorry. still venting at that person who's annoying me. It's none of you, I swear  )",hate,worry
1957084638,Having Fever  dont feel to work,sadness,worry
1962366608,Flash lost my frisby on a roof. Sad days LOL,sadness,sadness
1752124725,back home with my puppyy,happiness,neutral
1957648828,@oOogabriela wat u doin my bad im mixin this song,surprise,worry
1962479987,@ropiko I am also very tired,neutral,worry
1963427726,@famouslyalone Me too!    need some tour dates stat!,neutral,worry
1695409383,i aint lyk any othaa gurrrrrl i dont lyk the jonas brothers-kristi.,neutral,worry
1753330069,"@natzini Oh no, that's so annoying! I have the same problem - 14 thighs but 10-12 hips! I hope they catch up soon",worry,worry
1696088835,We looked at apartments this weekend.  Found one we like.  Hubby going today to try to rent one of the apartments.  Crossing Fingers,love,neutral
1752591969,FREE UNLIMITED RINGTONES!!! - http://tinyurl.com/freeringring - USA ONLY - Awesome 4 iphone,fun,happiness
1962110452,@lram2 What!?!?! I can't believe I had to find out this way...don't you ppl contact family first??!!? I'm so sad!  Who was it?!?1,worry,worry
1752894840,"whats new with xtine? Got my hair done today  ,waiting for jerry,work at noon tomorrow,currently reading &quot;he's just not that into you&quot;",neutral,neutral
1752698813,"Years ago when my neighbor told me she went to school with Sharkboy I didnt care...Too Bad, bcuz now Taylor Lautner is a little hottie!!",fun,neutral
1964324849,Just had a horrible experience with a dentist.  Had a crown made that doesn't fit right and they won't fix it or give back the money.,worry,worry
1752722786,"says 2 1/2 hours to go, uwian na. . .  [phplurk.com] http://plurk.com/p/sun82",happiness,neutral
1966229109,So glad the days almost over... Another nite of me nd my pain pills alone at the crib lol. Ughh I wish this weekend was over alreadi!,worry,worry
1957278010,@Kikirowr Downside though is that you're breaking the thread.,hate,neutral
1960190407,"@dwhelan I've wondered about rake to.  The client has made it clear .NET only, don't force devs to learn a new lang  #agile #ccnet",sadness,neutral
1957737246,@andymakesurandy don't worry iPhone users are just as privileged  wish i were heading to the pool,worry,worry
1962981706,it's summer time.... these gas prices are going up again,worry,neutral
1957029641,"I have to admit, I'm a bit bummed out that I wasn't with my friends walking today....",worry,worry
1965870720,I don't think so  what time are we leacing,neutral,worry
1752773624,"Psalm 82:6 I have said, You are gods; and all of you are children of the most High. Happy Mothers Day Momma",love,love
1695251985,Twitter you suck,worry,neutral
1960419350,@holliebarden me tooo,neutral,sadness
1962819480,@alivelshi what a society we live in,worry,worry
1957052211,"Peeps still here. Fun times. Gotta sleep tho. Work in the A.M. Some cool, hot chicks here. But none as cool as ____________. Missing her",neutral,neutral
1751608264,Partied long and hard...goodnight Twitter see ya in the mornin,happiness,happiness
1957467913,"Why does #googledocs do folders, instead of labels like #gmail? I kind of like labels",happiness,neutral
1753548792,@andyclemmensen have you seen the game on the website?! awesomness!!! go on msn!,happiness,neutral
1963050602,is still working  #fb,neutral,neutral
1753632191,"@BrianMcnugget are you getting my messages or do you have to add me to recieve them, soz I'm new to this",worry,neutral
1695278434,"@justjoe pretty much, thanks.  seeing if a little Gilbert &amp; Sullivan will cheer me up more.",neutral,neutral
1958044798,@JackAllTimeLow wish you we're coming to Perth,neutral,neutral
1963509898,Last Tonight Show with Jay Leno Tonight!,worry,neutral
1958082587,@CristaltheGreat  ok Cristal we gonna tweet talk again when its not so late...just follow sweetie....tweethug 4 ya,love,neutral
1753499832,will continue my dramathon! episode 14 here i come!,neutral,worry
1753680482,@xo_mcflyandjb its okay!!!  x,neutral,neutral
1965080073,Just had a lovely walk with my dog ( all on my own! )...In the dark  But it was a nice walk though HEHE x.,love,happiness
1964668558,@SimplyKia o iight we gonna miss you tonight,sadness,sadness
1960144239,last full day of vacation,neutral,sadness
1965392155,"@phillyreds sad, but true",sadness,neutral
1965854347,@MissSnoozer it will show up after awhile.  Mine took an hour,neutral,neutral
1962221157,@marisette Weird! Maybe all the updates just aren't being sent to my phone  Haha,happiness,worry
1694052530,Have a huge block of snack chocolate here. Tis calling my name already,love,neutral
1694930170,"@5t3rnCH3n Yup, indeed, like train announcements: Shortly we will arrive in Kï¿½lle",neutral,neutral
1965443907,@XtineSamonte  what's going on ?,surprise,neutral
1961490673,@marcdavies That sucks man  I hope you have a problem-free weekend.,worry,worry
1753195441,@yinawu Happy Mother's Day  http://bit.ly/iJm54  (my friends made the video),happiness,love
1752018733,sleep time  big/little lunch tomorrow at olive garden,happiness,neutral
1753695235,@StevieWynn good morning. How is my favourite pcso today?,happiness,worry
1694608254,Although it is becoming Tuesday (soon) in New Zealand  * @bigbdisco @by_starla @tubilino @LittleC @asterion H... ? http://blip.fm/~5jhim,neutral,neutral
1966215243,They burnt my zuccini,sadness,worry
1753516095,@ChieriNagase 120mm films usually handled at Fuji  Oh I met a girl at San Diego. Kwento soon. I miss youuu!,happiness,neutral
1963072162,@happyseaurchin It tells me I'm not a member of the private beta  and I'm not going to just start pretending to assassinate people,hate,neutral
1958061850,@Jenniferlai7 What can you say about Jayk??I'm pretty pissed at pretty much everything right now,hate,worry
1694256861,Home from Disney...best time in a long time...howl at the moon tonight for GBA and then BHB Tuesday  oh drummer boy  niiight,happiness,neutral
1957507539,"@Emsy Your pic didn't show up for me  Boo!!!! All the other pics on that site show up, but not yours",neutral,neutral
1694052582,@Strabismus Hi I have uploaded 5 completely new Chinese Lessons on www.youtube.com/ChineseLearn Please feel free to watch and enjoy,neutral,neutral
1964368765,is tired. 04:30 alarm setting will do that  Off to bed as soon as my bloody iPhone Backup and Sync finishes.,boredom,worry
1958051997,My cold now seems to me settling on my chest  worried I am sounding like a typical man with flu !,worry,worry
1960573170,@JoeWitless more nightmares?  *huggles*,sadness,neutral
1964540895,FATTY! omg i just found the worst shit out and idk what to do i need to talk to you!! hopefully i see you when you get off work.  its badd,worry,worry
1957059348,my stupid tooooth hurts,sadness,sadness
1962450440,@c0v89 i dunno..tipsy gave EVERYTHING in the 1st set and still lost..not sure what mental state he was in - but the injury was bad timing,worry,worry
1694606773,"@ankitbathija Thanks mate, just came on board here at Twitter ...  .. tweet up sounds great..",surprise,neutral
1957519394,@pyroezra idk if i could.  it would cost me soo much there.,neutral,worry
1753158680,success!,relief,neutral
1694790249,:visiting my friendster and facebook,happiness,neutral
1957725379,I overslept  headache,sadness,sadness
1966400948,they were actually there omg apparently a relative of marc went to my school lol,fun,neutral
1966201373,Is on break...I'm so tired,neutral,worry
1962913962,@Mollotova i was going to cal you  i'm not going to be able to cuz i close tonight and open tomorrow i'm real sorry But i'll have present,neutral,worry
1751988017,@PANICitsLeslie Aww that's still awesome. You had fun though I can assume.,happiness,happiness
1694053220,@Felitherandom Ohmygosh. I KNOW. That would make my night for SURE. lol.  Goodnight!,love,worry
1963148937,wow my trip to tampa has come to an end...,relief,happiness
1964974793,Going crazy  super head ach from hell and my the in laws have ben here since 9 this morning. ahhhh,boredom,worry
1750964683,Just finished mowing the lawn.,sadness,neutral
1965310104,@stevyncolgan What are you confused about?,empty,worry
1965832255,@mitchelmusso its it done?,surprise,neutral
1695164637,@ferretprincess Hey Miss Jane! How are you? How goes the film? Hope all is good with you and your family,happiness,worry
1963153462,whopee TGIF   that was more fun when i had a job,sadness,happiness
1752748477,@seanownsthewrld: i always am,neutral,worry
1752287886,@Padmasree So are you going to watch Star trek or Wolverine..? I bet you are going to watch both  Right?,empty,neutral
1694346017,Happy birthday.,neutral,happiness
1965656508,Poor Flores! Not happy about the latest news  #Nats,worry,worry
1752052330,"@MissXu Would *you* pay $60K for a lunch with Oscar de la Renta?  I don't see her hitting East Village shops, do you?",surprise,neutral
1752749364,If someone in the family died you would of heard about it. Duhhhhhh. . .,worry,neutral
1962705507,at least 3 more days,sadness,neutral
1753381643,"@typezero3 Hehe...until it comes back, your FB friends get a Twitter respite huh? JK!",happiness,neutral
1962146313,So apparently my dad thinks its ok to stalk my twitter. this has been the worst week ever. i hate my life.,worry,worry
1694203289,why i chose iphone   http://tr.im/kpaE,worry,sadness
1965401596,rught brb on me ipod. if i randomly go off its cos me internet breaks,anger,neutral
1753727883,@Santbrink boffert,worry,neutral
1752773107,"mmm - home-made pizza (that I helped to make), a home-made cheesecake (to eat soon) &amp; family... a nice day for mother &amp; nanna",sadness,happiness
1751177356,"@bobbyrettew  That makes my day so much better, it's been a rough one. Did I mention I love the new photo!",relief,worry
1694403395,@andyclemmensen aww thanx andy,love,love
1963552339,Watch Jay Leno tonite!!!  It's his last day as the Tonight Show Host,happiness,neutral
1694365634,"had a great shot yesterday, editing pics now",happiness,happiness
1751537878,i had a really good day today,love,happiness
1965932780,"oh!, I wanna buy Just That Girl - Drew Seeley, but I'm not allowed  I'm talking itunes store)",worry,worry
1961816097,10 more days to go for Freedom!!!!!! Damn these xams!!,happiness,worry
1957686686,My record player has decided to die. Why on Friday night? Sad E  http://twitpic.com/667a4,hate,sadness
1753347275,lovin' my new blackberry,love,happiness
1957079568,misses my baby.,sadness,sadness
1694183657,@mohdrafie Theres no such thing,neutral,worry
1694533278,&quot;It's Like That (and that's the way it is)&quot; - Run DMC  ? http://blip.fm/~5jgvk,relief,neutral
1753118641,man u know things get very interesting sometimes lolll....im just 2 damn good,neutral,worry
1752983927,Morning everyone! Hope you have a great Sunday!!,happiness,happiness
1957176048,@ lyrically_Me   Why would you do that to me?!,sadness,neutral
1963585734,"@melissa_beery Yeah little rough this morning but more tonight, and tomorrow night if all goes as planned. Caloric intake off the charts",worry,neutral
1752224536,Happy Mother's Day to all the mothers out there! Goodnight to everyone else,love,love
1753566134,lookin forward to jam with DJ Kimosave on the 16th @ The Loft,fun,neutral
1966326298,at home sick,sadness,sadness
1961920582,@teamincredible ALL white shoes make me cringe  . White shoes give me pause.,hate,worry
1966337193,@MomofCandE Miss you,sadness,sadness
1962612033,gaahhhh! i want my #comet09 stream back...,neutral,neutral
1751750552,With matt.,neutral,happiness
1752846906,"@justjr  Blushing, blushing &amp; once again blushing!",neutral,happiness
1965463456,anyone want to buy a place on the Oregon Coast?  It is one gorgeous area and unfortunately for me it must be sold.,neutral,neutral
1961047237,Has anyone else woken up one day and felt like they acquired near sightedness over night?  Everything is blurry all of a sudden.,worry,worry
1753310611,"@theaidenash hey hunny bunny, what's a weekend? is that like a day off or something?",sadness,neutral
1694771518,"@GeeEmm There will be NO vidoe evidence!  I can't wait, though. Now I just need 2 find a regular partner if I end up loving it!",worry,worry
1957075457,It has come to my attention from a 16yo friend that I've recently gained a TON of weight. He didn't know it was me.,worry,worry
1966095498,"Too many cocktails last night, my head hurts",worry,worry
1960702589,Trying to revise Environmental Studies and write my personal statement at the same time is really hard!!,worry,neutral
1960716423,"It's Friday, but not the most pleasant ones  waaaaaay to much work...",relief,worry
1694327803,Down in Wellington for the Monet Exhibition. Casually just bumped into Wayne Brady in our hotel lobby!!  Mega exciting!!!,happiness,neutral
1694239131,@wortje The bag looks stylish. Congrats!,happiness,worry
1963988027,@ToplessRobot those aren't even the old dolls...they are the new ones that look like sailor moon!,love,worry
1966238684,Oh how today sucks....,worry,worry
1696215938,"Thank you all new, first time Japa Dog customers! Twitter spreads the word! We like new customers",love,neutral
1751853648,FOOOOOD  yummy so. whose washing the dishes now ? NOT ME ! not i ..    rofl,happiness,neutral
1957245122,@ruthchu wat the! you were in riverside??,surprise,happiness
1751036552,I should have know that &quot;extra hand&quot; comment would cause trouble...  About to upload House Music and Beyond Vol. 3,happiness,neutral
1965762157,"Beers &amp; whiskey = awesomness, work in 8 hours = sourness",neutral,neutral
1694587026,@lapix Thanks Ennio,happiness,happiness
1694744797,Is Going To Buy A Wacom Today ... Goood Times,love,neutral
1752125310,"working on mothers day slideshow, cake, card, and balloons  she deserves the best!",love,love
1750896967,"@Norbridge Also, using vintage or antique pieces offers a green solution.  No higher form of recycling, in my opinion!",neutral,neutral
1753236531,@kayleelovexx love those panties,happiness,love
1696137264,"@deeeniseee eh, you're a really nice girl   How are you? miss youuuuuuu",love,love
1751503636,"@mikaylaap Hey did you get any more info about your graduation? And I think my mom's gonna let me go to CP, if you guys still wanna go!",neutral,neutral
1694727013,@cnn Any others jobs like this available? Sounds like a great experience. Direct message if you know of any others.,worry,neutral
1957511769,i feel less than nothin'.. lower than zero..,worry,worry
1752503585,@dmaul53854 yus! :3 he was really nice,happiness,happiness
1751988672,dancing around and cleaning the house..... loving my sunday so far,fun,love
1752476867,@jimmyfallon Saw you on SNL with your diploma..Congrats. You must be overjoyed.   Now I am finally going to bed..NITE,relief,neutral
1752870491,legs are still numb from journey to atlantis+coldness... buttt it was an awesome day,happiness,worry
1965332660,"@dmafiax thanks ALOT, stuck at work with it too",boredom,neutral
1960518960,hearing the birds chirp makes me think its nice outside...well its not  rain rain go away!!!,fun,neutral
1751104722,having a great time in kc  http://twitpic.com/4w3fi,happiness,happiness
1963583515,@remiransom i wanted to see that.  enjoy it!,neutral,love
1956968416,"@dannycastillo We want to trade with someone who has Houston tickets, but no one will.",neutral,neutral
1694726055,I'm new on Twitter.....Hi everybody!!! Suggestions for me???,neutral,neutral
1962381380,@katarinasmama it was WAY too fast,surprise,worry
1965461818,"catching the last bit of Later with jools .. last in series .. sob, cry",sadness,worry
1957366118,@brandillio that would be most ideal. However...now I dont see myself leaving before 3  Gonna have to take a rain check,neutral,worry
1694309780,@tracey1972 Morning babe!  I plan on overdoing it today! lol Hope you do rest &amp; put your feet up! xxxx,happiness,neutral
1753094861,@crazyness  o sweet i saw him last year with kenny &amp; sugarland will be with kenny this year.. i have seen them b4... love them.. gknight,love,love
1753312816,@henryandfriends thank for Thinking of us and caring,happiness,love
1695546305,its raining!! gng for rain dance,happiness,neutral
1961480375,why do I always wake up ONE minute before my alarm is scheduled to go off??,worry,worry
1751784368,@baloneyFACE probably the coooolest thing we've ever done,fun,happiness
1751573215,i loudly said something &amp; my coworker replied &quot;i dont know brian klemm! But even I love brian klemm!&quot;  ( @Klemm_0_Tronic ),surprise,neutral
1753852095,@teabot Use the facial recognition feature in iLife '09,neutral,neutral
1960267047,Sick kid trumps advance planning.  Bummer,sadness,worry
1961103207,Its cold,neutral,worry
1751985207,@madfatter I just re-skinned. Still figuring why tweetsuite isn't updating,worry,neutral
1962001529,@HypeDaGreat Oh ok. I&quot;m @ work so no playing for me til later  lol.,neutral,neutral
1957593179,had a horrible sleep + in a rather bad mood,neutral,worry
1752701129,http://twitpic.com/4wk1m - 8th grade formal 2009,neutral,neutral
1751536413,"Thank you, Afrin Nasal Spray! Also, I got a giant teacup tonight!",relief,neutral
1957193022,@Sageey My public talk in July got canceled and I don't know why.,worry,worry
1961993687,honestly cant wait for wednesdays chemistry exam to be over - getting to me real bad,worry,worry
1964629860,just went to the dentist my mouth hurts and I can't eat until 8,sadness,worry
1750928268,@vogonpoetry42 At least there's no denying nerd is part of it!,relief,neutral
1957144266,intentando intentarlo ONCE AGAIN!,empty,happiness
1750896474,@guitarcat213 Yes we both do win!,love,neutral
1964682290,is sad she is going to miss the Dream Team party... but i didnt RSVP in time.,worry,worry
1694052743,@shadiya I hope you were feeling better today!,worry,worry
1752750483,Now I'm at a doppppe rock show in the LES .. Moshie moshhhh pit  http://twitpic.com/4wkhi,neutral,neutral
1963502110,"@tommcfly maybe you could go outside to meet some fans?  im not even from sao paulo, im from rio, but.. idk, just saying :/",worry,neutral
1966046091,@Zaraa_x ah that's annoying,hate,neutral
1961966569,Sad that david is leaving tomoro. for a week.,worry,sadness
1695806778,@madamecomedy IKR?! My mom got it for me a birthday a few years ago. Tis the best,love,happiness
1752289427,"@Cassivellaunus I'm sure the Mrs. will follow when she gets comfortable on the new computer, may be a while  #hhrs",neutral,neutral
1957029634,my gap year is going so quick,surprise,worry
1965895020,"I hate dreaming that your at some awesome party and you wake up at home, there was jager at the party too",worry,neutral
1752290537,@JoeJonas1Fan1 heyy.  how are you?,neutral,worry
1695163528,@julienviet Propellerheads has been on my harddrive for a long while. Just got my music repo back in shape this WE and felt nostalgic,happiness,worry
1963373195,Daughter has a 45 min orthodontist appt and I forgot my ebook reader,neutral,worry
1751322794,@ceramicheart my heart sings,happiness,love
1957509761,yack yack -- resorting to these :#2&amp;!@#$%^&amp;*()etc. to stay within twitter limits?? not good,worry,neutral
1957429079,"Heading to the hospital to sort out my back, not looking forward to this",worry,worry
1962603165,@talulala really? and yeah it's too soon,surprise,neutral
1961643024,Is trying to buy a new bible...but they just aren't the same...why did my dogs have to chew it up?,worry,worry
1694035117,"yeye! let's tweet again tomorrow, honey",love,neutral
1753331834,For those of us who's hearts break a little more this time of year know that you are loved and next week is a new week.,happiness,worry
1752473069,"@lightbrightly haha, dork  was it good, then?",worry,sadness
1966329527,@katabolickatie not on my tv !    im watching a that 70's show marathon !,happiness,neutral
1752562628,Oops. I'm watching my mom&amp; son sleeping and  ing,neutral,worry
1753467350,currently watching American Idol,neutral,neutral
1960601386,Another day I haven't got time to play plus it's raining and chilly And also have a headache - WTH? . . going back to sulking mode.,worry,neutral
1694747661,@aussie_ali  that wretched Blue nun has you in her clutches Miss Ali!!!!!  S L O    W  down,worry,worry
1752943222,@meyen: You MUST watch Grey's. It was their 100th episode. Let me know once you do. I don't want to give out any more details,worry,neutral
1964041683,graduation next sunday.. im going to miss my class,worry,worry
1753197209,"@godlessgirl ha, great description of your jealousy I must say.  I will upload a pic 2morrow.  the tat actually represents free-thinking",worry,neutral
1695408949,&quot;I love knowledge. I love thinkin. Fressshman. Fressshman.&quot; pellericious math song,happiness,love
1752053364,About to hit the hay. (who came up with that?) goodnight world and all those who inhabit it,neutral,neutral
1957669715,"Uuu, am din nou PR 4. Yeey, my epenis is now bigger! ... ... ...",surprise,neutral
1957228023,arrrgh. i'm bored. so bored. there's nothing to do except slouch at the computer all day long.,surprise,neutral
1694385081,@MitchBenn OR... Something to do with all the Red Bull?  Hmmm. You think maybe?,neutral,neutral
1694748633,Goodmorning world,worry,love
1693997109,"Have lots 2do as usual! laundry, thanking God, cleaning house, praising God, cutting the hedge and thanking and praising God some more!",worry,happiness
1695220714,Presentation - done! And btw: my teacher is cute as hell,fun,neutral
1753565743,@petewentz eerrrrrrrrr.......... no i would say not.  i heart ur background though!,love,worry
1964617034,@redefinition if only the weather would cooperate for us to get in the pool right now. It's been too cold all spring,neutral,neutral
1753094024,I'm Still Celebrating My Bday Even Though It Was Friday,happiness,happiness
1752472687,@nadyogaga yes2 bgt! if everything goes well i'll catch their reunion concert,worry,worry
1963792349,I have a stupid headache on my day off.,worry,worry
1957023133,"no transport for church  wont be making it, im crushed. Oh well, more time for assignments I suppose. My throat really hurts ...",worry,worry
1694439755,@mileycyrus have you check oceanup?&quot;miley cyrus justin gaston fight after lunch&quot; you ok with justin?hmmm.im with you whatever happen,neutral,neutral
1964546694,"@garycford I gotta say, I feel bad for everyone in NKorea.  They're starving, and they have a crazy in charge who endangers them daily.",worry,worry
1962652527,@qcmartinez That sucks  nobody wants to stay in and lounge? Or do something for free-99?,empty,worry
1751213995,"http://twitpic.com/4w3zh - My son, Finley.",happiness,sadness
1962210609,meditating on my plans for the weekend...gotta work saturday...,neutral,neutral
1962220867,My poor poor mouth,sadness,worry
1694145634,@salspizza I'll oscillate from one to the other.,neutral,worry
1965646746,"Crisis averted!  Phew! On a different note, @AmeeC3 and @Zelenski....you guys are making me so proud! tear!  wish i could have joined",happiness,neutral
1695617676,@MsMandyMay Awesome pics! It's a nice way to start the week,relief,happiness
1961971544,The first time all week I can play WoW and I get stuck at &quot;authenticating&quot;.,enthusiasm,worry
1965891466,@KDVCashville omg that was my twin sister's fav song,surprise,happiness
1960584142,@DonnaSpeaks I dont know  I didnt even realize it was gone  let me put it up again...darn twitter!,worry,worry
1752822687,@whitsundays lol! l love your tweets! Keep them coming,happiness,love
1695476183,@lsbautista Thank you. I needed that,neutral,neutral
1695251187,We*d Man On His Way     Yess!!    Time 2 Wake Up 4 Real  lol,happiness,neutral
1957302143,Theres a spider above my bed  calming my fears by listening to greeeeen day&lt;3,worry,worry
1960580710,@patrickmanning Yes PM PM you are right,happiness,neutral
1753805423,"@chillybreck that would be lovely, alas the cubs would not be gracious enough to stop wrecking the house while we were soaking our bones",empty,neutral
1753115514,@kevincriz http://twitpic.com/4wh5x - LUCKY! I'm so jealous even though I don't like her that much,empty,worry
1694550920,@Andrew_Johnson: have a good night,neutral,happiness
1753115533,@anyidiot I think we could be related,worry,worry
1957550294,is super tired,neutral,sadness
1753583194,"http://twitpic.com/4wry2 - look, @camathome, the rosemary in my back garden, in CameraBag's &quot;Lolo&quot; mode",surprise,neutral
1694107780,I like airports.  I can't fucking wait until friday! I want it to be friday right freakin now!,enthusiasm,sadness
1695924435,O.M.G  im so sorry to hear about davids cooks brother! if u actually c this david Ireland Loves You!,love,neutral
1965840877,i give uppp a hour of tryin to tlk to @mitchelmusso  i love him but my minutesss lol,sadness,love
1966089921,"confused, angry, anxious and on top of everything LONELY",sadness,worry
1957400803,really annoyed that work appear to have blocked facebook now...,sadness,worry
1694533777,"happy bank holiday monday twitter! bath time, spring clean, movie marathon , lazy day",happiness,happiness
1753790027,http://pic.gd/fad84c One Sunday night at Helsinki. We hadn't drink anything... xD yeah RIGHT!,happiness,neutral
1753837822,"Yeah, let's build an app #euruko",fun,neutral
1694034997,"i finished new moon  in 1 day all up. maybe less, im quite proud, now who wants to lend me eclipse haha",relief,happiness
1964388210,@ceramicheart gonna go home and TRY to take a nap. I am emotionally exhausted   ... I will be in after.. &lt;3,worry,worry
1752986351,"i have a degree,bitches!!! moving t o dallas in a few hours",hate,neutral
1961501155,"@tommcfly I'm running out of things to say, and I'm starting to think you'll hate me for flooding your inbox with &quot;Philippines tour?&quot;",surprise,worry
1752505538,sweet dreams!,neutral,love
1957264644,tiiiired but i cant sleep,worry,worry
1751715353,Dinner=Buffalo burger with provolone cheese melted on top with beefsteak tomatoes and spinach. Divine. Pic on facebook to come.,neutral,neutral
1694330058,@TaraAlberto i'll be there tom promise! After our volley  when did they start? Wholeday? Or half?,enthusiasm,neutral
1957426182,@dameenrouge I have been to Tara Thai a few times for friend's birthdays and the food I had was pretty bad.,sadness,happiness
1751141755,@Kohmahts ReTweeting's my favorite.    #palin,love,sadness
1752088271,"off to a place where i dream...maybe i ll see you there!?!   sweet dreams, all!",relief,happiness
1957299984,I was awake until 12:45am then my mum turned the internet off so i couldnt watch the @jonasbrothers live chat i was ccrying i was sad,surprise,worry
1752617606,That was a fun show. Grabbing a bite to eat now.,fun,fun
1694532851,"@_elj OK nice one, cheers boss.  Am liking the lack of FCS today.",happiness,neutral
1958109577,And this picture of her with Zack from Saved By The Bell  http://twitpic.com/669lg,neutral,neutral
1961876048,damn you rhinitis! boohooo my poor nose,worry,worry
1962025108,feel like shit.....and will continue to for as long as it takes,worry,neutral
1961817846,Listening 2 music @ home all alone lol  who wants 2 come over &amp; hang with me LOL!!,happiness,neutral
1957099112,#liesgirlstell  a guy calls her phone to see if the number is real ) ohh my phone isn't working . try tomorrow .,worry,worry
1694015281,"@DavidArchie Good luck with your breakfast search. But here in the US, I have to go to bed. lol. Goodnight David.",neutral,neutral
1963486037,Ahh... I love Chinese music. Haha.  Not gonna see my luff til Thursday...,love,love
1965670034,left the bases loaded...,neutral,worry
1963947342,road test booked. i r scared,worry,worry
1966210626,"still feeling crangsty  but sushi for Marianne's bday (tmr) tonight! then pedicures (finally!) even so, I hate feeling like this *pouts*",worry,worry
1694237578,@pmcclory hmm. Tough choice. You got some matches?,neutral,worry
1694366044,@betscrr finally a pic! cya in like 16 hrs haha,happiness,happiness
1694146383,May the 4th be with you! Happy Star Wars Day twirps!  ROFL,happiness,happiness
1961701783,Momma martini went food shopping without me!!!!,worry,neutral
1963322814,Having serious technical issues in the studio  oh well thank god for the technician,worry,worry
1964329877,Nnnnoooooo!!!! Just learned we've got a frost warning for tonight!,worry,happiness
1751141549,@juicystar007 together,love,love
1960674331,@aliis32 LoL....heeeyyy love! Not much working   and you,love,neutral
1961432140,Dang i didnt even remember it was my bday today,worry,happiness
1694239107,Adobe After Effects and MS SQL Server...nice. would it be nicer if I just sleep?,neutral,neutral
1963350220,@INVAZN me too  Thats why im driving down to Cali in July for HIN Pleasanton.,empty,neutral
1963869612,http://bit.ly/61Aam   these dogs are going to die if somebody doesn't save them!,worry,worry
1963795182,My tattoo is ticklish,worry,worry
1695580463,@vivyouell You got me. That's where I'm obviously going wrong!,sadness,neutral
1964750546,"wants to scream, because the damn phot won't load...I guess this default will do for now",worry,worry
1965560426,Omg! My dad called me a johny come lately haha because I'm slow  haha,neutral,worry
1966050359,As it turns out I do NOT get to go see The Decemberists...,sadness,worry
1961825813,"@BiggaBX Yes, It's only fair  lol",sadness,happiness
1694476071,@janole Oh cool! When is Alpha 1.18 coming out? Auto-connect was the feature I wanted to request,neutral,happiness
1957204970,bed. with stomach ache,sadness,worry
1695280186,just downloaded the tweet deck....look at my and my saviness,relief,neutral
1965725562,@Jonasbrothers I like all the songs  I can't say just one guys! love ya,love,love
1752287764,Ok all have hit the point of relaxation.. heading to bed  sleep well and Happy Mother's day to all you Moms out there!! Night,happiness,neutral
1751921233,started a great mother's day season!,happiness,happiness
1694182743,says just passed by to say hi  busy with movie task from school =. = http://plurk.com/p/rozcz,neutral,neutral
1751429211,@packers4 That's interesting to know... thanks,neutral,happiness
1695375082,"@Decordiva Yep, getting some material together for my 1st USA pitch to realtors. Haven't quite worked out the angle yet, but it'll come",neutral,neutral
1960169784,@KinanLW I live in the Philippines. &gt;.&lt; and honestly i wanna live somewhere with snow!!,hate,worry
1957195514,@3Gguy and within a short time of the last clue all of them,neutral,neutral
1964966599,"Not feeling very good at all, why does this have to happen today of all days? Not going to friends tonight",sadness,worry
1961573469,"Omg my head still hurts, i need to get my comics today so i got to hurry  lol",worry,worry
1962364197,Looking for a new laptop battery. Why are they so expensive??,worry,neutral
1957218733,@lizhodgins I heard your moving to Sydney next year im not happy,worry,neutral
1753681489,@kazzababe95 cut yourself a slice of cheese cake.. it makes everything better,worry,neutral
1964969093,@WOAHAmber But I hate being me,sadness,sadness
1957218626,"have to wear my glasses today, cos my right eye is swollen and i don't know why",worry,worry
1753649143,@pcsketch There is a motorcycle for sale down the road. Mind you it'd be stupid of me to get it. Summer 5 months away.,worry,neutral
1957225471,"bout to watch notorious cause that's how i'm feelin now. wish i could eat something, but i can't.  surgery tomorrow. no food til saturday",sadness,worry
1695221432,"@taylorswift13 woah that's cool  just landed in London about 2 and1/2 hours ago.I LOVE the scenery, beautiful ,",happiness,love
1960521642,@BrittanyASnow omgsh i know  i'm dealing with that rite now. its no fun!,hate,worry
1696219365,@gfalcone601 you happy that Frankies back from France  xx,love,neutral
1964751286,"@mileycyrus Miley!!! I Heard You Have Never Been To A Prom  I Would Have Invited You To Mine If I Knew, We Could Arrange Another One? x",fun,neutral
1965218729,@DavidArchie hey when are you next in the UK?,love,neutral
1957733849,Guitar lessons tomorrow. ( I have to wake up early again.,sadness,neutral
1965763824,"ok, son in bath, so gonna see if I can find some quick quotes.  Gonna miss ya'll this weekend. I'm already gettin sad",sadness,worry
1964207138,Almost 2 more hours then i'm out of work. Time couldn't go by any slower.,worry,neutral
1751143510,is having a jam session in her room and then seeing star trek...again,happiness,happiness
1751920602,@LittleGigiGirl ?Happy Birthday to u? Happy Birthday to u? Happy Birthday to u? Happy Birthday to u? Happy Birthday to u? And many more!,love,happiness
1962522731,On a 10min brake. At wrrkk ... its 11:06 and its over at. 11:16,boredom,neutral
1753118806,@shaunduke That sounds like a good compromise.,relief,happiness
1695080376,lookin forward to liverpool 2mz,enthusiasm,love
1965070263,show was amazing. so cold out now  hope I can give victoria my card and get my dvds back ;) ha,happiness,worry
1694792627,i'm off to see a movie (&quot;17 again&quot;),love,neutral
1960122779,Burnt the fuck out of my hand today.,worry,worry
1695279930,Thinking I'm super excited about this week!,fun,happiness
1694107575,"Thanks to all the new followers  Well, I went to a strip club tonight and its 4am so I'll follow you tomorrow. Much love.",love,neutral
1962614115,"@brieasaurus haha yeah, oh well im just going to go and be emo now",neutral,worry
1753584095,@mariamtronchoni Have a nice Sunday  xx,neutral,love
1957319291,@ghozali actually I'd prefer a rum or gin but don't have have any as I've preferred them too much previously,fun,neutral
1964772498,@RoisinMcK Miss you,neutral,sadness
1962844030,When am i getting a yearbook?  today was strange,neutral,worry
1964141570,@johnhensel hate u....  I have 2 wait one week to see it cuz here (Puerto Rico) is still coming soon....,sadness,worry
1694330130,"@Broooooke_ kk's  have fun eating lol, remember shaun loves you haha",happiness,love
1962992620,"Note to self: don't wear steel toes to the court house, I'm just sayin",neutral,neutral
1963045284,But I do tweet about you,neutral,neutral
1751572992,"@taylorswift13 I just want to say: Both you,Taylor Swift, and Hayley Williams have a great and lovely voice!",love,love
1694979409,Happy monday  up and about going to tavares today. Hope everyone has a blessed day!,happiness,happiness
1965247915,"@lulion07 i'm praying for you. Sorry to hear about your bro, man",sadness,worry
1752445031,@sydeni_f_babei best two seconds of the movie,happiness,happiness
1695027666,@phomor You cant put off age but you can put off grumpiness,neutral,neutral
1961772821,@Lidybeth inooo arent they just  i wanna just go down there now an meet kyle again.. im too obsessed its not fair!,worry,neutral
1962917919,I'm so hunrgy right now and these heels kill me I can hardly walk in them,neutral,worry
1960298202,@almcheese alms ur tweets r all delicious. Haha! Since its about foodddd... Anyway gatau nih aku mau pindah dr binus,love,neutral
1751751532,@RSC_Girl123 Tom Petty and the Heartbreakers have my eternal love. Benjamin.  ????????????????????????????????????????????????????????????,love,sadness
1958093437,Ive finished 4th year!!! Argh Uni is going soooooo quick,fun,happiness
1962807288,boo gf can't go now  I passed my guard training lol,neutral,worry
1694510222,another week starts,sadness,neutral
1752351341,@HilHolla have fun on flashy fed hill..im sure you're imported cheeto eating ass will fit in lol,happiness,neutral
1751286685,I love Metal Gear Solid 4 and Valkyria Chronicles.,love,love
1957622502,This is great curl-up-in-a-ball-and-read later. I wish I had a book.,fun,happiness
1963945383,Neil just picked me up for the show. My tailights out  cause of heartless hit and run.,sadness,sadness
1696086983,@north385com Well I'm obsessed w/all of them - but I watched the first one again last night  glorious! where can i get a wand?,fun,worry
1753482418,"looking for my sister on facebook, miss you yani",sadness,worry
1751324691,@everyboy  give them my best!,happiness,worry
1957213816,@RichardGiles mine pools... just in someone elses pocket,neutral,neutral
1694032997,"just signed up..so, hello twitter world, here I am",empty,neutral
1752965193,just finished baking some cinnamon rolls   soooo yummy!,happiness,happiness
1752192708,@_mamalaura night! So cute that K loves frogs  http://myloc.me/FI0,love,love
1696002224,stayed home from school today   doctors sooooon.,neutral,neutral
1963899363,21 days away from being evicted,sadness,sadness
1753138968,assumes it wasnt so taboo to start an email with &quot;LOL&quot; considering that the reply it got started with &quot;ROFL. PWN3D.&quot; I love the internet!,fun,neutral
1751854136,Chicago rocks my socks,neutral,neutral
1964332859,I'm always the last one in the office....especially on Friday,neutral,neutral
1957204382,@MateRiaLGirL1 I won't b hereeeeee. Imma b in georgia  and then I'm off to LA. Grrrrrr!,worry,neutral
1753852261,Collabro w/JPhlip called &quot;California&quot; was another hot one.,fun,happiness
1751955040,@Cortnee4Christ Made so many new friends on Twitter around USA. Another bike across USA trip would be amazing to see people!,love,happiness
1965512621,"At The Only with @camfinlayson and @momotoronto, but not with @MoxieGarrett.",worry,worry
1963937958,I wish I could be AT work as opposed to being wit the kids cuz it's the hardest job eva,neutral,sadness
1694364339,@davorkapozgan CongratulationS. Great funky site! U did it waaw,happiness,love
1752983591,@kayemeff its almost your birthday!!,happiness,neutral
1964031464,"Too much food at today's company gill out, want to go home and lay in the sun. Instead here until dark, probably",worry,neutral
1963482300,Hours of refusal upon realisation that tomorrow's #Morrissey gig at Brixton is postponed.   Only been looking fwd to that for 6 monthsish,worry,sadness
1752413480,@MrCartersNurse  congratulations for your mom for tomorrow ! buenas noches,happiness,happiness
1966405815,@Jon_Aston Still looking  I filled out quite a few applications last week and once I get home I'll continue.,enthusiasm,worry
1962746210,@vessel2219 of course,relief,neutral
1751177274,as landice said; &quot;uhmazing.&quot; you are all uhtterly uhmazing.   - helenuh.,love,neutral
1957617107,@thawrite1 oh you and @mdotperiod had free drinks?! thats wasup..Im givin up drinkin for a lil bit,neutral,neutral
1965252176,"please do not let me get obsessed, whatever or whoever is in charge of my actions  you've been doing such a bad job lately",worry,worry
1957156949,"Working late at night on a Dell notebook, Dell's quality has gone down hill, warrenty service sucks too, poor people  buy a Mac instead",hate,worry
1961889759,broke my gorilla pod  and I think one Lego Knight lost his helmet,surprise,neutral
1694202742,@tommcfly could you post a link to the internet version of the times so that I can read it pllleeeaaassseeeeee!!!!,worry,neutral
1750931624,ops   that lol wasnt supposed to got to twitter,worry,worry
1753117120,@TheUnclean Thanks. Busy as fuck is good in my book.,happiness,worry
1753774526,"Just funny sitting here with external keyboard, mouse, and macbook on bed  just looks strange but it's comfortable",fun,neutral
1963181006,"@TehCheapOne Ok, im not really that far yet  On the 2nd part of 4. Wish she did them earlier though, like mid day so I could be involved",neutral,worry
1752565428,Okay enough talking for now time for bed. Big mother's day tomorrow! Then back to Greeley for the big move.,neutral,neutral
1963067743,Damn internet jus cut me off!  was bout 2 shoot sum guys eye out  ~*~KANDI~*~,hate,worry
1695081746,"@Chaos33176 What Makes Me Happy? My Daughter, My Family &amp; Their Support, Money, Shopping, &amp; Restaurants",love,worry
1753051656,I'm emailing my best friend Deanna with my yahoo account. Emailing is FUN.  &lt;3,love,neutral
1753616577,finally synced iPod,relief,neutral
1693975573,"@MrPhotographic Happy b-day! Just woke up on this side of Earth, so wishes are bit late",neutral,worry
1694312555,Hello Bank Holiday Monday  hello revision ï¿½ï¿½,neutral,neutral
1752592819,Campfire and smores,worry,happiness
1694125954,"@JenCarfagno Wow, you were here? Why didn't you tell me? J/k  That's cool though; I have yet to see one...",surprise,worry
1957100351,sleep....good night tweeties!!! down to OC tomorrow. I hope and pray that Rachyl gets better SOON!!!,neutral,worry
1964685410,@mell_e im going to my dance class now,neutral,worry
1957312977,Had a good day till he twisted his ankle on his two mile run,sadness,worry
1957166877,i feel really weird,sadness,worry
1965017611,Back in a mo. Cover Girls hubby on fb chat. She not seen him for 5 months,surprise,neutral
1695004210,@getkaizer thanks!!! it was a ballroom dancing competition,love,happiness
1751287370,@msmommyw She could spend the rest of the night in her room.  At least ONE of you could be happy with a glass of wine.    #surlytween,love,neutral
1964082521,@PoyntlasLove it was  i dont think i can look at her now without feeling heartbroken lmao x.,worry,worry
1957457689,"hmm. I'm disappointed. I made 2 servings, and I am only able to enjoy one because my stomach is now full  wishing I had company to help.",sadness,worry
1753176638,@vieriu I am blessed beyond measure,happiness,love
1963908885,I also concede to my first Twitter grammar fail.,worry,neutral
1965465512,My head hurts beyond much.,worry,sadness
1696176975,@wossy http://twitpic.com/4jjdx - Soak your had in hot water (but not boiling) for about 30mins - it'll pull them right out,fun,neutral
1965522878,@SCHATJE TY. Just a long tiring day filled with expensive plumbers and work  needed CALGON. Hope you &amp; @madberry have an AWESOME weekend!,sadness,happiness
1752052799,The horoscopes website I use has all changed around  I like it!,happiness,neutral
1960904853,@NancyEDunne oh Nancy - so sorry for your loss  &amp; wishing you the best!,worry,worry
1752872650,An extra night in pasadena with sergi baby cuz i 'missed' my train to riverside,hate,neutral
1964740870,omg i tink he is not cuming bckkk,sadness,worry
1751248644,My mom just came home and she FINALLY got me a guitar strap! yay!,happiness,love
1695251675,@Maggiedeephoto Thankfully that face only shows up for photoshoots,relief,worry
1750895238,@heystephy write write write!!!,neutral,worry
1958133344,"@ShaneSakata Hi Shane, that link doesn't seem to work",sadness,neutral
1694707985,This song is a slap on you face!!  ? http://blip.fm/~5jib6,fun,neutral
1965757595,has a saw thumb from playing Virtua Tennis...,empty,worry
1963345407,My knee is killing me,worry,worry
1753743859,@itsleish That it does  just wish more people would notice it,neutral,neutral
1964772094,@bfly13,sadness,neutral
1753650408,So so happy to be with @theblackqueen - she even makes doing laundry wonderful,happiness,happiness
1753871518,@ashsimpsonwentz http://twitpic.com/2sw4v - i love BOTH your hairsss,surprise,love
1965579490,@tpyle I know.     #hhrs,love,worry
1752052920,good talk with @broskey  muchos needed,worry,neutral
1753418463,"@Holly59 you certainly can, and good morning to you",love,neutral
1966408376,whats wrong with my flickr  http://www.flickr.com/photos/frenchtoastcake/ my quilt top photo only shows when you click on it! SAD STORY!!!,sadness,worry
1965096947,@Rubios_BeachMex Can't DM you since you don't follow me.,sadness,neutral
1965835451,i really miss my satan kitty,neutral,sadness
1751953751,Bran!! Watch my video!!!!! please dont make me go stalker status 2nite  http://bit.ly/3Ysav,enthusiasm,worry
1753310024,"@MadisonMitchell I'd help you if I weren't poorer than you lol! I'm mexican living in .mx, which automatically makes me 13 times poorer",neutral,worry
1753481861,HAPPY MOTHER'S DAY to all you wonderful mothers!!,love,love
1966399701,Leaving for Atlanta in the morning to catch JoCo and Pa &amp; St!!! I'm excited! Missed P&amp;S at D*Con last year.  That made me a sad owl.,sadness,sadness
1752723077,Tyring to pack for my Aruba trip (soul beach music fest),neutral,neutral
1965265452,awwww it ovber!!!,surprise,love
1753292357,Home at last 1 more day till my weekend begins!!,relief,sadness
1957761943,"@gleeding Need a tickettttt  Gah. Ya you've got me on there, reason346.. Haven't listened to dear Elliott for a few weeks...overdue..",sadness,neutral
1752227680,@barrysma NEW motorcycle and you POPPED a cable already? wow-you ride HARD!,fun,neutral
1957218667,@ANAIZZ you might want to get some rest...i promise you wont retain the knowledge sleepy,neutral,worry
1751177070,update!  island flowers - large pouch http://tinyurl.com/qnh5oy,neutral,neutral
1966258701,@bktassava I am lost. Please help me find a good home.,worry,worry
1695281636,watching supernatural!  how exciting.,happiness,neutral
1695026786,@gjr02 I can't work out if you're into diesel or rice burners.,worry,worry
1961454986,"@JekNexus Oooommmmggg, you probs will, too busy to slay properly for a while  Hopefully I'll stay ahead doing 1 task a week!",worry,neutral
1966269812,said final farewells to roommate.  almost finished packing then it's dc or bust on the 3rd. california: i divorce you x 3!,hate,neutral
1961255219,"@majcher I have been run down all week, going to bed around 8:30 each night because of my allergies. It is miserable.",worry,worry
1753695855,Going to Al Ain.  Need to check out one store. Hope i find things that I'm looking for.,empty,worry
1964142380,@beley It's so not like me  I'm in the middle of coordinating a 3-point move: stuff from IL --&gt; old NYC apt + all stuff --&gt; new apt.,worry,neutral
1966043049,@katekisss  meebo.com is a free thing &amp; it doesn't effect the comp that's what i use .,neutral,neutral
1751887158,@robinware Did you see Star Trek? Now I can't sleep.........too much action. Can't wind down!!!,enthusiasm,worry
1694570242,says i always love fifth!   and tomorrow is 5th!  (dance) http://plurk.com/p/rpmyd,love,love
1694475044,"Down the beach again, sea is really flat",surprise,neutral
1753499987,@Tiaantjee Cool rite?,neutral,happiness
1964448761,"not sure if I can use my Neko tix for Sunday night.  may be offering them to someone else, you'll all be the first to know if interested",neutral,neutral
1960632615,Shopped til i dropped....come bac sunshine i miss u,sadness,love
1961039804,@demetridadon well what about tomorrow? I miss you,neutral,worry
1957072896,missed iron chef,sadness,sadness
1960130347,"no work today! went shopping, and now relaxing  &amp;learning for the toefl",neutral,neutral
1752645396,there's not many things better than sleeping with my windows open,relief,worry
1962612553,Lucy has an upset tummy and sore leg  http://apps.facebook.com/dogbook/profile/view/182397,worry,worry
1751034313,Watching The Seeker,neutral,neutral
1961555728,"@geekandahalf I'm not donating sweetie, I was at the doctor.",worry,neutral
1963197519,"@shopronson I have placed an order with the HOH people, but they are taking forever to process it!  Cant wait to start selling it. xo",worry,neutral
1957083084,"The pics I just uploaded are the baby pics of my cats. Missy is now an adult and a pretty little kitty, but Batty is in kitten heaven now",love,neutral
1960542934,Finally back from the stupid holiday ! Missing the fit bar men though,sadness,worry
1696043585,@Perpetual_Kid May the 4th be with you,fun,neutral
1751360782,@MissSaraBee haha breakfast will fix that  w/ a large cwoffee,neutral,neutral
1753601419,"But caught Bullet Boys, Trixter (Pete was great), LA Guns AND Kix (who stole the show). Hung out backstage like a real rock and roller.",surprise,worry
1965936936,Just took $10 off a guy who thinks he can bluff three times in a row and get away with it. Now back to showing how shit my work is,sadness,neutral
1960472012,"my ipod came back to me after visits to cali, china, and alaska...but its at home and im @ work...",sadness,neutral
1752125484,@jasonmitchener awesome! What a blessing,love,happiness
1753311494,@Rajkumari22 o snapppp look who i found on twitter lollll,fun,neutral
1965332516,Finally got a date for the bonfire tonight. Kinda last option but whatever. None of the chicks I wanted to go with never texted me back,relief,happiness
1957279276,ok deleted all messages and hope they don't come back!!,worry,worry
1963217678,Just went a bought the bigest redbull i could find. its going to be a long day at the office,worry,neutral
1962187061,gosh it's anoher cloudy day  wish they would go away.. or rain..,worry,worry
1965822845,just left &amp; already misses Nashville  be back sunday,worry,sadness
1694255582,"@Jessthemediocre...living in my studio, sounds very important ;) oh Mildura is totally boring!! Mhhh...whatever!  byeeee",empty,worry
1695961765,@MyHandboundBook Love your latest journals. I finally joined Twitter so came to say Hi,love,happiness
1964947635,Greg Pritchard should have got threw to the final of britains got talent,enthusiasm,happiness
1957305609,Can I get tonight's SYTYCD online anywhere...streamed like Hulu or paid like iTunes. I missed my favorite judge and now I can't sleep.,sadness,worry
1964801948,i want my daddy,love,love
1963395027,&quot;AAARRRGGGGHHH&quot; is the only thing that can decribe how I feel rite now!,empty,worry
1695135265,is done reading the book. magnonotes na ako sa mga kailangang imemorize.  http://plurk.com/p/rqh5n,neutral,neutral
1963106429,long day and i still have to mow the lawn,neutral,worry
1752874116,@RetroRewind I know its a Block Party but would love to hear a DH original if you get a chance,neutral,worry
1694421199,@DR_ILL I &lt;3 my blackberry,empty,love
1753400643,loving my new tv,love,love
1694770943,"Early Monday,great  Rainy Monday,not so great :|",neutral,happiness
1752646968,&quot;He was interesting..and brilliant..and mysterious..and perfect..and beautiful..and possibly able to lift full-sized vans with one hand&quot;,love,neutral
1694687668,@simonsydney Still will buy the DVD. Should be seeing Star Trek with Paul next weekend,neutral,happiness
1960493118,trying to win tickets! com'on dc101...,fun,worry
1960321065,Havin a much better day today!! Finished the last Twilight book yesterday. Classes start next week!      Get at me yall!!,happiness,worry
1751986073,The ultimate shirt folding tool (http://www.flipfold.com/)- I saw @sheldoncooper using this in one of Big Bang Theory's episodes,surprise,neutral
1753647704,lookin forward to a lovely meal out for grandparents 75th at posh italian,love,happiness
1753648404,@MandyBookLover Hi  Yes wasn't she absolutely terrible! How on earth does she hear a good tune from her ears? Lol,hate,neutral
1694930981,"Its awsome... when you know, that you know, that you know!",happiness,neutral
1752872398,@xjam13x LOL. Wow. That's good.  Haha I still can't believe it's mother's day.,happiness,worry
1752591575,FREE UNLIMITED RINGTONES!!! - http://tinyurl.com/freeringring - USA ONLY - Awesome 4 iphone,neutral,happiness
1694570945,"@yumecouk haha, nice wheels. Victoria will be doing her own peddling thankfully, the boys will get the free ride",worry,neutral
1964372342,"Fuck, we have some kind of bugs in our house. And we dont know why or what it is",sadness,worry
1694069222,@langleyjoel @jenn_langley Hi guys! Guess who has Twitter on her phone now? Me!,worry,neutral
1964739704,@MC_Craig_G Hope your enjoying the money..it's looking real good to me right now,happiness,happiness
1695509780,@paulcargill thanks  xxx,neutral,neutral
1960811597,"@Jaisaphira I agree, however I can't sell  until I'm a full brick &amp; motar store...  soon though hopefully",worry,neutral
1960809017,sorry guys i didn't sign in for a while  sorry every1,worry,worry
1963218081,@dougiemcfly ME TOO! hehe i hate colds. totaly annoying...,sadness,hate
1957500630,@Knightpkf Yay! Thank you.. Feels like ur yelling at us   LOL,fun,happiness
1965649254,made a little cover for my iphone.  the birds aren't upside down on the back  http://twitpic.com/67tp9 &amp; http... http://bit.ly/FjeAm,sadness,neutral
1694403479,@taylorswift13 your in london?   are you doing any shows here?,surprise,neutral
1965534696,What happened to my early night? Am about to turn into a pumpkin,worry,worry
1751642805,@moncho33 A pues bien small world small world. yo amo a la chiquita esa. she is such a great friend.,love,neutral
1694110417,"@MichaelHyatt wow, goin to Ethiopia? Biz? Holiday? Some other mission? Very keen to go there",neutral,neutral
1963021192,- im hungry...but there's no food at mah house.,worry,neutral
1751325559,watchin what a girl wants with mom and brittany..,happiness,love
1965524592,Wishing Adam wasn't at work,worry,neutral
1751322564,i'm so happy i aced my final!,relief,happiness
1753237485,@error505 - call her.  She will be surprised.,neutral,worry
1752256523,@mamacapps  Know I'm not the only one.  Just harder on me.,sadness,neutral
1694054527,goin to bed w/smokey!!!!!,empty,neutral
1695408032,Stuck on NJ Transit for the past twenty minutes. Great way to start the week,boredom,neutral
1695376165,@Vacant_Stained http://twitpic.com/4jhe5 - I LOVE it!  that is just so awesome,happiness,love
1751396312,Happy Mother's Day MM mums!!!! hope you all have a lovely day  #mamam,sadness,love
1964041707,@JessicaHarker !! I miss you too.,love,sadness
1961277154,Just read McDonald's is actually running more ads than before the economic slowdown. Great. I'm lovin it.,love,neutral
1957713231,@_hayles yer there must be-not sure tho-caught it off my brother but got it worse,worry,worry
1752984386,"@McCainBlogette Congrats!  I cuss like that in a matter of minutes, But didn't know until now there is a reward for it.",surprise,neutral
1962663715,@Jaicenia lmao i get that alot  haha,fun,worry
1957699183,Rather jealous of my football club who have all gone to Portugal on tour today. They're even playing a Sporting Lisbon veterans side.,surprise,neutral
1695805232,Good Morning Twits!  Let's makes today x100 better than the one before! Start runnin,worry,neutral
1694348427,@jazzt byeeeeeeeee watching new DH  X,neutral,neutral
1962233315,At work sick  but I'm ok to the mall!,worry,worry
1962812366,no phone call yet.. 20 minutes until I pluck up the courage. I WISH MY PHONE WOULD RING,worry,worry
1957160993,another build failed! something is not right in the big scheme of things!,worry,neutral
1965536029,"Dang, I need a bed in the bay area Monday / Tuesday night  Anyone able to help out?",neutral,neutral
1694745797,@therealchloe np  so how are you?  x,neutral,worry
1753010456,i love it when justin timberlake hosts snl; hilarious,love,love
1694570337,"In honour of #starwarsday, I have fired up a New Hope in the DVD player in full THX glory",fun,happiness
1753074418,@jespern Oops! I got taken ...,worry,sadness
1961910390,@sos100 internet billing with fee of 30% and only in 13 countries and a setup cost of 5000 for usa alone,worry,neutral
1694551671,@sera_bishop  sez need to get u to look at my flights again  will email ur work tonite,neutral,neutral
1961425011,@jessnextdoor aww...  try to rest na lang muna... ^^,worry,neutral
1963545918,@KMC1121 lol... im going to log off for about an hr lolz b4 I lose more followers  keep the #NOFAKERY movement going!,worry,neutral
1962166517,"@technclrninjoe i think thats what he is going for but he didnt have time to scan, do photo shop and stuff before work",worry,worry
1957026475,It's pissing me off and not letting me follow ericka,sadness,neutral
1957658212,"Think it may be time for a  lemsip soon, having a cold really sucks",hate,worry
1964768128,@angeltalks I would watch if I was at home,neutral,neutral
1753500206,"@dulani247 Yep, I do.",neutral,worry
1963785823,@mishacollins Yes it does. Please dont' go. If you die I will cry.. which normally leads to small animals getting harmed,worry,worry
1753291247,@paulbay1028 Bit of a lie -in. Eaten all the bread.  It's way too good to giveaway.,happiness,worry
1957704889,"lovely day again... hope it continues all weekend, I'm stuck at my desk today",love,worry
1695193995,"@icyjoey don't frown my lil aussie, I still love you! *muah*",worry,worry
1963066457,"Anybody out there having a beer right now? I hate drinking alone. Mrs T is oot  On the other hand, Mrs T is oot",fun,neutral
1750928543,"success! another paper demolished! the rock god lives on! 2 more...well, 1.5 to go. Yes!!! out to celebrate awesomeness ...",love,happiness
1957337655,"The time in Germany went by too fast, only 2 days left   Hopefully I will move here soon.",neutral,worry
1965477584,"@MrsDDoubleU no I want too, but a couple of people said it wasnt good",worry,worry
1958114779,@christineknight Poor love  Hope you get to relax somehow on the weekend.,sadness,worry
1960545040,@eboogiee smh Your whin with that comment,anger,neutral
1964146328,In Yucaipa. Gonna watch the game alone or what,neutral,neutral
1695923392,"@ArielSatriani what did you do?haha. just wash your feet and go to bed,mommas boy",happiness,neutral
1963215074,@luuloo  im really sorry i know wallah how u feel this life is shittttttttt,sadness,worry
1963039300,Sucky Sucky homework,worry,hate
1960902150,I'm too busy at work today...it is interferring with socializing,sadness,neutral
1962371468,I'm slightly disturbed by Hollyoaks tonight.  I really don't think it's something that should have been shown at 6.30pm...,worry,worry
1957301633,"Time for bed, oh how I wish someone was laying next to me",sadness,worry
1695728601,I only have one day left in school  My 16th is approaching,happiness,sadness
1956979917,@djmicdamn hey yu lil fucker i textd yu,empty,love
1962743994,"Only things left to do are to sweep and mop, load up the van, and go out and have fun tonight.",fun,neutral
1957411775,@DarynJones Your youtube account is down.,sadness,neutral
1963353091,OH NO ZOMBIEPIX DON'T FOLLOW ME ANYMORE... NEED SOMEONE TO CHEER ME UP,sadness,neutral
1957028775,I have forgot the live with the Jonas Brothers on Facebook,worry,neutral
1753696516,I'm not! They frighten me to death............I just like to see all the boys in their leathers!  ;) We go every year. Brilliant atmos!,worry,neutral
1751610302,my favourite song tonight is cheer it on by Tokyo Police Club,surprise,neutral
1752800145,Not quite sure what ace of cakes is or are. Gosh I'm tired. Loved bride wars. Fun night.,happiness,happiness
1960711232,the columbus blue jackes may be movieing to anew city to play at  thats sad news,sadness,worry
1750928270,Another loser: @meekakitty I hate you...LOST THE GAME #lostthegame  http://tinyurl.com/r8erc8,hate,hate
1965097548,"#millsthemusical  @lauzzaa i hope you've listened to some of these songs, they are so funny :L. i still haven't heard about ticks  x",neutral,worry
1752824174,@gregxgore Make her something. Buying something is too impersonal. She's your mom!,fun,neutral
1693996722,Good morning world,love,happiness
1752644724,"oficially mother's day! Hug &amp; kissa Ur mom today more than U do everyday  cooking 4 her is a good idea, i'm making enchiladas suizas =]",love,neutral
1960956204,@annakayh your not in school,empty,neutral
1753790362,Crawling into my den for the night now.,neutral,neutral
1752444329,"Had the super massive sandwich mom made last night,Ohh. It was yummy.. Btw, Happy Mother's Day mom!!",happiness,happiness
1961136154,@Jerome117 that and being so careless with her vocals.,worry,worry
1694455367,"I feel so stupid for saying this, but.... I DON'T KNOW HOW TO TWITTER SOME ONE PLEASE HELP ME. Ppl please do not laugh, ok laugh but...",worry,worry
1964967763,"@_AislinnTighee bhaha, its a teenage nightclub and i am at home when im supposed to be there. they had no fucking license. no more touch",hate,worry
1695580442,@YuraF Nope wasn't kidding at all.  Sometimes I think of you as Forest Gump (during his running years).,fun,neutral
1753789783,... I will launch (make or break) the alpha phase of my residential real estate rental website. (Commitment of first grade,worry,neutral
1961083396,I'm super hungry! Waiting for my biotch to feed me.,fun,worry
1694605282,"going on a picnic with my dad - atleast i persauded him out of the idea of walking &amp; cycling. yum, special k.",love,neutral
1964851036,stoped broadcasting on blogtv coz they all left  and was on my own and one one came any way xD,worry,neutral
1695163747,"@quinland  Yeah It Good But dont Click The Red X Because It Shuts It Down But Other Then That Its Good  And When U minimize It , It Goes..",fun,neutral
1961103202,Got people don't let me skip sci pratical becos skola is impt and cannot waste my parents money.  Nt fair.,sadness,worry
1957466403,Why don't any of my friends ever miss me  why do 40 year old pervs like me  why can't I be a shape shifter ((((((((((((((((((,worry,worry
1753254457,@iamoph Happy mothers day sharon,worry,love
1694952305,"@Runningfrommich, &lt;3 x9999999.",neutral,neutral
1961877720,You know your neck is jacked up when you are forced to pay for parking bc you can't turn you head to parallel park in the free spaces...,sadness,worry
1694880209,@jeffsgrippen it gets down to like 10C at night  and about 25C in the day,neutral,neutral
1753484460,"@bluecat7  i definitely will , although with the caveat  that i normally only read non fiction..but have more in recent years read novels",enthusiasm,neutral
1694929190,@Pink ur shows r amazin  keep it up ! x,happiness,neutral
1963178828,"has broken his wordpress MU powered blog, site OK, admin screwed",neutral,worry
1960122086,"We actually have milestones due for 3 high profile projects in the next 2 weeks, &amp; they are all scheduled when I am on vacation -",worry,worry
1751504096,"@rvagirl Oh I believe you...   sooo @RebeccaNavarro thinks she belongs elsewhere, I say I dont think so...",relief,worry
1694439222,@kaOz I love the smell of procrastination in the morning... oder so.,love,neutral
1960903914,@Rukkie    What To Say?,worry,neutral
1753177276,@r_u_b_y_l totes it's gonna be fun as bi-otch. yeah she'll do it... we'll make her!!,happiness,happiness
1752534625,@tamamic - Definitely following @TorontoStarMaps - I've been &quot;following&quot; the creator of this feature since 2005!,love,happiness
1753729536,Hurray for old friends with beer and lady friends!!!!,happiness,happiness
1753775522,you always seem to know exactly the right thing to say. thanks.  - http://ilikeucoz.com/m/1123 #youregreat,love,neutral
1963986591,"Every time it rains, I see at least 1 ambulance",worry,worry
1751466563,@TaeJun stellar  happy ma's day to them,love,happiness
1694273491,hope's she see her bestie today,worry,love
1694587201,@jennettemccurdy I LLLOOOVVVEEE ICARLY,love,worry
1965457190,already crying and the movie only started like 15mins ago,worry,worry
1966338008,I cant believe i blew off that cute guy and his friend who were selling us concert tickets  FML,surprise,worry
1753566109,@mileycyrus Airsoft is horrible!! Hope you didn't get hurt,worry,worry
1694109077,Startup? looking for an opportunity? check out - http://launchsiliconvalley.org,neutral,neutral
1752385089,@AndrewAesthetic  just wanted to say that I &lt;3 ur music(both the scene aesthetic n Danger Radio) Hopefully i will get to see u guys 1 day,love,neutral
1964291961,"@KevFP yeah i think it just depends on what you're doing with it, but at least im getting it for free  ill miss my sk though",neutral,worry
1957523936,I've got a dentist's appointment soon!  The drill feels like I've got my brain in a blender - not looking forward to it,worry,worry
1752288316,May 10 is Human Kindness Day.,happiness,worry
1961483948,@officialTila cant believe tila tequila was in ct and i didnt know... so upset,surprise,worry
1753679999,"As of today, @Peek_a_Bo0 and I have been going out for two years. Best two years ever",happiness,happiness
1964126308,I keep pulling out my knitting at my desk and then putting it back.  Not good!  Not good!    T-minus 15 minutes till release........,worry,neutral
1961072029,"@gonepie thats what doting husbands are for LOL!!  I hope that once my braces go on, I can eat normally again",worry,worry
1751288072,"@dwight_davis Are you headed to a conference?  Oh and if you're doing the book buying ban, you can always borrow, right?",neutral,neutral
1963296289,"28deg C in here, all this tech in my room does have the major downside of a lot of heat, doesn't help its hot outside 2",sadness,neutral
1962197430,"@gfalcone601 giii help me  i really wana find a gorgeous dress for prom, not long, mid length or short, anywhere in the uk. please help",worry,neutral
1751501969,@Hey_B @Cabbrock thank goodness!!,relief,happiness
1964676705,"@Goatzilla  im not that good yet, my parents still buy me clothes and stuff when i need them &gt;_&gt; but i dont get pocket money anymore",sadness,worry
1753696401,"going to eat some pasta bake, my favourite food! later going to the flea market @jadirox you're my lilime",love,worry
1750896590,@kayatee Haha no. I just connected my phone to my wifi.,neutral,worry
1957565022,oh my god. my twitter feed has been taken over by geeky stuff! @bmw @brampitolo @kodinlanewave @kenkeiter so funny! I wish i understood,sadness,sadness
1964097735,@Aonir I'm trying to convince @janeylicious to wait a bit to see Up! as well. She doesn't want to see it with me,sadness,worry
1965892983,"@kraeth She really loves that ride, doesn't she?  Too bad I wasn't there recording it",sadness,worry
1753499155,"@khairul She's unassuming and unpretentious. She's just, as. I suppose that's why she's so endearing--because we can relate to her",neutral,worry
1696179036,"Yes, he's really back!: I couldn't wait for this day to arrive and finally it's here! Gale is back!!!  I'm pos.. http://tinyurl.com/dzzaf5",happiness,neutral
1957737219,need to get a hand,neutral,worry
1965934622,Month end... still stuck in my office waiting for the stragglers to get there s#!t together.,neutral,worry
1957293485,Not excited of blowing out another candle today... [as when I was a kid!]   We gotta grow up soon or later...,worry,worry
1966123573,@KSegIII  my cousins moved there like 2 years ago and I miss them so much. I was just looking at their facebook and now im sad,sadness,worry
1960862057,@tcwmatt oh no!!!  well..... When you get back lots of pictures!!!,sadness,happiness
1750928576,Psyched for Mother's day at the GKR party--and teaching mom and dad about baseball,love,neutral
1956972270,I ate Something I don't know what it is... Why do I keep Telling things about food,worry,worry
1957679175,Got about 2 hours sleep.,neutral,neutral
1962146933,is frustrated by twitter...my picture will not load.,worry,worry
1957180100,My tongue still hurts.  I need to sleep!!!,worry,worry
1694124820,@crazytwism http://twitpic.com/416b7 - hey! nice pic,neutral,happiness
1966294327,@gimboland sorry change of plans for me   :'( revision for monday exam in a park with one of my friends,sadness,neutral
1696135181,@peebles95 call me later so i can tell you all about the weekend. Easier over phone.,fun,neutral
1693995832,Waiting on laundry to finish so I can go HOME. Think I'll do my nails while I wait,worry,worry
1960190630,"sorry paul scheuring, but prison break series finale sucked... in so many levels",hate,worry
1957640928,"fine, i give in, docs again today. not being able to breath this morning made me think i should. hate docs",neutral,worry
1695376124,@RX2904 Nice! You should submit that to failblog.org,happiness,neutral
1957238377,..i graduate today,neutral,neutral
1753328734,@shuttler oooh that's clever. I bow to your economic wisdom sensei,neutral,neutral
1961188370,UNC budget  cuts may rise to 18%   http://tinyurl.com/mdm5tp,worry,neutral
1962170334,@kt__d  make it go awayyyyy,neutral,neutral
1751000793,@Franca Honored to tweet ya...,love,happiness
1960716755,I'm very conflicted here.  I really like Mike but I still have feelings for Darrin.  It's really complicated.  I don't know what to do.,worry,worry
1694255873,@MissJia *kiss kiss* stu deezy off to bed to have sweet dreams of you ma'am  hehe xxoxo,love,neutral
1753745235,"@caromans Would applaud self-validation for all sorts of good theological, psychological &amp; sociological reasons. But agree - lighten up!",fun,neutral
1964974515,time for bed.....got some learning to do tomorrow with an early start  night night good people xxx,happiness,neutral
1753135493,"@carinafox5 Wishing you a very Happy Mother's Day, Carina!!  Hugs...Joy",love,love
1958036498,@kateesslemont i tried. and failed,sadness,worry
1957397410,@bb_nation just launched twittix v1.10 - not convinced,hate,worry
1961549493,mymaths time....if only i cud read the mind of a nerd durin the exam,neutral,worry
1753837307,"@daniellebabeyy babe  ive been aight, urselff?",worry,love
1694704945,excited to jam + and auditions,happiness,happiness
1960494488,It's sooo hot 2day!! Put a ton of sunblock on before jogging; still think my face burnt though!,worry,worry
1957714009,"Leaving for Paris tonight. Trying to cram all my assignments for the week done in two days.   I think I'm half done, I hope.",worry,worry
1957355791,@charlietotem just a concert i can't go to due to trials,worry,sadness
1752699701,Hmm. Might try this out for tomorrow.  http://bit.ly/u5rAC,neutral,neutral
1753757097,Just downloaded parnoid,worry,neutral
1963938668,my deep fry drumsticks were not as good as i thought they would be,worry,neutral
1965726480,@ce_ci ewww poor you  wish you all the best! thank God there is Rolland Garros this month isn't?! ;P,happiness,worry
1694456014,"Well after a glorious weekend, it's only bloody raining... Nice BH in order then!",sadness,happiness
1957324684,Off to work I go,worry,neutral
1965843502,milkshake + hot day = unsettled stomach,empty,worry
1963088205,Nana got moved. No more funny old woman stories,surprise,neutral
1694147290,eating hawain pizza for breakfast  its a bit cold,neutral,neutral
1963426674,"ugh, not sure i have the patience or remaining intelligence at this point in the day (week?) to refactor and rewrite this package of code",worry,neutral
1751430141,Yaay congrats Shmolan on graduating  I'm proud of you!! Have fun! &lt;3,happiness,happiness
1694382017,"@Sazchik I'm in Devon this weekend! Cloudy, but dry.",happiness,neutral
1751503446,I gave a homeless lady named Ruby an Ice Cream sandwich and a cigarette.  That is my g00d deed for the day. :p,happiness,neutral
1696134061,@AlGov lmao I'm glad I'm not the only one,fun,worry
1964650536,had best get revising over da weekend got an exam on Monday for 2 hours!!!!!!!,worry,neutral
1963569138,@TreeinCally  He's got adjusting his mate's online shop... Zzzzzzzzzzzzzzz... Boring...,empty,neutral
1751250234,"@NikiScherzinger Hi Nic, i was so excited to heard that PCD will perform in Jakarta. I hope u will visit my town, Bali as well. Love Ya !",love,happiness
1695964772,at school right now,neutral,neutral
1957636107,"oh dear, I'm being followed by someone that claims to help you stay young  the end is nigh",worry,neutral
1963406969,Have to leave twitter alone for the night..last night in Barcelona   back to Philly tomorrow. Hope u all have a great Friday! Muahh!!,fun,happiness
1965312469,Poor dead Josh.  http://bit.ly/JKpHn  Please leave your messages of condolences there.  #boy #rip,surprise,worry
1964669465,its raining,neutral,hate
1962170645,Bored and lonely at work,sadness,sadness
1960663959,"Once again, I'm dealing with cancer in my direct family. Bugger  Cancel sucks!",sadness,worry
1695962292,@SwitchingGranny it is my honor,love,happiness
1957035564,I spilled my beer all over my leg. Wasted half my beer.  Home now. I met a cute girl. Good conversation.,happiness,worry
1962216862,I'm a lil sad looks like nomore brooklyn 4 a while WTF @lailashah,relief,worry
1957502951,assignments!,neutral,neutral
1960807693,"@bookaliciouspam Hey welcome to VA, LOL.  It's muggy up here by DC too.  Worst part of summer I'd say",happiness,neutral
1962027018,@travisroberts What would you know about packing? You're making poor Lauren do it all.,worry,worry
1963814400,I hate watchn things that make me sad n wana cry,sadness,sadness
1962212853,"@RNconsult alarm watch + pill name display for functioning Alzheimer patients w/b key; hear alarm &amp; ask, &quot;What is that noise about?&quot;",neutral,neutral
1958092381,Got three shots today.   I can't lift my arms...,sadness,worry
1696044589,"@brinahaha i'm just starting it brinn, guess what?? i get my laptop back  but i can't use the messenger, hate it.",love,worry
1965868857,heyheyheyheyehyeyyyyyyyyyyyyyyyy noo tokio hotel tshirts im friad omg shame,empty,happiness
1752351564,@hxcfairy No wonder we're married.   Night love. &lt;3,love,worry
1963353114,Last day of work. Taking myself off of all these shared googledocs... actually kinda getting to me,sadness,happiness
1753450315,@YoGottiKOM when u gonna come show minnesota some love though hun?!,relief,love
1960425218,"@johannabee Oh, no.    I'll think good thoughts.",worry,happiness
1966171271,laying across my bed... hurt my back a few days ago,neutral,worry
1694035538,now we are cuddling.  girl cuddles are so fun and soft,love,love
1694402139,@SarahAMurdoch everyone loves u sarah not just the tweeters! the today show couldnt stop raving about your beautifulness...,surprise,love
1694164901,@kasey79 yeah that too,neutral,neutral
1961067694,@CheeHsien IT WAS JAM ALL OVER THE ISLAND! Till I'm havin migraine now!,worry,worry
1963875923,"@pro01, @if__fi: ??????? ?? ?? ?? ??????. ? ?? ???, ???? ?? ??? 100 ????, ?? ?? ?? ?? ?????",neutral,neutral
1957478985,"@kegrocks I did one last night  it will be available in dvd, blue ray, and digital download via the iTunes store by the end of the week",neutral,neutral
1751466394,@dhgarske ha. nothing any man does is right on mothers day except for taking kids off mum's hands for whole day,neutral,neutral
1961409415,"Ben &amp; Jerry's fail. Got email for free ice cream. Says click here to redeem coupon. When I click, I get error message  @cherrygarcia",sadness,worry
1753634090,"@Jamie_127 good morning  one m,ore day YAY! #TwitterTakeover",happiness,happiness
1751289491,"@TsWendyWilliams AND, We have your fabulous interracial gangbang!  WOOT!",neutral,love
1751325216,@esmeg discover a whole new beautiful you,love,happiness
1957342084,@arania nope i cant figure out how to get the updates on my blackberry. . . i need to go running too,neutral,worry
1961430280,Damn being broke on the day Guitar Hero Metallica comes out!  Boooooooo,worry,love
1695441058,@oninobaka you know it's a place with &quot;Action&quot;,enthusiasm,neutral
1961613212,@mykesinatra  NOooo FB has been good to me..especially for the love of conversation,neutral,neutral
1963734043,@erockett89 i wish i was home in bed naked,neutral,neutral
1960143734,its my last friday of my high school years!,sadness,worry
1694275102,"is planning for surviving financial status after quitting my job, gotta find a new job within 4 months",worry,worry
1694879793,Woo - got a fast mobile broadband connection now,fun,worry
1752797345,"@slicksean I'd love that. And, don't think of it as easy. Think of it as enthusiastic.",sadness,love
1962163633,@azina too late...now it just hurts.,worry,worry
1753466925,Sleepy time..   happy mothers day all u momz,relief,love
1693997542,@MFlanders no I like be able to say it and it be the truth. Instead of some magical mystery tour I get led on.,love,worry
1753582585,"@mslittlekho love this one, especially the shoes  anyway, gmn punya acc lookbook ya? http://lookbook.nu/look/92920",relief,love
1965212590,i'm oh so very bored!  buut.. almost 2 days til i leave for france!,enthusiasm,worry
1964887227,"im getting really spotty and my spots ALWAYS scar... and NO its not because i pick them, even if i dont,they scar- FACT  my skin sucks",worry,worry
1694606118,Good morning!,neutral,happiness
1696088052,@boomerous Discrimination is not a bad thing. I've learned to say no. My children would say I mastered that years ago,neutral,worry
1965582249,"@JRKNaughtyAngel You lucky girl! I also wanna see them (again LOL) I wish they'd come to europe again, but I doubt that",love,worry
1957508406,Going back to Manila this evening. All my trips to Cebu are so bitin.,happiness,neutral
1965328081,"watching a film, recovering from my operation",surprise,worry
1963460555,"@hihihammy yeah. because i'll have to go tomorrow morning and get picked up early sunday, so i see no reason to go the whole weekend",relief,neutral
1694032954,"@psymon_spark heheh.  Odd though, I thought a couple of the others I'd done were better",neutral,worry
1964378785,I am very bummed that there are no babydoll or spaghetti-strap tank Three Wolf Moon t-shirts. Love the meme; hate wearing a fabric box.,sadness,sadness
1753072218,"@suppz yeah, but Mr. Mom's I would say, appreciate their wives much more than the avg dad   I have a new found respect for mothers now",love,neutral
1753634041,@fletcherxx maxxie and anwar. ep 5? i think. i am up to that one next.,worry,worry
1695766650,Today is a very good day,love,happiness
1964643316,I dont like this random gloomy weather,sadness,sadness
1962144262,FML i just spilled my entire can of diet coke IN MY LAP. yay,empty,neutral
1965965380,getting dinner ready not much going on in my life it seems,neutral,worry
1957563695,Enjoying the nice couple dad with my brother to bad we never really see each other anymore...,sadness,love
1751359417,Mock AP Chemistry exam today! Then to Central Park!  Is there gonna be a AP Chem v. AP Bio tournament?!,relief,neutral
1753155297,@freddurst I am semi in love with you. Just so ya know,love,love
1962566717,@sheenstar dont get too excited bby i hear thunder rolling in,empty,happiness
1960667439,"there are many jobs I aspire to, supervisor is not one of them  talk about too much stress for too little pay",worry,worry
1751397132,678 triple 98212,neutral,fun
1966163691,@nomadiquemc I want to be at @urbangrind,worry,worry
1694419239,haha wow there's a song called 'hit me on twitter' lmao. okay g'night,happiness,happiness
1753744886,@chasepino ur funny  gnight,fun,happiness
1961969150,@repressd Tell my work to give me two days off in a row! Stat! I'm full time I'm supposed to have priority,fun,neutral
1751785908,@David_Henrie have fun dude. Love u on &quot;wizards of waverly place&quot;!!!,love,love
1694238206,@kindlebookclub pea plants!,neutral,surprise
1962024779,is stressin h-core. and is supposed to be cleaning her room. and feels like crap.,sadness,worry
1695001498,@A12291994 you are lame  go make me breakfast!!,surprise,worry
1961831968,i just fell going into my house.. not fun,worry,sadness
1965475001,now i dont feel so good,worry,worry
1957519529,? MADAYA KA CHRISTIAN. BLEH!!! I HATE U  http://plurk.com/p/wy2yg,hate,hate
1961268384,@novemberlight I sometimes fail,sadness,worry
1695729833,Having a lazy bank holiday monday,worry,sadness
1753156649,@samthepenguin Wowza o____O you went the whole hog then,neutral,neutral
1753138280,@NKOTBSummertime LMAO. Joey is mine  I cant wait to meet them in july!,love,worry
1957219077,"still has half a math worksheet, science WB pages + worksheet, and english to go! feels a sniffle and dry eyes coming along too.",worry,neutral
1961687799,Starting to get sad.,sadness,worry
1753432712,@lis0r i love electro house,love,love
1962686542,back from taking jarid to the airport  but looking forward to meeting my new nephew in 5 days.,enthusiasm,neutral
1695803813,Happy Star Wars day!!  unbelievable,happiness,happiness
1966041160,Startin to get a head ache!!!! Uuuggghh!!!,worry,worry
1695083503,"@Frozen2theSword YAY! Hope your day at work is wonderful, Sis! We have a Bank Holiday in England today so everyone is off work",happiness,neutral
1752673633,"@mdjensen I'm a little late but congratulations on your 1st tri, it's a great accomplishment...good night",happiness,happiness
1694706751,Good morning!  Just took the longest shower ive ever taken in my life. Like 45 to 50 min shower!! Woah. lol,happiness,happiness
1958058583,"Just finished work nd now waiting in the freezing cold drinking a mango magic, haha FAIL T.T mama, wheree are yu ? I'm cold",relief,worry
1694239965,@Gailporter congrats! You're the first person i've heard/read say that today,neutral,neutral
1957343450,"Google Wave looks cool. I should be working for these guys, I came up with some of these ideas years ago.  http://tinyurl.com/m77gp7",enthusiasm,neutral
1752894703,@mrskutcher I agree... And child labour laws are so old and out dated.,surprise,worry
1752322242,"Star Trek in IMAX  with Kojikun, seastar, Brian, and George.",neutral,happiness
1965958098,"Uggh everything, I'm sending you!!! I keep sending it to my Twitter. So I have to forward it to you!!! I suck at life",sadness,worry
1957349765,Getting rather annoyed at my notebook. I know it's old and has got wrinkles but it's never been this slow before,surprise,worry
1694644964,@Loebette Hooray! Your avatar is back! Wil go and put it in the Gardeners zone now,happiness,neutral
1694292073,@dragonflly93 I'm writing more fanfic.,neutral,neutral
1753616216,Loving Lego Indiana Jones. A game-researching aracheologist's dream,love,love
1957103043,"friday here at last, not much fun when your skint though",neutral,sadness
1966091796,@tmjassociation y does it hurt so much? i can't even chew gum.  i've lost so much weight because i can't even eat,worry,worry
1962241408,@NormaBecerra the washer se chingo  ha  ha!! I'm busting my grandma lucia waaaaay back in the early 90's lol,happiness,neutral
1752382771,is watching the canucks,neutral,neutral
1751289575,@TheFifthSister So true!,neutral,sadness
1694309672,@NikkiPilkington Mr Tweet I think,neutral,neutral
1964835623,is not getting her posts posted to the topics,neutral,neutral
1964125324,TODAY IS A GOOD DAY BUT ITS COLD,relief,worry
1751985812,@swfanworks --that came to my mind. So I said it. And it has now been adapted into my family's vocabulary,neutral,neutral
1965564373,It hurts to breathe again.. Why?,worry,worry
1695137185,It's my birthday today  Running the mile tomorrow ughh. But then choir concert,relief,happiness
1962141171,@nick_carter The video is set to private,neutral,neutral
1960266393,It's tough being a thick chik,worry,worry
1960999059,why does zero have to have thomas in it?,sadness,worry
1753902381,OMG!!! am luat examenul la SPSS! Me so happy!,surprise,neutral
1695694079,@kazab I like them. I mean I like what's left of them.,fun,worry
1694458351,Don't let the sun catch you crying - Oh my.. so cool  http://tinyurl.com/cugy8c,enthusiasm,worry
1693994952,"@xxm0rgann aww morgan, i wish i could have realized that a while ago instead of putting myself through it.. your strong and i love you&lt;3",worry,worry
1695054186,@Rhonddalad yeah hun it was a good night  my ankile is even more fucked now tho,worry,worry
1963464350,"is having a profitable day!  Looking forward to Sunday...gonna be a great day -- sad, too, because it's the 5th graders last day!",sadness,happiness
1965830280,"@SaadZaeem nothing much man, waiting for my Insurance card to come through... Cant get any workdone here w/o it... Redtape",worry,worry
1753049334,"@Meshel_Laurie sending love, blessings &amp; healing thoughts to you &amp; family  peace",relief,love
1961924793,Last day of high school  i'm gonna miss all my friends,sadness,sadness
1695109191,@jehllai hahaha my boyfriend! yeah he looked so different there... but he's so cute... i so want to watch the movie...,love,worry
1964971370,"alright, so day was going well, but got home, and all my potato salad was gone",happiness,happiness
1753158188,"Standin in a forest, just got the maddest photos taken",neutral,happiness
1752442787,@denverflyhigh Man it will be a sweep no worries,worry,worry
1964450798,@lipzs0juicy I was in the shower  sorrrrrryyy,neutral,neutral
1957527906,@madeofhoney1 im sorry. i dont wanna cuz of how u act. u just turn right around and ignore me and all that,sadness,worry
1752054005,I'm going to go check out DJ Volt.,enthusiasm,neutral
1753049668,Happy Mother's Day to all mothers,love,love
1753743087,"@howie_d  I'm really happy for u n leigh  thnx for sharing this happiness with us, this means the world to us all!  love ya! Marta",happiness,love
1964965917,"i'm sunburnt on my arms, and i have burnt my mouth, and some skin is coming off",sadness,worry
1960674625,@JamesDReid i got coupons to Popeye's chicken but I'll probably end up getting a burrito at freshii - this salad joint. healthy,fun,neutral
1961092032,@dooce I don't. I hope it takes them a good long while to recover.,relief,worry
1960589360,got fever and is now half-dead.,worry,worry
1753331915,@chasepino oh chase. i love you. you make me laugh &amp; btw you were surely were dropped on the head as a baby.,love,neutral
1960496091,Wants somebody to cheer her up,worry,neutral
1962219911,this chipotle line is out the door! but I really want it!!,relief,neutral
1751573911,"Sitting at the bonfire, hoping the skies will clears i can use my telescope.",worry,neutral
1753008732,@jaimedr Thanks for the recommendation,happiness,neutral
1964085747,Wish my headache/almost migraine would go away!,anger,sadness
1958044331,"eughhhh feels really ill today  - headache, bunged up and a sore throat - hayfever?",worry,worry
1963732474,"Not making good time, fucking Chicago traffic  - Photo: http://bkite.com/07XOh",sadness,neutral
1751644752,Had a ton of fun w muffin today,happiness,happiness
1961153481,"Anyone got any goss yet on the supernatural convention in birmingham, been waiting patiently!",neutral,neutral
1957080579,I'm poorly and can't sleep,sadness,worry
1695191576,@mileycyrus Hey! r u back in La right now?What was ur favorite part bout Europe? I've never been out of the country xcept Canada  XO Jenna,neutral,neutral
1957477724,My stomach is all EXPLODE from the wendys  why is everything that tastes good bad for you?,anger,worry
1752873532,still eatin lunch.....n readin comments about last nite....da best comment i receive was &quot;You really brought Anne to life!&quot;,surprise,neutral
1965515154,@argonman ouch.,neutral,neutral
1957231837,Gotta go back out there.,neutral,neutral
1963813235,@qcmartinez it's cloudy and damp over here too. i hope it doesnt rain for tonite's track meet  i'd hate to do interviews in the rain,worry,worry
1695961350,@RWAneesa have a safe flight...,relief,relief
1964729293,"@MuchMusic i saw the new cities last tuesday, amazing show! and won tickets for tomorrow's show, but might not be able to make it",fun,happiness
1753869105,Happy Mother's Day!  @&gt;---&gt;---&gt;--- A rose for YOU!,surprise,love
1961688149,Feel like death  evil headache and need to pack and drive to parents. Bum.,sadness,worry
1694257739,http://slingalink.com/eVicE1 my daughters kindergarden  !,happiness,love
1962484540,@brooke_nichole i miss my earrings  lol you should let me know when your close by,worry,worry
1961132632,@iphonegirl totally! except we can't ride on the sidewalk like when we were kids.  a lot more safe than on the road with crazy drivers.,fun,neutral
1960340901,@moniqhar heeeeey! You abandoned me here on Twitter momma dots?,neutral,neutral
1753467002,happy mother's day,love,love
1694473495,@unpolishedgem I love avocado shakes!  Especially so when blended with gula melaka and a touch of santan... noice,fun,love
1966113748,"My mom has annoyed the living crap outta me, so now we're on AOL Radio, looking for Brooks &amp; Dunn.",worry,neutral
1695054254,getting my phone back this week  yeeeewww,worry,worry
1957404489,anticipating a tough day ahead,worry,happiness
1694184901,@djksly Lol Only if you make me that cookie.  I'll hit you up.,neutral,neutral
1695729983,90210 9pm  I laaaaaaaaave it.,love,neutral
1695922066,@MelodyLeaLamb Big Thanks Melody!  Gotta love that sunshine-lots of vit D,love,love
1962919980,@ep31 well twitter doesn't even work from my phone anymore,hate,worry
1751854259,"@trswift hahahaha nice. i gave up on bio cos idk what the hell i'm doing, so hello chem",love,neutral
1957403098,How freaking cold is it out in Sydney tonight...,hate,worry
1962064627,"Whew, the first night and day of summer were.....very sad  But, I have Jess's grad party to go to tonight!!!",happiness,sadness
1751396641,@tangokjewelry LOL!  Too true,neutral,neutral
1962934276,@Tamsin1234 and I didn't get your myspak comment  big sad,neutral,worry
1751467857,"Watching water boy  about to grub on some carnisada. Yum,Yum!!",happiness,neutral
1958075811,Off to work now apparently sun shining not a valid excuse to stay home,sadness,neutral
1694929615,thanks @josephadamx3,neutral,happiness
1753807128,happy mother's day!!!     gr8 day,love,love
1964577912,"im sick,youre sick. imy",sadness,worry
1960129867,@mikeavila ack! I just read about your show  that's horrible!!! No accounting for taste.,anger,neutral
1965387005,Laying in bed til workkk... Oh the life. Definitely pinched a nerve.,worry,worry
1752591098,@elm8 my sentiments exactly,neutral,worry
1752798915,@ggenung gables apartments has corporate and their nice.,neutral,neutral
1966269898,@LovelyAaris That's not fair! I'm hungry as hell,enthusiasm,worry
1960585833,Weather sucks!!... It's raining again!!,hate,sadness
1753820382,@Reemski Might be a while before I get around to it. Not sure if I will make it flat out in HTML or through WordPress. .. Fun fun fun,happiness,neutral
1962976641,@chacesmithphoto will do! I may just have to keep it on my shelf with the rest of my old cameras,neutral,worry
1957042862,"lyin in bed, up faaaaar too early",neutral,neutral
1694110242,"Home, good night world",neutral,happiness
1961740911,Weekend is getting close. Too bad I'll be stuck up north  Hopefully I'll be able to get out next weekend for some real life fun.,sadness,worry
1753694445,"Good night all... Just set this twitter thing up. I'm very new at this, but I expect it to come in handy.",worry,neutral
1960623426,at a auto shop getting m suv fix ugh more $   http://twitpic.com/66of2,love,worry
1965920475,@natsolovelyx3: I knowww yur mother is being a bitch and she doesn't want to take me to the movies  bitch,sadness,hate
1961524501,"Going home  but when i get home , BLACK BERRY ! WOO HOO  . . . and get to see presten ! &lt;3",worry,worry
1964743022,Coco still out,neutral,neutral
1751784712,@emma_daarling haha yah it's walking distance from my house  Mission Tiki Drive-In haha every summer we go like every weekend,fun,happiness
1964708377,@Nairtseuqe so my son is not the only one!  that's really nice to know.  he really is good at being three. and dh will be late today,happiness,worry
1695053946,putting up a half naked dougie poster  i love sugar's ladmag,love,love
1753311852,@kgopal Ah! Thank you!,relief,happiness
1960754647,missing ontario..,sadness,sadness
1961925614,@neeshababyyy they won't  guys are retarded!,sadness,worry
1752414248,Congratulation's to phil packer on completing the london marathon  x a shining example to us all x,enthusiasm,neutral
1962575436,comes home in two days,neutral,neutral
1694238022,Rachmaninoff makes me a happy panda.,happiness,happiness
1966295263,Little kids annoy the hell outa me by being all active and shouting and attacking me Etc.,worry,neutral
1753851954,"Early bird gets the worm.  And in my case, birder gets to witness the carnage.",enthusiasm,neutral
1960945895,Back to the salt mine for my one day work week. So much to do.,worry,neutral
1751070308,@dorkchops WOOHOOO very cool see I knew u would get to see her,surprise,happiness
1961760301,"Finally got to wash my hair! I feel much better now, but I gotta dry it ... Effffffort.",relief,worry
1957347056,iï¿½m ill.. bueeee..,neutral,neutral
1753790877,"@sandy195850 we have two small dogs, good to hear that Center Parcs wd take them. Cruising to New York on the Queen Mary 2, real treat",worry,neutral
1961081257,what am I going to do without my @brandinmusic?!  SKYPE! haha,sadness,worry
1966311359,mannnn...  why aint my music working,sadness,neutral
1753516272,is back at home...had a great day  http://plurk.com/p/svkc8,happiness,happiness
1694976241,@iantalbot  Who was it that said Vive le difference to me only the other day? ;-),empty,neutral
1752590796,@jtimberlake DAMN YOU KILLED IT ON SNL...THAT WAS GOOD STUFF I WAS CRYING W/LAUGHTER @jimmyfallon broke you i love it,sadness,worry
1960428582,@DonnieWahlberg I'm not feeling very inspired today...I was suppose to be @ the B'ham concert tonight!,sadness,worry
1694953100,"gooooooodmorning world(: god bless, and have a great day!",worry,happiness
1961767865,"@tommcfly I really hope you see my tweets. Sent you so much, I swear. Do a tour in the Philippines, please?  *prays*",fun,worry
1957249452,"@kesoleil Oh man, Did Yogg today. Worse than last week.",sadness,worry
1695249070,@purplelace424 ya mine too but for very different reason,worry,neutral
1752824207,"@peebilicious and @emnguyens: Aww, thank you!  I love you girls&lt;333333",love,love
1752125411,@phinnia *hugs hugs hugs* I'm glad you're feeling better.,love,relief
1753500668,@CORiNALYNN I had so much fun with my bffs and iyla!!  love you!!!,love,love
1694550421,@DHughesy no your just experiencing the joys of parenthood,neutral,love
1966290774,@katevoegele I wish you weren't going to a 19+ venue in Vancouver,worry,happiness
1694258746,"Going to have one last cig, then head to bed. Night Tweeters.",neutral,worry
1753870862,And I am off to my sister's to partyyyy!,happiness,worry
1962483516,"Im feeling so nostalgic. Im sad. But happy. I don't now how to feel. It's over, but not at the same time. It just feels over.  i love you.",sadness,worry
1958090725,Rod stewart's new song,neutral,neutral
1751394218,@jaystokes4 lol oh ok..well n that case..thank u,surprise,happiness
1694880994,"@Lurkine Would you travel to the UK for one?  The big US meets sound great, I'd love to go to one of those, so many furs &amp; so much art",fun,neutral
1965291661,i think i just good stood up...,sadness,worry
1961685750,i need a jb but i dread the fact that it will have to be retail this summer,sadness,worry
1694331249,@clumsy_steph yeah school sucks totally. yea you can be so grateful that you got a better place  man i cant tell you how excited i am hul,happiness,worry
1963373647,So Chicago is pretty much sold out of tshirts now,sadness,neutral
1962562033,Why doesn't Twitter extend the number limit a littttttle bit? Until 160 atleast?,surprise,neutral
1753095481,@WollemiPine Or nudge the partner! Good birthday/ christmas/ I just want to buy you something gift!,love,neutral
1753756896,@courtpet hmmm no but I am member of knitterati.com.au what is ravelry offer?,neutral,worry
1752533510,@em1234 hahhaha indeed  kinda like the spoon... hahaha,happiness,worry
1752535935,"Such a good little Saturday. Didn't include Bed Bath and Beyond, but Borders was on the list. Can't wait for tomorrow. Good day planned",relief,neutral
1751716136,@christinerose Congratulations on winning the Indie Award,love,happiness
1695546573,@pativalen im going to have to  i hardly ever travel!,worry,worry
1694977596,@AllisonNazarian oof. perhaps it's time to start a #moronmonday shout-out meme,neutral,neutral
1694127829,wow heather,surprise,happiness
1960258523,@Caius the gloss screen on my macbook would probably rule me out,worry,neutral
1960674778,@MarceloN rlly dead?  Descanse em paz... #luto #sad #RIP,worry,neutral
1965456223,@ShesElectric_ was yeah... work in 7 hrs  how you,neutral,neutral
1753159224,Having first beer in over 8 days what has happened to me and Im only having it cause Miss 8 wanted to get me one for mothers day.,neutral,worry
1957501496,wishes wag na sana ma reject thesis proposal ko nadedepress na ko eh (goodluck) (annoyed)  http://plurk.com/p/wy27u,neutral,neutral
1694880615,@createtomorrow good morning! Got to be afternoon in Germany,worry,happiness
1753772523,"@Sarcasmoo ... Waited for the band before the Singapore show, met Chris M and got tickets... Nothing you don't know!",neutral,neutral
1966035380,I can't find Tom Price on the tweeterwall,neutral,neutral
1964891929,@xplode hahaha wow thanks bud :p but my plan is to pretend its a costume... I wish it were cold so i could wear a sweatshirt over this,relief,neutral
1752942495,is going to bed soon. happy mothers day to all the mothers  &lt;333 ryan less than 3 weeks :],love,neutral
1963301324,"Whoo, BGT!! I really must multi-task and do my Art work at the same time though, back at College on Monday!!",worry,neutral
1695476797,@Poynter_sex it was indeed  made my life!,surprise,happiness
1961289110,finally got out of a 12 km traffic jam. we'll probably not be able to make it in time for a few laps tonight,happiness,neutral
1961516915,I saw the sun..... but then I blink and it was gone,worry,worry
1695475775,@CobrokeNation Good Morning,love,happiness
1962220084,new neighbors are moving in.... off to give my brazil presentation that i shouldve given on wed!!! but some people went overtime,empty,neutral
1965831301,@gregorybayne I'm so sad I wish I was going to,worry,sadness
1964595078,Work is an evil whore. That doesn't let me check my text messages,worry,neutral
1960460076,That damn money sign. Ugh.,neutral,worry
1753534585,@ANGiExcoco3 hay wats ur AIM? we should chat,worry,neutral
1753820084,"hopping in the shower,  @ricandhislife you can help me tidy my room  its a shit hole, mums fucking friends",hate,neutral
1965814211,@mr_craig Tried to follow one of your #FF recommendations but &quot;have been blocked from following by request of the user&quot;,neutral,neutral
1753665900,...and a big bag to take up as well as a rain coat. This is the bad part about having to places to live  Twitter Later  xxx,worry,neutral
1963874089,"@selenagomez Hey selena, i'm your brazilian fan, and i love you so much. you're my inspiration, please, reply me",love,love
1695282010,The sun is shining  Have a great day,happiness,happiness
1957254388,@anant25121986 it is so unfair that all the good rock shows happen only in B'lore and Pune,sadness,worry
1694309720,"@dr_aureole Oh my gosh, so cute!!!",love,worry
1957070273,@MandyAlwaysKnws nope.  they are all sleeping cuz they live on the east coast.,surprise,neutral
1964224876,"Changing to work,.",neutral,neutral
1752020034,@NeishaNay im gone miss ya'll Lol.don laugh@me im serious.its bittersweet. lookin forward 2goin home but cant wait till nx semester!,worry,worry
1964536867,@xheiligsein We decided I'd probably forget I had it in my pocket and sit on it by accident,neutral,worry
1753757785,@TMJP actually i would prefer you not check me out .....,worry,neutral
1753567424,I WANT RED CRUISERS!!  i don't like the other ones. LMFAO!,fun,worry
1752987171,@bbheaven,neutral,neutral
1694770960,@Falcon1991 Link !,neutral,neutral
1961897264,"Ugh, I'm definitely going to be sick. It's coming and it's going to suck.",worry,worry
1694952328,@walkaboutgroup Have fun guys! We're about 55 days behind you,happiness,happiness
1750999653,"@animesnob yeah i checked it, pretty nice site",worry,neutral
1753599449,"@jakeyboy26 cool, i'm glad you had a good time.  x",surprise,happiness
1753727565,is wishing all of the mother's out there a very Happy Mother's Day!! Love ya!,love,love
1956984894,I miss Voobys!,neutral,sadness
1962147085,@Mike_WSt the wheater here in Austria should be bad for the whole weekend. Sorry!,worry,worry
1961431798,Seriously. I dont like girls.,neutral,worry
1964369771,@julezykins must be kidding. No boys (definately)(I hope anyway o_O) and no girls (probably) honest I must be proper ugly no-one likes me,sadness,worry
1694456542,Going to bed. Talk to ya later!  goodnight birdies LOL,love,neutral
1960165822,i never get any followfridays,sadness,worry
1694403147,@BigHugClub that gets around the problem I had of doing it all myself  good idea.,sadness,worry
1963519712,my sunburn is starting to peel,empty,worry
1961213849,Just found out my Abuelo in Aguadilla is not doing well,worry,neutral
1963325146,there's no point in bein on here if no one else in on,worry,neutral
1753483523,At Twin Peaks. High  Yay!,neutral,happiness
1962840471,u ever have a friend that u just wonder why are we friends? i know what you get from me but i'm questioning what i'm getting from u.,sadness,worry
1957130797,"@askegg I'm sorry, Andrew. I wish there was something I could do...",sadness,worry
1964651648,@irishjonasfan lol now your making me feel bad for not coming on  lol,sadness,worry
1964399113,@jen_dang my phone is still broken.  just come over whenever.,neutral,worry
1962201280,Lunch isn't until 1:00 but I'm already so hungry.,worry,neutral
1753073294,See FTSK tonight in Grand Rapids,worry,fun
1753096721,Drivin home and listenin to 50! fucking lightweights! left me stag! bullshit!  love you though  especially you toesha  haha HA!,happiness,love
1960383540,@danielrhodes I worked on the precursor to bing at msft. They canned our project,worry,neutral
1961923851,Why can't I make a phone call! I hate this anxiety crap. Someone cure me,worry,worry
1962559728,"@katschio  I was completely enraptured by your fascinating updates on your testing! What will I do now?! Oh, wait--Yeah. Work. Of course.",sadness,neutral
1751537912,@officialjosephj Hahhaa okaay ily! Lmfao,fun,worry
1753096317,@DinoLich I know! But I still want to see it,happiness,worry
1752323416,I had a GREAT night with Justine and the boys and all the westconn people I met tonight haha,happiness,happiness
1965765082,How amazing is hollyoaks! But my poor warren lmao!,sadness,worry
1753009923,"@Chi_twnzfinest Happy birthday, sweetie. Have a great day in the best place of the word (sorry Chicago  jeje",happiness,happiness
1752088802,@mrskutcher How do you include an uploaded photo with your tweet??  I'm new...thanks,neutral,neutral
1753869124,@Rebekah_Mcfly how cool will that be  she is so nice!! Bless her=] so what ya upto? Love you (L) XoxoX,happiness,love
1752443221,@leekingx3 It was on my CNN subscription on Google Reader. I couldn't help but repost it,neutral,neutral
1963039778,@oleg_s Can't test it...my demo license expired yesterday,sadness,neutral
1963370937,@lilmickee what dey do homie? I wish it would stop raining already!! Plus my vacay is almost over,love,neutral
1752965325,goodnight to all.,love,neutral
1753727482,Hello everyone im just sitting here rocking out to 9412 sam on the air The best classic rock station on twitter here,happiness,neutral
1694437619,"Is at coffee bean, met Dean",fun,neutral
1964089255,@mikeconaty i know the feeling.,neutral,worry
1961062763,My shirt is a fuzz magnet today and I feel totally uncomfortable,worry,worry
1965462998,sorry I've been away for so long exams comin up  plz pray for me ya'll,worry,worry
1962323750,School Over!!! I'm gonna miss a bunch of people,sadness,sadness
1957299195,There is something wrong with me! I'm so tired I can barely keep my eyes open. Yet all I've done for the last 3hrs is toss &amp; turn in bed,love,worry
1957133923,"I can't sleep, this is so darn frustrating.",sadness,worry
1961738726,"Just updated my To-Do List (notepad, need something else?) with Flickr and downloads. Internet being slow and sluggish",worry,worry
1751820832,@shoot4the5hole Welly's the Pinball Wizard.  #canucks,neutral,fun
1695222411,"I've come close to astroturf myself, @mgrocki. Save yr $$ - it doesn't drain. Just spray paint yr yard green instead",neutral,neutral
1961503128,tweeting from ally court for the last time.... its a sad sad moment,worry,sadness
1957487865,sleep? what's sleep again? I've seem to have forgottten the meaning. too much on my mind. or it's just my usual insonmia.,empty,worry
1962102973,Shoot. Only 12 miles,sadness,sadness
1694162725,Use this link to start earning free cash http://tinyurl.com/coboyf  Just sign up and get paypal cashouts of minimum $1  !!!,neutral,neutral
1965010535,@MattHalveland no,neutral,sadness
1961174373,Oh boy this is going to be a loooooong day,worry,happiness
1753500376,"@courtney_ozaki LOL you gooot that riiight!!  i mean, how can you not twatt about something so cool xD",fun,neutral
1960316102,@JSMSoftware IronPython + Windows Mobile is a no-go. Compact Framework doesn't support Reflection.Emit.,worry,neutral
1961760410,"I though the clothes of AW0910 Collection from +9 designers will be there, together with the visual arts, but it is not",worry,neutral
1957145531,night 5 not talking to my victor  i'm so bored at night now. grrrr i hate this shit,hate,sadness
1694258339,@DeepaPrabhu Thanks and thanks,happiness,happiness
1694767689,Goodmorning world!,enthusiasm,neutral
1753468176,I have a cam sesh lined up tomorrow with my c4s winner  ill post screen shots in my lj. Friends only unless you convince me otherwise.,neutral,neutral
1956967666,Layin n bed with a headache  ughhhh...waitin on your call...,sadness,neutral
1957420156,going to work soon,neutral,neutral
1961545768,grr...everytime he gets a new girlfriend..I'm at the bottom of the totem pole,neutral,neutral
1751141593,@santojay They assume you won't be able to afford traveling anymore now that you've got a contract with them,sadness,worry
1962232934,@gabyrizzo i want pho... i've never had it before.,neutral,worry
1752193994,@nursewriter Glad to hear that b'day dinner was great! Wishing you a happy Mother's Day tomorrow.,love,happiness
1694811488,"@fawn_s  Accept it, you can't do anything, can you?",worry,worry
1694976126,At school. with everyone before the first classs of the day  18 days.,happiness,neutral
1961376644,Phooey!  They've planned CAMPING for my class reunion. I. Hate. Camping. ...and being the only single girl left from my graduating class.,worry,worry
1753366289,"had the best mother's day! breakfast, shopping and lunch, drinks, chocolate galore!",surprise,happiness
1964701737,"@jonashelford Kewl, I only got my iPhone and gotta hope it lasts all weekend  Only got a shuffle, might bring that anyways... See ya 8am!",sadness,worry
1695545968,Leaving for work.. 5:30 can't get here soon enough!  hope everyone has a great day!,worry,worry
1962454206,@Victoryhawk Darn. No bacon,sadness,neutral
1753417931,@bella_b I met @jonbreisnes at EPIC - he said you were at SS Coffee... I thought he just meant sitting there drinking a lot of coffee,neutral,neutral
1960562249,"@suziperry @AnnaPhylaxis Oh no matey, did you get ill?  It would be a bit mean of Suzi to be calling you chicken scabs if you're not!",worry,neutral
1956982576,diesel yaris... 70mpg  so sad its not available in the US. That'd be awesome.,sadness,worry
1752190980,Just got home from a wonderful day with my family!!  I had so much fun today.,happiness,happiness
1694977021,Rosie to the vet. Routine shots and bordatella.,worry,neutral
1753632709,"That's the way it crumbles, cookie-wise",neutral,neutral
1753902656,"@chrispringle Luke M here, thanks Ps Chris! Ur husband is pretty cool I reckon! Sorry u were feeling sick and hope you feel better soon!",worry,worry
1753215791,Justin Timberlake and Leonard Nimoy? And a Dick in The Box sequel? priceless,happiness,neutral
1693995442,"in school, wants to read Eclipse, 200-and-some-60 pages read",sadness,worry
1753759318,@simbaaa @mahimaaa SORRY! I couldn't help it. 'Twas to try and get if on the trending topics.,sadness,neutral
1694384237,"@Captainwalker I've never seen any of the X Men films but they are supposed to be good so I thought, why not?",neutral,worry
1961415253,*sad face* project-m keeps crashing my itunes,worry,worry
1753696441,@josepicardo Ahh okay makes sense to start the preparations now then,worry,neutral
1753311178,watching W. with jas. i love my brother he's my best friend,love,love
1752697613,"Oh! Northern Downpour was just on the radio! I mean, not from the CD or anything. But the normal radio station! Woohoo.",happiness,neutral
1965089587,Friday and it's raining,neutral,sadness
1965959493,good night fellow Twitterati. back to work tomorrow,worry,neutral
1695694348,has been kinda nice break but it wont matter soon I'll be in grad school,neutral,neutral
1753328808,@_ahseya_ cool i want you to take a look at this and tell me what you think,worry,neutral
1963603233,@gabilicious111 hahaha probably not  sorry. We've got some things to do around the house...and then we have to go to Jared's parents house,happiness,neutral
1753518222,"Chris Pine, Zachary Quinto, and Leonard NImoy on SNL tonight was quite possibly the most fun I've had geeking out in a long time.",sadness,happiness
1695477601,well being a retired drummer I can do my own drum roll so all you need to do is read my posts since they take a ton of time  lol,fun,neutral
1753398807,"@titletrakk gee, thanks",neutral,happiness
1963745924,"@IainLiddle When balancing a chair on my chin in the sixth form common room got nothing but sneers, I hung those balls up for good",love,neutral
1751609954,The Black Canyon seriously have the BEST fusion food around,happiness,worry
1694975919,New word of the day: &quot;Whoore lure&quot; yes... A new word for cologne. Thanks Mike Harding,happiness,neutral
1965537500,@DizzyMalfoy ouchie  Did u take some Excedrine? Thats the ONLY thing that kills my headaches FAST!,relief,worry
1962056047,http://twitpic.com/66yb9 Ozzy back from the vet. Not feeling well. He looks so sad.    Possible UTI. Results tomorrow.,worry,worry
1694813817,in the mood to listen to some Reg stuff  (Sir told me: U used to be a huge fan of mine but now it seems you've forgotten my songs!!!) ),sadness,neutral
1961698072,I think I juz missed my last bus  .. Need to walk home sia - http://tweet.sg,surprise,worry
1957663256,You all have no Idea how badly I wish that I was at botcon.  Oh well! NEXT YEAR!,worry,worry
1964708969,@NLtommy nope  don't think I will. Thnx for asking lol I will be fine,worry,neutral
1963648293,"aww i can't believe that wee girl on bgt was crying, it was so sad",worry,sadness
1957704526,@afrocurl mark harmon just got shot on my tv,worry,neutral
1958034853,@myinkyfingersAU I can't take it,neutral,worry
1964769476,"@midsomerlover :O How comes you've seen it before we have  I'm so excited, I hope he gets a love interest soon, don't tell me if he does!",happiness,worry
1962877451,"@cwjacobs lol, what's wrong? workin right now sowwwy",fun,neutral
1961294813,Last lunch with the interns,neutral,neutral
1752674667,I'd like to thank my normally only randomly working internet for actually staying up from the moment I saw the tweet until now.,relief,neutral
1957072400,Pug just woke me from an incredible sleep!,love,happiness
1964459877,Darts and lunch at Horse Brass... but no beer for me  http://bmap.us/2134,worry,neutral
1957098844,thank you @ddlovato (: cant wait!!!! ummm btw ima crash still sick,sadness,worry
1962951792,aw man. just watched hollyoaks again and it was very sad,love,sadness
1961485745,"@IzzyJ_Is_Here haha yeah i hate seeing him in pain so i do what I can.. and I send hugs to you too, hun! I hate seeing that youre unhappy",worry,worry
1753853066,@GabeHumble tysm but i just made +uploaded one so its okay! but lol im looking thru your pics now  il the just wanna fuck shit up one lmao,fun,worry
1752291364,"@Turrislove09 but i realllllllly want to. llike im really starting to hate PA. btw, i just messaged the great one known as dylan",enthusiasm,love
1751537272,had fun at chel's with nicole and cried watching benjamin button   exciting night i must say,happiness,happiness
1753665242,@JayElectronica Good Morning Chairman of the board! www.youtube.com/watch?v=ivFM0pYyUcy its a living thing....!,neutral,neutral
1753903620,Happy Mother's Day to all my twitter moms (including myself),love,love
1694952879,"@NatFace Ah - yes - that track is also on the compilation, with Kenny Rogers",relief,neutral
1963909495,I feel slightly sick now  #BGT,worry,worry
1964625066,@a_simple_girl @BuzzEdition I have to miss the festivities this evening.  Heading up the hill and won't have internet and no BB service.,neutral,worry
1695054988,About 60 again todayy yayy!!!,enthusiasm,happiness
1753008733,"Would like to remind people that I am OUT of Kansai Scene, and whatever the current issue is like, I have had nothing to do with it",neutral,worry
1751887314,Yay we're gonna leave earlier!  Can't wait to get back to Hawthorne!,worry,worry
1963606061,@tommcfly you didn't come to see the hosts at hilton mr. thomas. we spent lots of money for nothing. that's boring,hate,neutral
1752822295,Beautiful Day..takn it down twitters  tell ALL mothers Happy Mothers Day,love,love
1957563359,@upcomingpixar Too bad we're in Sweden where Up isn't up on the theaters  here until October,hate,worry
1694181694,just got back from donating blood,neutral,neutral
1753072899,@a_tall_blonde   ~~Hello~~~  and thanks for the follow.,happiness,happiness
1753115709,that was a fun bacontaco night,happiness,happiness
1960329964,"&quot;No offense, but your hair is bad today.&quot; Life isn't worth living anymore   Nothing hurts quite like hair insults. *cries into pillow*",worry,worry
1695691928,"Really tired, and need to be up in the morning... Off to bed. Good Night All!!!",sadness,neutral
1962484183,is doing nothing  lol,sadness,worry
1958044855,@ijoostin Not so good  I think that's my fault though - didn't use buttermilk. Recipe was on back of the flour.,sadness,worry
1962411952,@jclayville // i feel your pain. i once lived in an apt for 6 mos where the previous tenant had 4 cats. burning eyes/tight lungs =  gregg,sadness,worry
1694748654,gunna spend today with my sexy best friend,relief,love
1960908186,I want Guitar Hero:World Tour SOO bad.,worry,love
1751068807,at least I get to watch over time  Let's go Pens!!,happiness,neutral
1694458031,@bobbyllew your lisa rogers carpool is now my alltime fave!! Good work!!,love,neutral
1753498357,@PeteMoring Well it's nice to 'see' you. Have a great day and tweet again soon,happiness,happiness
1695730119,Shiyet! Umulan din.,neutral,neutral
1753663308,I'm feeling higher than Mt Everest,happiness,worry
1965307368,"battery is low boooooooo in Palm Springs, CA http://loopt.us/2SljBw.t",sadness,neutral
1962685744,"I'm going through withdrawls,  missing someone!!!!",neutral,worry
1753073910,@angiemartinez happy mothers day ang,love,love
1751608146,havin friends over hangin out with christian tonight!!  gonna roast marshmellows and chocolate and cramcrackers.!?!?!,happiness,happiness
1694091954,@kyleandjackieo Fighter - Christina Aguilera. LOVE that song,love,love
1695374594,"just woke up..busy busy busy 2day...bake bbyshower cupcakes and jays bday cake, bleach hair again &amp; see my boo",happiness,neutral
1966193047,@vasilly thanks.  I'm self so I don't see the &quot;my Account&quot; area.  I'll have to dig deeper it seems,relief,worry
1961050336,@wethehunter there is no sun here in florida..it's all rainy and cloudy.,sadness,neutral
1957172893,@summer_eyes I wish I knew!  The curse of Tumblr.,neutral,sadness
1958085888,Well that was an interesting attempt at the commute to work... didn't exactly plan to end up where I did though...great,happiness,neutral
1962941194,@LadyLucius Oh eww that is suck!,hate,worry
1694033113,@issaleuterio did you watch it?,neutral,neutral
1753116986,@ACIMLTD playing with image,neutral,neutral
1960354169,Yay for having a giant headache  stupid glasses.,worry,worry
1753176659,"@dangercharlie you're welcome char, glad you liked the cake, it's pretty simple you should give it a try",sadness,neutral
1960620314,@kirstiealley So you wouldn't reply to my gorgeous hot pink shoe then?,sadness,neutral
1752917807,@CaMabigail Yes ma'am lol. I'll switch to my inspirational side,neutral,neutral
1751106959,Mothers Day,neutral,love
1751069428,Subway=yum!,love,neutral
1751393583,@jerrytrainor We never miss ICarly - my son has a huge crush on Miranda,happiness,sadness
1694625184,@marcooth GREAT!! i obviously should check twitter more often to know all the important stuff thats going on,happiness,neutral
1960760738,@alwaysmuah Hey Ruthie girl... u send me all these lovely twitts but never respond!  I'm hurt... how's Mikey and Dion?,sadness,love
1695443705,@jenndillingham  still need to see that movie ! I am all about vampires,neutral,worry
1694748146,"@Booooooom I love how Alex Pardee colours his picturs, so differnt",surprise,love
1957020861,"I looove guitars, and playing them. I think they sound magnificent. If only i was better... If only",neutral,neutral
1695056459,Feeling loved!  My Mom got me a Nikon Cool Pix for my birthday!!!!,love,happiness
1751176377,"@DuckyDoesTV They lost me at US ending. ;) I, mean, I don't eat #GreyPoupon or anything, but I prefer the bleaker original.",neutral,worry
1694645783,I would soooooo be a cop... If it weren't for two things... 1. I could drive.... 2. I wasn't so unfit...,neutral,worry
1695249426,what a great day for a massage! book your appointment today  617-262-2220,fun,happiness
1751784924,Strawberry margaritas + baked stuffed shrimp =,happiness,neutral
1964387125,"When you FEEL you can not LIVE without something is when IT is taken away.   Oh, to do it all over again with what I know now.    Movin ON",sadness,worry
1964698659,Preston stayed home and I don't know why,worry,neutral
1957203255,@anshprat yahoo maps! lots more to desire #yahoo,neutral,neutral
1695135106,Getting ready for school. Class starts at 10. Critique at noon. I'll be painting my Vermeer most of the day though,neutral,neutral
1966047176,"@lomara It was a lot of stress, though, so with that and supporting two big families he never quit smoking and died of lung cancer at 51.",worry,worry
1957376910,blast from the mofo'ing past. NTS why must you suck so badly at school?,surprise,worry
1751852348,wants to wish all the moms a Happy Mother's Day.  Hope you're all treated like Queens!,surprise,love
1962016973,@tommcfly sweet .. Englands becoming lamer and lamer since you guys left,sadness,sadness
1751608872,@kaybhart You WILL be succesful  Love You!,love,love
1963727965,@Nahtuhlee Why no sn... o. yeah... Sad day.....,worry,sadness
1750931338,@jimmymcdonald Let me know how that turns out!!,enthusiasm,worry
1957123693,Off to bed!! Still exhausted from Vegas,neutral,neutral
1753177311,@indigofish911 Ooooh! I thought eggos were some kind of synthetic egg or egg sustitute or something. You crazy Americans,love,neutral
1753710925,http://twitpic.com/4qfl3 - haha^^ I love it,happiness,love
1753694477,@gfalcone601  im sooo excited!!,surprise,sadness
1960256837,Going to work.  Could use some happy pills,surprise,worry
1960146849,currently working on the SDP's Prototype.... so much to do...,worry,neutral
1694708360,@IndigoGardens Lol! Joyologist? Love it - much better than the happy freak who can't stop smiling  Enjoy Monday!,love,love
1964564385,@mosaicbooks and now they are one. To become a bigger pain.,neutral,neutral
1752321059,I feel like I need to catch up on twitter haven't done much of it this weekend!,worry,worry
1693996153,@LadyRubaiyat It will warm up once you start digging,neutral,neutral
1963085974,"@joeymcintyre Just wondering if you are going to put &quot;One Too Many&quot; on itunes.  I hope you do, it is the only cd of yours I don't have.",neutral,worry
1753696650,Surveying my NEW LAWN from the upstairs window!,enthusiasm,neutral
1957045940,@SharonHayes Thank you for the rec but that doesn't work,worry,neutral
1960671763,"I'm looking forward to going home tomorrow, but I really wish it was for a different reason.",worry,worry
1694476452,Why don't adobe realise no one WANTS to pay for Photoshop et al so they should just give it to us for free,hate,neutral
1694882128,Created a new album on my Facebook for my Phantom cross stitch  I want to track my own progress so I feel like I am getting something done,neutral,worry
1965396854,@thepresidentJx3 no one ever gave me the info I'm sad,worry,worry
1695052732,@Lathams they do indeed  glad to hear everything is good with you. I'm great  life is good,happiness,happiness
1960809900,@SquishT77 So sorry to hear about your mum.,worry,worry
1957572715,@brainstuck i didnt get the joke,sadness,worry
1966091481,taking Willy to the specialist...poor dog! He has to get a CT scan cos he can't walk properly atm,worry,worry
1753694596,"Mother's Day breakfast is over, getting back to work now. Back on Rails",relief,neutral
1753854786,Happy Mothers Day to all the beautiful mom's out there  A day to cherish the best women in our lives,happiness,love
1963949446,Up was sooo gooooood. Wood ranch bbq time! Dian deng pao.,surprise,happiness
1963154076,I totally forgot my phone at home this morning,worry,worry
1960755212,i hate the biatches of this world,hate,hate
1961744637,Its Friday! Only 5 more hours until I'm free!.....until tomorrow.  oh well,relief,neutral
1752896241,"@melbritt_xo hey hey, ur following me  ur gna relise that i tweet ALOT!! haha more than a normal person wud but im not normal",surprise,neutral
1694291427,@kasey79 I got it,neutral,worry
1961282068,@AnnaSaccone Seeing my friends and doing coursework  I have the weekend off work so I am happy!,happiness,worry
1961929904,"got up at 8 today, and also misses his friend @danceashleylove",worry,sadness
1753096905,@bethharperwalsh @TaiLi22 @thesolutions @hippiekat from g's to gents season 1,relief,neutral
1957500245,@yanq_ndo OMG I'm so sorry. I'm the worst employee ever. My hard drive just failed taking the survey data with it,worry,worry
1963388496,Can feel a headache growing.,worry,worry
1961070938,@socilover awww...busy day for you then! I have to get my Big Mac ass outta here...Work beckons  I'll talk to you later.,worry,neutral
1962134732,I need more twitter friends. I'm checking this far too often and find nothing new,neutral,neutral
1751852613,Greg back in the top 10. This is why I love Nascar.,worry,love
1695137926,"Yay, I won at the @Jumeau Bags #Giveaway from @InstantShift. And those bags are so pretty!! Or maybe I'll have a belt? We'll see!",happiness,neutral
1753614835,@turohaapamaki suck it up,worry,hate
1961042793,My student just walked in balling.  She just witnessed her dog getting hit on the street.  I don't know what to do to cheer her up.,worry,worry
1694905699,@taylorswift13 Have a great time in London,enthusiasm,happiness
1956987600,dammit! hulu desktop has totally screwed up my ability to talk to a particular port on one of our dev servers. so i can't watch and code,hate,worry
1965505943,No free ice cream though,sadness,neutral
1694164515,"Haha! just overheard on the us. 3 yrold to mom &quot;mom, I think I should learn to read today&quot;",happiness,neutral
1962305999,#hollyoaks .... The curse of justin strikes again.... Date the burton and end up screwed  poor sod,sadness,worry
1963281677,FUCK! summer school in 3 days... some break,love,neutral
1963295615,I don't want to apply for jobs!!!,hate,worry
1751178106,"@SongzYuuup good,get some rest MONEYMAKER",worry,neutral
1752846412,"ONE MO TIME BECUZ @AmazingSha HASNT SEEN IT YET!!! AND SHES SOO DAMN COOL, ILL POST IT JUST 4 HER  http://bbltwt.com/0mqko",worry,worry
1963701380,@gfalcone601 bless her lil socks... think they need to rethink the age thing me,love,worry
1963101671,"@cloudconnected --of them kinda turns me off of it all.  And then I buy more of them and dig a deeper hole, etc. ;;",surprise,neutral
1751854212,Four hour baseball game. At least the Crew spent much of it making the Cubbies look bad.,relief,neutral
1751213738,I see @keysoffaith,neutral,happiness
1961479029,"@kayleeperry look at what i said to....someone. actually dont. no, do it. dont. yes. no.yes. no. UGH i dont know.",worry,worry
1753583117,@BrianMcnugget excellent  looks like you'll have some twitterific competition,fun,happiness
1753235416,rain drops keep falling on my head..,sadness,worry
1751322086,spring show was super fun!,happiness,happiness
1965473507,Just broke my favorite necklace  superglue?,worry,happiness
1963192411,@Moderorated: Where are you?,neutral,worry
1752644799,@aussiecynic it's been hectiv runny around after the women but goof  just making them both a surprise now,surprise,neutral
1694812668,"iï¿½m boring - bad weather today, watchingn alias and having fun  with my boyfriend",sadness,sadness
1960954462,Fallen in love with enter shikari again. Might go for a walk with the lady later. @work now though,love,neutral
1964091750,@epicturtle i hope they can figure it out.,neutral,worry
1963231462,I am so hungry! And there is no food for me to steal,sadness,worry
1966295767,There are no appointments left for the day so they're trying to work me in. almost an hour for a stuck freaking power button FML,worry,neutral
1960140631,Missed FMA...,worry,sadness
1752020447,reading Evermore by Lynn Viehl.,neutral,neutral
1963363246,@LiveFreeT  awww that's sad...,sadness,love
1694144859,when can i ever do a barre chord???,neutral,worry
1753382133,Mana - Everything they've ever made since 1986,sadness,happiness
1962372493,i waited too long to buy pink tickets!  now we're going to be in nose bleed!!  how sad  we're taking binoculars...,worry,worry
1966258993,hates scaleeeee,hate,hate
1752291501,"Prolly going to Jamba Juice in thirty minutes , shop for awhile then hit the airport and see my daddddd.",happiness,neutral
1751851928,"im so tired, we have a great time today together, thanks for all",neutral,happiness
1753855148,@makikaysantos http://bit.ly/izhdy  here looove.,love,neutral
1694127820,X-Men:Wolverine was hot! I say go watch it,worry,neutral
1753364902,a bacon roll and a tea and the (hack)day is your friend  #openhacklondon,worry,neutral
1966416057,OMG! I'm Back. I Know I Was Out For A Week. Because My Brother Took His Laptop With Him To Mexico. So I Couldn't Be Online.,happiness,worry
1958066404,Its so hot here,worry,happiness
1695962080,@PatriciaP1977 thanks for the follow,happiness,neutral
1694400683,@claudiatan http://twitpic.com/4jber - aww .... then we wonder why they hate us later..... lol!!,empty,worry
1957034566,@MacZombieRawr  I wish I had Left 4 Dead. But first I'd need something to play it on...,sadness,worry
1695805506,@chiacy  Thanks,relief,happiness
1964083433,"@Mangowe You're welcome, I am off for some merry noddingtons myself soon. It's not even dark!",worry,worry
1753481923,"Oh yea, and I feel really feckin tired today !",worry,worry
1695804122,Good morning to all- and welcome new followers!,love,happiness
1694475417,Morning! Bank Holiday Monday and the sun has gone - typical! Hospital for knee at 2:30 and then training at 6. Another  bust day,hate,neutral
1962884839,@sugarsharrk Hey I was scared last night at 3:17 because of you... and I had several bad nightmares,neutral,worry
1961768662,@ work again,sadness,neutral
1753775817,"did 14.5 miles in the Peak last night, with a nice 5 mile run back to the car this morning",worry,neutral
1696176102,"blerg, damn you Monday, why must you always come.  Decent weekend, new glasses, hair color and got carded at Gamestop = awesome ego boost",sadness,happiness
1964765555,"@josefamanriquez and yet i couldnt get a pic it wasnt allowed, then i won passes to their carpet of the 3d premiere no pic still wit them",relief,worry
1753095984,@emilyjonesmusic  awww thank you,happiness,love
1957691093,@dreaming_aloud @DanBarnes501 and that hindi flick '99' that came out a couple of weeks ago that never made it to the UK,neutral,neutral
1751501550,"@nimbupani Divya, thnx a lot. Bt IMO it won't resolve the renaming prob? Let me know.  Now if only #apple would act upon my feedback.",neutral,neutral
1957474232,@JustcallmeMac your making me jealous now  I want one! How long have u guys been married?,enthusiasm,neutral
1962812935,"So much work, so little time",worry,worry
1962403695,Got insurance forms for Polo. Feel a bit  Has to be done though.,worry,worry
1961612810,TPS reports.,neutral,neutral
1753806033,good morning tweets,neutral,neutral
1694687405,@BreakfastNews why thankyou  @chris_garner suggested Fannie Bay (but it is in Darwin),empty,neutral
1957020593,"With friends like VaikO,Nedumaran, LTTE didn't need enemies. Wrong advice at wrong time led to numerous deaths &amp; a lost cause as well",neutral,worry
1751681700,THANKS GUYS! 200 FOLLOWERS,happiness,happiness
1960869603,is sooo confused these days   But glad to be back from Lillestrï¿½m,worry,worry
1694512060,now twittering,neutral,neutral
1964663285,@receptiongal  hope your day gets better soon!!,worry,worry
1962919092,I really don't like this weather,hate,sadness
1964009371,@James_Young Iv Only Got Two Twitters On Here !!,neutral,neutral
1694331372,"@LewisBostock very much so  You know I am coming now on Thursday too right, are there door sales ??",neutral,neutral
1751610175,@Ashie1004 interesting to see the differing accounts. mandy is always VERY pc in all her accounts. her robbie is a monk!,neutral,happiness
1958133546,I can't get to bed,sadness,worry
1964153689,There's Only One Thing I Hate About Friends And Dats When They Move Skl They Forget About Yuu,neutral,worry
1753854845,@aneD Well thank you! I'll try and remember to put it somewhere,relief,neutral
1753432578,Today I wrote two songs (one for temple which I will probably never perform ever) and one for mothers day. Happy vesak everyone  rena xoxo,sadness,happiness
1694162333,@sabrinabryan hi my name is Chelsea and i respect your opinion when it comes to dwts. you were great on there too!,happiness,neutral
1693994998,"http://twitpic.com/4j8yk - Thelma, Rebeca, Fernanda Symonds, Fernanda Cordova",neutral,neutral
1752984828,@ElJefe_GM That's the plan,neutral,neutral
1752159518,@HarleyPlays you and @dezzy88 are both baitersss  hope tonight is fun!,happiness,worry
1753665541,@hihat7 Go to the setting on the iPod/iPhone home screen &amp; scroll to the bottom &amp; you will find twitterfon settings,neutral,neutral
1694221426,@xxnapoleonsolo may the 4th be with you,neutral,neutral
1962299797,I saw a squirrel get hit by a car while walking to bart this morning...wondering if there was anything I could have done.,worry,worry
1752157188,@loadedman look at my background that's how I want my future date to be like  (well if I ever get him).,happiness,worry
1753435973,Happy Birthday to @AndrewGirdwood !,happiness,happiness
1695964262,"$67 for my books, no complaints. 67 more than i had plus i'm on book voucher!",surprise,neutral
1961761596,has now found a bug in the RHEL5 bnx2 driver   Cant handle high packets per second (&gt; 50k),worry,worry
1963593403,Having dinner at the crown at south moreton with David and a stroppy teenager,happiness,happiness
1751070359,@Medi_Ready What's you're new cite/business about?? I'd love to hear about it  Doing the same myself actually,relief,neutral
1965908782,"@hothusband_01 here is winter, but not snow",neutral,sadness
1753238646,"@tyleigh Thanks! Hope you find a job soon!...OH, almost forgot: I landed a role in an indie flick!  My first audition ever lol.",happiness,neutral
1963506791,Trying to sell my GM stock,fun,worry
1694476230,Back in the saddle after four awesome days with @leeprovoost and the old gang  Will try and avoid a tweet flood after a long radio silence,happiness,neutral
1751323081,"@davedays i heard one of your songs, and you have an amazing voice  i was stunned",happiness,happiness
1963218200,Getting oil change. Apparently the mice that have been eating my birdseed in my garage have also been eating my air filter.,relief,worry
1957148955,i no i no bt i had only been a gamer for like 2 years when i made that attempt  lol yea i luvd F1 to an extent @yellowshirts,love,neutral
1694219898,"Sometimes after a long weekend, you just need good conversation. thanks bro",happiness,neutral
1964893324,@robcv chale... a ver define &quot;out&quot;,neutral,neutral
1965275069,@mitchelmusso i wish i could call but i live in the uk and i don't have the cash to call,sadness,worry
1962100118,@caltort i have tried the Teriyaki - no cookie tho!  we got (non winning) Pop-tarts with it.  All was great!,happiness,neutral
1694127019,Searching for a place where I can migrate.,empty,worry
1962147428,@MarleeMatlin How did your book signing go?  If I lived there I would've came!,neutral,neutral
1750930371,@elengrey Yay!  Lucky!  What'd you do?,happiness,happiness
1963784087,"@idmoore Enjoy your day too! Prob see u up top of Glyders. No pint for me, gotta drive straight back as we've got Dog stuff to do Sunday",happiness,neutral
1753884598,why do we even live on this earth ?? i wanna live on mars :|,enthusiasm,worry
1750998012,Loving the cairns clan,love,love
1751752091,"@saaphyri Girl, you're crazy... I LOVE! you.  Hahaha, and I GOT! yo' Lp Chap.",love,worry
1752723134,@BeckyLopez Happy Mother's Day!,love,love
1751681682,@jeglz Joe just put a new bulb in my spotlight,neutral,neutral
1694906502,"could barely sleep last night, ugh...ANYWAYS good luck with finals everybody!!! don't rush through your tests!!! lol",worry,worry
1695885786,oh yea mspacers my boy just hooked up my page  it looks kewl at least i think so and it only took him 5 minutes www.myspace.com/missmickey,surprise,neutral
1962698738,Im downloading manually the oooiifull.mp4 movie by @leebrimelow as it seems the only way to see it fully,worry,neutral
1752258614,@CuteMadeleine You have a DM amigui,neutral,neutral
1751360328,@TheKrewe Glad you are having a blast.,happiness,happiness
1961485624,Feeling so low and depressed that I'm not on holiday,worry,sadness
1963426965,"Ditto that, my friend...BORED! Oops, now I have an exciting problem",boredom,neutral
1695281033,Working on your birthday isn't so bad when you get to work with Ruby on Rails,happiness,neutral
1963187865,#thingsmummysaid...rollercoasters are only multi-storey car parks without walls.,neutral,worry
1752021539,I think Steph will enjoy her first Mother's Day tomorrow.,relief,love
1960455844,"@_laertesgirl Ohh of course. She did stop once though, end of Dream. John Woodvine &amp; Zoe Thorne, only ones not signed my programme",neutral,neutral
1962917007,@OGBERRY cold &amp; raining in inglewood,neutral,worry
1962809561,i had a dream that i was going to my graduation &amp; i started crying...then i went home to take a nap &amp; missed it...then a bee stung me...,surprise,worry
1961136541,My computer died,sadness,worry
1963524251,@mattdavey2 not happy,sadness,sadness
1694201236,@itshazel wow five years? Congrats,happiness,happiness
1962651005,jus gt bak nw on msn stil not got a tan  o wel x,relief,neutral
1957414856,Ria got a a G1 phone and im jealous,sadness,neutral
1695250888,@SaraDfromCali So far everybody look good !  1 more momma goat to kid this month!  Hope she has them this week!!,worry,worry
1966183940,"@aaronob My music teacher either expired or forgot about my lesson, leaving me outside waiting for my ride to pick me up for 1 hour.",sadness,neutral
1694495398,"JONAS BROTHERS - Live to party.                It's rocking so hard     I love the song,",neutral,love
1752442710,happpppy mothers day,happiness,love
1694725924,@GintareAuglyte hey  how are you?  x,worry,worry
1752590104,@patricklanglois http://twitpic.com/4w52z - i bet you ate and missed the brazilian bbq  and i also bet you guys played wii (mostly bec ...,fun,neutral
1753632863,@bluevolvic  awesome   I'll have to keep a look out for it!,happiness,happiness
1961218485,"@ryan_price Oi, I ran into the problem too  not a good fix, but there's an app in utilities called &quot;Grab&quot; that works good enough...",worry,worry
1961477568,omg. .please jonas brothers add an extra date in dublin in november! i tried 2 get tickets but dey were sold out.,worry,neutral
1966096966,Should not drink cheap wine,neutral,neutral
1753292893,Watchin Hannah Montana  Hoedown Throwdown,neutral,fun
1956986359,"goooood mooorning people... sun is out.. definitly spring now, we had our first spring hail storm, my car has dimples now..",worry,happiness
1957190114,NO FREE WIFI!?!? My vacay is ruined!!!!,worry,neutral
1962168057,currently playing... part of the list,happiness,neutral
1753364853,"@RobPattinson444 thank you for accepting my request!! must take care of my little girl, maybe i write back later",happiness,worry
1964560990,Twitter has been foking up for me today arg!  1 and 1/2 hours of work till the weekend! Woooooo,surprise,neutral
1751107638,"@imjstsayin Im doing ok.  I have a 15 year old going on 35 that is driving me crazy, but that comes with the territory, I guess.",worry,worry
1752124708,@DarryleP I guess that's true!,surprise,worry
1957349011,Algebra test in three hours!,worry,neutral
1964681130,I was so hype about it being Friday &amp; it raining outside..No rain all day... But its rainin when its time to kick-it..Mr Sun is trippin.,neutral,neutral
1694052168,@ZopflieseJule F...you very very much  willkommen im Twitterland,neutral,worry
1957513178,got my cable set up! WIN!  got my lock put on my door! WIN! feeling a tad neglected... FAIL.,enthusiasm,worry
1753417085,Happy mother's day to my sweet mum,love,love
1962114480,"I'm just to far from where you are, I wanna go home...",worry,neutral
1694686210,"Wow, it's so early. Just had the best conversation.",happiness,happiness
1753820043,a Dutch marketing agency is asking job applicants to apply in 140 characters or less  http://www.energize.nl/twillicitatie/,neutral,neutral
1963588212,Waaah! Masseuse is fully booked. No shoulder rub today.,surprise,neutral
1964596143,i've got nothing witty to tweet,sadness,neutral
1961376024,Oh snap!  Just broke my windshield while replacing my wiper blades.,worry,worry
1696217745,"has just come back from horse riding, what a brilliant day",fun,happiness
1694347866,"Dear God please let me wake up before 11:45 AM tomorrow lol Got plans  Tonight was lets pick on Hero night. grow up, get a job, etc. lolz",worry,worry
1752532953,Come on Vancouver. Throwing stuff onto the ice? I thought you Canucks were supposed to be all polite and stuff?,fun,neutral
1958092948,"never did sleep last night  feeling horrible today, time to call work I thinks...",neutral,worry
1695619783,Worked out for about an hour.. nothing to hardcore. Sitting in Starbucks waiting to start work,relief,neutral
1694859457,trying to watch lost online very annoying and slow...the internet not lost,relief,worry
1696089109,....dont act like your not impressed,enthusiasm,worry
1966300836,I dont get how to use twitterr!,sadness,worry
1695885096,"@dannywood lemme guess - you ran 5 miles at the gym, and are waking your kids up, and then going to the beach and / or recording studio?",fun,neutral
1965069095,@myrewyn oh no! Poor thing keep us posted.,worry,worry
1753237375,@JoJoWright 4X4s are the shizz,neutral,neutral
1960566583,ughhhhhhhhhhhh  :/,worry,worry
1957701853,"@SamGrierson awwww....    , ah well at least I can sober up for a week or 2 and possibly get to the gym.....u gonna make music live? xx",sadness,neutral
1753095182,@starreemoon yes!  Glad you're coming.,relief,happiness
1965730305,I hate the dryer.,neutral,hate
1753349845,Watching Everything Is Illuminated  and dreaaaming&lt;3,happiness,neutral
1965984671,going to jack's tribute match today,neutral,neutral
1962266705,Pooping in a Pennsylvania rest stop!  I hate using public toilets,fun,hate
1964972995,Pleeaaasee come out sun,sadness,happiness
1964231358,"Late night fun with friend, and early morning wake ups make Zeb a very grumpy girl",fun,neutral
1694203559,Nothing like home-made paranthas for breakfast,happiness,neutral
1753680804,@jenifel Aww thanks! I am indeed graduating on Friday. Just 4 finals stand between me and freedom...or Teach for America and law school,relief,worry
1963228517,@Bre_0 so all done with wow blogging eh?  *huggles*,neutral,happiness
1958088599,@jwpage your SMS managed to crash my phone.,love,worry
1753052794,"@jpdonga been there, done that",neutral,neutral
1963155007,@ddlovato DEMI YOU WERE SO PRETTY WITH YOU'RE BANGS AND EVERYTHING .YOU LOOK TOO GROWN UP IN THIS PICTURE  i liked your bangs.,sadness,neutral
1963863502,What happened with her??? Why is she being so wierd all of a sudden???,worry,worry
1694222598,@timen Great idea,happiness,happiness
1753903237,@BlokesLib thats where hitting enter before u check the tweet can get tricky!! I was rude without trying to be. Makes a change!!,neutral,worry
1753631765,"@LJsBaby Hahaha...gutted !! it's his birthday soon,so he'll have to wait until then. haha",happiness,happiness
1957263978,I really need to sort out a bird table and some feeders - the robins and blue tits are being bullied,hate,neutral
1694072273,ehh i need a break. gonna do 3pg essay 2m before work at 5. going to bed now. gym in the morning! nightttt,happiness,neutral
1696043438,"Great, social network sites are still growing",love,worry
1962723206,I just love when all my little brothers friends come over,fun,love
1961765366,@evlover0327 ...I will take some...I am tiny,worry,worry
1751360026,@alaina_ Lmao I know!! They have two days off. Good thing for them,relief,worry
1966120930,My arms hurt,sadness,worry
1751681342,@OfficialAthenaR haha. It does have a nice ring to it (: Lets get used to that. ok! iloveyoutoo.,worry,neutral
1963014008,"@Jaggerwerks nooooooooo....u never call me anymore  lol...but, i've been good too...rick ross is in town, might go 2 his show 2nite ;-)",fun,worry
1963485572,@iheartreading hey sorry i just got the tweet about the puppy... and someone already got it,sadness,worry
1961179157,@bonnieguthrie why?!!?,surprise,neutral
1752775190,i'm going to bed. have fun with the drunk ones.  see ya in the am!,worry,happiness
1753347624,"Excited!!! Trousers on their way from Topshop, should be here in a couple of days",love,neutral
1752619838,aww my son gave me a purple g shock for mother's day,happiness,love
1751956202,@TerrenceJ106 heyy terrence u should come to my school on May 29th for our talent show,neutral,neutral
1965839418,@IsoBan ... i hate it so much.,hate,hate
1753434610,I had a small tweetbreak from twitter I think I needed it,neutral,worry
1964722784,sitting at home...need to be pricing the garage sale items...but i have no help so its boring by myself,neutral,worry
1750999152,Happy mothers day to all the mothers out there!,worry,love
1694667319,@nikz93 you're such a teeth freak now Nikz,neutral,worry
1960812512,@clairmc my riding time has been dismal too during these rainy weeks.  haven't been able to make myself to go to the gym instead.,worry,worry
1964710454,@DAEONE haha wtf is that! You don't want me to leave,relief,worry
1753383868,ofcourse they start fightin aight the party buts its cool theyu held it down now im chillin with my home girl  HAPPY MOTHERS DAY,love,neutral
1752671650,Bed. Church in the morning. Happy mothers day,love,neutral
1962599867,is traumatized and saddened by the 2 baby squirells she just found on abandoned on the sidewalk.,worry,worry
1694126515,Going to bed now...good night tweeters,neutral,neutral
1963153505,Get a new one nxt wk!!!,happiness,happiness
1695026956,@greggrunberg http://twitpic.com/4jdtj - have a safe journey back home hope you come back soon,worry,neutral
1695767745,@SmilinNursAnnie Good Morning Rock Star Nurse,empty,happiness
1752290760,@katyperry the good life!!! - under a honeymoon,fun,love
1694493035,@spreadingjoy Hello there! Thankyou. I always seem to make a difference in  someone's life everyday.,happiness,neutral
1753010490,JT should just be a regular on SNL,neutral,neutral
1957629202,Finally reunited with my Hunny bunny@tarzan_0802 I have him for a few days b4 he leaves me again for another week away @ work  night!,neutral,worry
1753569251,I hear you @silentending...,neutral,neutral
1965373684,"BBQ's gone well ! Weather stayed good which is a right bonus. Just off to bed, training in the morning at 06:30 then work",happiness,neutral
1966441150,And other girls come over... And my boyfriend forgets that I'm here,surprise,neutral
1963088531,@RealAudreyKitch   awh why you there?,neutral,neutral
1753401278,@RobertKazinsky Congratulations on the award - totally deserved,love,happiness
1752673767,@ginogagaza awww! you like anne curtis too tho rite?? it's her soap thats gonna replace it!,neutral,neutral
1963648090,@zanzoon omg!! I saw something about a flood in your area on the news... be careful zaina,worry,neutral
1964737681,"@SookieBonTemps ooc: thanks! Ugh...what a bad, bad day I've had. Damn @Twitter.",sadness,worry
1751988384,@bsweichsel That was like eight years ago. Not so sure it would happen now,sadness,worry
1962577925,macbook dying. switching to iphone.,worry,neutral
1964641172,no one calls me anymore,sadness,sadness
1965589660,http://twitpic.com/67tcr - Ouch!! Burnt my arm on the grill,worry,worry
1960597024,@AsherUK i wanted to go for my birthday...,sadness,sadness
1957109281,Just found out I can't drink at this bar! Booo missing e1 at palomino's! No cheers sad face,sadness,sadness
1957041648,@the_babsi there's a manual process... but it's taking 4ever on my outlook database... pffff. crappy msft product,neutral,worry
1753156377,IS PHONE FUCKING WITH TYSON,fun,neutral
1753330867,Getting anxious for Blink- 182's new album!,worry,worry
1963988531,Man i cant belive that you did what you did? Everything does not look as good as it is..,worry,neutral
1694493767,@deeyraa Nope  day off;,neutral,neutral
1965654109,I feel useless I don't know what to do right now. I'm so bored,worry,worry
1965421050,@sanchaaaa im sadd sancha  june 18 for me is a fail  its gonna be you and chini ((((((,worry,worry
1751323961,loves the cancuks  &lt;3,love,love
1957593845,"heading to bed, somewhat reluctantly, as there is Look Around You on at 1:30. Why must the DVDs be Region 2 only?",neutral,neutral
1966065451,"is on allegra, flonase and a steroid inhaler for the rest of the allergy season. throat still hurts from the asthma",worry,worry
1695002641,Im am going to send some twits to some folk...............,worry,worry
1695002816,"@therecordlife wow. have a safe trip back home  and we're all begging you, please come back to bloomington as soon as you can!",worry,neutral
1961815446,Trying to shop online wis I could find sevens for 40.  haha,happiness,neutral
1753030750,"happy mothers day, too all mums out there  remember treat your mum well, she brought you into this life =]",love,love
1695281799,Shopping with  beckyyy . Going to starbucks in a minute.,happiness,neutral
1695924879,"@raihanamcfly LOL! salivary gland?? frm those little flies?? no way!  alison=drama queen  oh no, ur brain hurts? a new brain is growing!",surprise,neutral
1695194035,i just joined,neutral,happiness
1957605564,hurt. done trying..,worry,relief
1957038475,Waiting in line @ tryst,boredom,neutral
1694220111,"@thunderror Heh heh heh, come on! It is a THQ release! Ah well, I can try almost anything that is billed as RPG!",neutral,neutral
1753500069,... sorry GPGMail,sadness,sadness
1958080434,Such a nice day today but stuck indoors revising  3 weeks and it is all over!!,sadness,neutral
1963135938,Track &amp; Fiel was proably canceled.,neutral,happiness
1960669636,Just got up thinkin about how weird it is w/out our dog,sadness,worry
1964624073,@FlittyGadabout I'm not a hobo.,hate,worry
1961921555,"@veeriwhoa OH SILENCE VERONA!  I AM WANTING TO GO   jaja, enjoyyitverymuch and bring me phothos of Danny and dougie ?",happiness,worry
1751749152,@MarvetBritto Awesome! that's how I wanna roll when I become mogul status,happiness,neutral
1962266091,@babyblueonline omg I'm so sorry to hear that!  If you really need to talk to someone I'm always on here. I'm a shoulder you lean on,love,worry
1752918668,"@MikeTattoos LOL...oh, man, can I un-twit something? haha! I mean my lean mean fighting machine. I sooo can't believe you called me out!",happiness,worry
1752964874,my first 'star trek' anything was really entertaining.. now if I can just see Harold fly the enterprise to 'white castle',happiness,neutral
1965365189,"@jpsherman That's true. Unfortunately, the leads in the movies don't die on such a high note. It's more the Friday The 13th model",sadness,worry
1751288008,@Dhazza hehe sure thing,neutral,happiness
1751714100,"@MrYoga I love my mom, she's the best mom on the planet",neutral,love
1694035119,@mileycyrus i dnt think i can ever get tired of&quot;The Climb&quot;its just 1 of those sngs u'll always remember  ...,enthusiasm,worry
1957250995,almost everyone can suck my clit right about now. ive had it up to here with people fucking me over !,hate,neutral
1752533017,Just downloaded music for over an hour.  Love when that happens,love,neutral
1752535122,OK its official I&quot;M OLD! at least I feel likewise OLD &amp; TIREDD &amp; WASTED!!,worry,worry
1694183880,Watching Bleach,happiness,neutral
1965892888,Johnny actually invited me to the movies but i have too many things to do before the concert,sadness,worry
1694857831,"@JacobLovie Haha it's not awful at all, but I think everyone hates the sound of their voice when they hear it played back, I know I do!!",fun,worry
1751429128,A shower feels so refreshing after a long day at the fair,relief,happiness
1957191331,Trying to sleep without any pills... Not working. 3am and wide awake. But now it's too late to take them because I'll sleep til 3pm,worry,worry
1753774228,"@RacoonResidue (But they're the awesome quotes, not the corney ones!  )P",neutral,happiness
1960809457,@kianlim Snap To Grid. I just realized that I haven't seen Iqbal in 5 days.,neutral,worry
1965539437,"@sheelovewood aaaau thanks gi  , I really really love u.Thanks for being a really great friend.And forgiveme if i leave you sometime, ?",relief,love
1957302602,@captainboots  YOU'RE FAKING IT! Hahaha...I kid.,happiness,worry
1694476048,@lyssiecc haha good phone conversation cat lady! You're gonna be homeless too  you didn't tell me u were having coffee!! coming tomorrow?,worry,worry
1695341890,"@sarieanne Eat it, it's good for you",worry,happiness
1694329831,@KrisColvin I would advise watching it in the cinema. I am sure the effects are worth it. Unless you have a monster TV at home,worry,neutral
1750930124,@Nabaishko @BADDASSTWIN @DJPLAYBOY @GREENARROW09 @Kellynico  get lit  I am  http://bit.ly/OASQR,neutral,worry
1961181284,@THE_WOCKEEZ i wish i can go. But i'm not in US,worry,worry
1753384838,"@Shouq So you have to call the Customer Care .. or try to enter any wrong pw and see the result , is it &quot;invalid user name or password&quot; ?",neutral,neutral
1961911374,I've been reading up on Sims 3 genetics on the Sims 2 forums. Apparently hair dye is passed on to offspring. I'm very disappointed,worry,worry
1752592209,http://www.miss-hudgens.com/?p=28 Nessa is 27# on Maxim Magazine's Hot 100 of 2009,empty,neutral
1957131196,as if i finsh work at eleven.. IS THAT EVEN ALLOWD?  cauz i really dont want to.. lol,sadness,worry
1965920699,@thelongmile I was about the followfriday you back and it turned to saturday  Theres always next week! Any movements on the photo site?,neutral,neutral
1963297235,@stereophonics http://twitpic.com/6714p - well done guys! I am gonna miss the tweets!,sadness,worry
1964687776,@RobbieBarnes weaned myself off it,worry,neutral
1961875456,needs to wash her cats. Uncool.,worry,worry
1694200302,@paddydonnelly you obviously havent seen my mrs first thing in a morning,neutral,neutral
1965558795,"really want to see UP, but no one wants to go with me",sadness,worry
1957042799,OH NEVERMIND I THINK THIS THING IS UNSALVAGEABLE,neutral,worry
1957688423,@djain1989 yes .. thats a problem   #prism #fail,worry,neutral
1695693796,is taking Ethan and Ryder to playgroup this morning,neutral,neutral
1965984083,I got up early to pay bills. I figured its like a bandaid if I get it over quickly it won't be so bad... I was wrong,sadness,worry
1961108829,Bad migrane and need to go to dancing tonight.... Not a good combination,neutral,worry
1753096598,@JT_NigerianBoi thanks JT i also enjoyed it i will. r u following me? ill follow u back,happiness,neutral
1696177079,Nobody does it better than www.traveljunky.com Not even half as good   ? http://blip.fm/~5jv7j,love,worry
1962938792,@RespectMileyC can you follow me please?,neutral,neutral
1695138313,omg J.O.N.A.S. is my new fave show &lt;3 one guess as to why hahahha,fun,happiness
1966171955,"the $60,000 i spent going to college was well spent.  I'm going to meet a man tomorrow in the Toys'R'Us parking lot for a cleaning job.",worry,neutral
1960433676,@TheRealScarab and this is better 4 me than a snickers bar or hersheys w/almonds.... which i use to b addicted to b4. i miss them  LOL,sadness,worry
1753007002,the voter paint just peeled off my skin. or maybe my skin just peeled off with the voter paint,worry,neutral
1751573845,@aplusk maybe cause you look so innocent,neutral,worry
1957347410,Has been underpaid  just when i really didn't need to be as well.,sadness,worry
1694531748,@SaileshR How's the head this morning?,empty,neutral
1751645076,Saw James carville in the store today. His head is really that bald,neutral,neutral
1695376109,@WorkingDaze_Roy i tell them it's facebook minus everything but the status updates.,worry,neutral
1695617781,Starbucks I'm lovin' it,happiness,neutral
1694202487,@AmyatQ13 Amy did u already check out the antics of Parella and Marcia? @ParellaLewis @madnewschick news... and entertainment on Twitter,relief,neutral
1752592710,@JohnnyDeppNews EXACTLY!!,empty,neutral
1964209801,@ericmaglio1 i have no phone  whatchu doing tonight sucka. no dane cook she sold the tickets. lamee.,boredom,neutral
1753484089,"@Juicytots Don't worry, you spelt 'NO' correctly! It just looks wrong",neutral,worry
1965332044,@catrionat7 Lol I Sed Want to Not Ach Dress Up For No Reason. Pleaseeeeeeeeeeeeee Im Bored.  Lol,fun,neutral
1753517159,"@JujuDeRoussie come overhere then, the Dutch don't dub  might go in an hour #BringTaraBack",empty,neutral
1964047663,"had to pause tv, now i'm 10 minutes behind on BGT",worry,neutral
1753775661,@lukemarsden aww bless  you guys are so cute.. are you still in touch with any of the other BB contestants? xxoo,neutral,neutral
1963477609,is coming back to Ruston tomorrow,neutral,neutral
1966332924,@rowlikewow i think i hate you.  i didnt really want to but you make it hard for me to like you what with the cake and concert on the  ...,empty,worry
1694569838,@fudgecrumpet Prefer 80's singstar. I know all the words!,neutral,love
1960993116,"My feet are killing, I've walked miles in search of an art shop...doesn't seem like Ealing has one",sadness,worry
1961236025,i went to go check my phone for messages. then i remembered i dont have a phone anymore,neutral,worry
1961895288,Going to shawnee........I hate the long drive there...i just want to get all this paper work over with,hate,worry
1964669734,work  I don't wanna go  excited fir Sunday though!,neutral,neutral
1965475898,Wtf was that crap 5 mins before the marked closed...FAZ you cost me 4 grand,empty,worry
1962056915,@LucyMeez   I tried that pincode... and it says it is expired... you only just put it up.,worry,neutral
1694258553,Don't Think Twice creative blog. Cool stuff. http://www.dontthinktwicecollective.blogspot.com/ @karensaba thanks,love,neutral
1752796138,@jenthegingerkid oh. em. gee. i think that might be it!!! i wonder if i can get it @ a macy's - do you know a/b shipping?  @c2s :X sorry,fun,worry
1753199121,Will cook a sumptuous lunch today,neutral,happiness
1965794607,"All dressed, showered and clean-shaven and I have nowhere to go on a Friday night",neutral,happiness
1695511600,Office til around 6 today. Good day yesterday...I have a BSc now,relief,neutral
1961577021,I haven't logged onto Minto.com in like 3 months and what I saw upset me  Gotta do better!,worry,worry
1694903653,New Article: http://tinyurl.com/c6mek5. Let me know what you think...,neutral,neutral
1957359907,@erikamodina Yeah ! I downloaded her whole album. :&quot;&gt; THE FAME ! I miss you taking care of me  Hahah !,worry,neutral
1965896099,Just finished bowling with my family.  It's definately not the same as with my friends,worry,neutral
1964391168,"Omg, my mom just called... Im too late... Hes gone",worry,sadness
1750999930,Glad to see @Nigellamb and more Red Bull Air Racers here keeping us in the loop,relief,neutral
1963343605,today sucks so far  god please make it bettterrrrr,worry,worry
1962569033,@SpinachPuffs yeeeeah . . . and it was in intro too  seen Empire top 100 computer games? http://www.empireonline.com...,happiness,neutral
1961005154,got woken up early AGAIN  I kinda wana just chill today but there's so much to do!,worry,worry
1966110120,Wow it's like a VPL fest in front of my office right now.,neutral,happiness
1957157433,Wow. That hurt way worse than i thought it would.,surprise,worry
1694090727,@nicurrr over herrreeeee,neutral,neutral
1753649654,it's the last day  in lonesometown,relief,sadness
1695375836,Looks like the sun is making a comeback in the midwest!!!! Happy Monday to me,happiness,happiness
1750965705,@coreymekell not a lot!! im bored! My names Crissy BTW lol How u doinnnn???,neutral,worry
1752749191,working on the climb season 2 episode 5!!,enthusiasm,neutral
1693998542,"Listening to the commentary track on Holiday Inn. Never thought I'd see Bing Crosby in black face, but the rest of the movie was cute",neutral,neutral
1960554951,@inrsoul argh. Interested. Time maybe can't go. Maybe.,fun,worry
1752985065,@lauraaaknight grr @ naplan. just finished my commerce &amp; geo exams  good luck (Y),relief,neutral
1965398032,Gonna miss the girlys soo super loads! Wish I wasn't going for 3 weeks! It's wayy to long,worry,sadness
1961969140,Internet is painfully slow today,anger,worry
1753363826,mothers day..didnt do anything exciting...saw a movie,worry,worry
1957336120,gotta love how im waking home at midnite. dangggg pray for mr. im so jumpy,worry,worry
1962725604,"Wow, my bed is SO comfy &amp; my nap has been much too short. Getting up for work = do not want.",sadness,neutral
1753159520,@njoups thnks for followin,neutral,worry
1964537235,"Omg, little kids with cancer is the saddest thing ever",worry,worry
1694879525,Laura When Ur up Call Me,neutral,neutral
1957376888,@kyluhtoots oops. Cy's place is too near. Trouble for me.,worry,worry
1694793006,@babygirlparis where are you going paris?,neutral,neutral
1957502283,"Euh, got LDAP Schema Error  Why oh Why",worry,worry
1695137089,"UGGG my computer is running SOOO SLOW today, it's driving me batty! Guess its time to remove files and defrag AGAIN UGG want a MAC",worry,worry
1966192431,"On my way to work, I'm kinda sad",sadness,sadness
1958048725,won't be going to the Oxford Internet Institute Summer Doctoral Programme in Brisbane: lack of funding,worry,worry
1962661667,@DJMagic aww i'm sorry!! I was rushing around on my lunch break so I didn't even think of it!!,worry,worry
1753293379,@guillermop you should.,sadness,neutral
1753836820,"You know when your make late night calls to India team members for more pictures, your struggling with your message.  Thanks @angelac519.",neutral,neutral
1695885565,@MrsMoNJ ha i dunno! i usually check it during the day and i've only been caught bcz i replied to your tweet,neutral,neutral
1694053401,I still want a Smartcar!!! Don't they have the most wonderful designs ever?,neutral,worry
1957641284,Today is my last official day of Uni! No more balancing uni work with music!!!! Til october atleast,relief,neutral
1960433862,my Chrissy is sick w/ a spring cold   Tissues stuck up his nose last night looked so pathetic.  Feel better soon baby...,worry,worry
1963371028,No betta nest  I think despite the heater it gets too chilly at night,surprise,worry
1962981309,@tagscats thanks! You know that happens once in awhile,happiness,neutral
1961450097,"@nikkibop and he's not even fat!!!! Huh, @freyalynn? He's just friggin huge!  I have a freak.",sadness,worry
1753157491,Good morning guys!  Dont forget: Today is mothers day! Mommy? I LOVE YOU ! Youï¿½re the best &lt;3,love,love
1958075512,@dilyaela nope not really only a sweatshirt.  oh and these really really awesome doughnuts haha,surprise,happiness
1957209385,Good morning my sexy twitter how's yall doing??? I'm gd but it's like 7:49am n I still wanna sleep,enthusiasm,worry
1752749297,Heading home  i love my boys,love,love
1753758991,On the bus.. Yay six flags,neutral,happiness
1753465881,nite nite twitts i wish u all a happy sunday i already have my major gift my my 2kids-my bro-n @_agressiva23 n 1 other gift on d way  tyg,worry,happiness
1753886145,@halia Smile. Everything worked out.,relief,neutral
1752564545,"Off for some sleep, g'night everybody! Hope you had a good day",neutral,happiness
1694329069,"@pyuric Enjoy the coffee. We miss you, petite puce (adica Puricel in franceza)",love,love
1753329433,http://twitpic.com/4wppg - Oh yeah  Bring on Morning tea tomorrow.,neutral,neutral
1696219153,"@timhahnproject Heh.  When I moved into my house Pius was having a pep rally, so there was cheering and a band.",happiness,happiness
1751887414,@ADKmama I'll have to add your shop to my favorites! I love your needle wraps. Right now my needles are all in a mess in a basket,love,worry
1964289336,@soapylove I saw that - unfortunately it happens to be on the same day as my high school reunion   I will have to catch you next time.,worry,neutral
1694072339,@Amaury_Polanco Hi I have uploaded 5 completely new Chinese Lessons on www.youtube.com/ChineseLearn Please feel free to watch and enjoy,happiness,neutral
1963969175,where's my new @NylonMag,worry,happiness
1751396401,@rockchick0125 yup!  Now I can join in on the nin access fun!,anger,neutral
1694903294,@HollaAtK Hey  Did you have a good weekend buddy?,fun,neutral
1965978693,"slept in, missed bus, train delayed, doesn't stop at my stop, late for work. fucking heelllll",sadness,sadness
1962443093,at work booo....,neutral,neutral
1961371704,@joaniemaloney yep  which sucks because i thought somewhere it said it was..,sadness,worry
1963134899,On the way to the dentist.,worry,neutral
1957489460,Another boring meeting to attend,sadness,sadness
1694456884,"@_shutupandsmile ow  .. we go back to your last avatar, Is that your boyfriend who lying on bed?  i see it!",neutral,neutral
1753215845,@iMBA haha Good job getting close. Her eyes are set somewhere else though,fun,worry
1962297039,@leecattley No idea,neutral,neutral
1966157658,I wanna listen to the full Send It On,neutral,neutral
1965425688,There is ALWAYS one JOYKILL in the crowd!    haters!,hate,neutral
1961685762,Up and moving... my dad home when he should be working.. im due to work at 12,worry,worry
1752443006,"@UncleRUSH Hope you get better. I know you will have the best medical attention. if not let me know, I will be right over",worry,worry
1965387026,"@MissKittySF umm well i only go to house clubs and i never go to north beach so.no idea, sorry  been out 1x there 2 a now defunctlesi club",worry,sadness
1694684964,"In a philosophical mood tonight, wandering round after dark does that for me",sadness,worry
1751750529,"Just joined. &lt;_&lt; Not even sure if any of my friends have Twitters, maybe I'll just be a celeb stalker o.o",worry,worry
1753534888,i miss mcfly last night so much!! i was front row centre  danny was making me laugh so much LOL,happiness,sadness
1964644785,"Whoa, I didn't mean to sleep for more than an hour",sadness,neutral
1753328676,Fab sunny day,happiness,happiness
1957509662,@Kristie999 same. Was going to try warm milk but I'm lactose intolerant  haha.,sadness,neutral
1695965485,hi all! i'm in again!,neutral,happiness
1695221512,Getting a lot done in the office already. It's good to be here early!,fun,neutral
1695029774,Through the Fire and Flames - Dragonforce,neutral,neutral
1964116413,@sneadles What a great picture!  We won tons of money that day.  (       ),happiness,happiness
1957424035,"Gotta sleep, and then off to work",neutral,neutral
1957087793,Missing you all deeply,sadness,worry
1966347961,Justin is SO warm! It makes me worry when they have a high fever and I go to sleep.,worry,worry
1962149930,arrghh stupid eczema      i have to go soon. sort it OUT! :/,worry,worry
1694684846,@VeeeLEE  SUMMER farn lai ba ahhhh,neutral,happiness
1960206133,I want some Starbucks..,neutral,worry
1957594049,i thought it was already winter. turns out winter has even started,surprise,worry
1751036462,i would like to see bacn.me added to tweetdeck as an option for a url shortener   tweetdeck would be even better with #bacon,fun,neutral
1753073592,@Milzyxx just hanging with my bestie,fun,happiness
1753714197,http://snipurl.com/hq0n1 Just printed my mom an Amazon gift card  for Happy Mothers Day talk about last minute.,worry,neutral
1752590675,@AspaPhoto Ahhhh \you are soo smart  Thanks for this schooling of thoughts,surprise,neutral
1694201680,Download movie  Dollhouse http://tinyurl.com/crbe6n cool #movie,enthusiasm,neutral
1964826940,@JennyTaylor94  yer it is...poor little cock  but she well doesnt deserve the stick off everyone! cowell once again going against producer,anger,neutral
1964327356,@KaseyTheGreat I submitted my resume the same day and saw no answer back. Oh well...,worry,neutral
1960718324,At the dentist. I have a hole in my tooth,neutral,worry
1752591998,@RiChArD_Morgan_  which 1? There r2 that I love and want to share  i just wish I'd made them-,love,love
1964579209,OPS sorry  Queen Mom,worry,worry
1752797918,"@AngelIbarra You guys rocked tonight. And yes, us Tacoma kids RULE.",happiness,neutral
1963189857,@Saaaandra I want to go with you !  But I'm tierd....,sadness,neutral
1694587301,I'm in French and we don't have a teacher.  One hour left til school ends.,neutral,neutral
1964602791,"@therealpickler hey kellie,how are u?I FEEL HORRIBLE!",worry,worry
1957300243,@viintagedresses aww poor Caity  :L add people n they will add you,worry,worry
1962408814,ok its FF soooo why isn't anyone following MEEEE??? LOL ughhhh I have some lazy a%# followers they wont even help me out,neutral,worry
1695691823,"@taylorswift13 lol, good luck with that ;) love your vid for YBWM",love,love
1961215555,I dont think he's ganna text me.,surprise,worry
1751289714,@woahhitsjess hey whats up? did u like the new episode of JONAS?,love,neutral
1753292887,@SummerSeaweeds Wow that's very Buddhist o_O HOORAY JEWS,surprise,neutral
1694014894,still awake..doing my assignments and playing virtual farming,happiness,neutral
1694400083,@tyhowells Not swine flu I hope! Take care of your health mate  Tell me about your business derek_bell@mac.com,worry,worry
1964329436,its all over! no more high school,neutral,neutral
1965891590,its too early to be up,neutral,neutral
1751175572,just got home from a partyyyy. had a good time. can't wait for my birthday in 7 days!,worry,happiness
1752086929,@atexasattitude I'm sorry darling... I'm all over the place tonight.. I didn't mean to neglect you..,worry,worry
1695053825,god assignments are stressful ! but its finished now lol and im off to bedd,surprise,worry
1753158020,helll yeah  i found a melon bar in the freezer ....mmm best cure for my hangover,love,neutral
1957493957,@nicolepenney That sucks! I'm going to be doing summer school.  Need to catch up on several units,sadness,neutral
1957571320,working on my oral presentation and upset.........,worry,neutral
1963809301,"@_Toki_ the wee girl started crying and her mum came on, was such a shame",sadness,sadness
1753903876,"follow my dad @GeorgieBouy he wont have much fabulous2say,but it will make him feel loved",love,worry
1963387764,been driving for 3 hours...very carsick,neutral,worry
1753095139,@nikki_78 yes i have to agree it does,worry,neutral
1963650591,"@Jennifalconer how tough was that, just wanted to hug her like my own",sadness,worry
1961465500,"@jenmussari my internet in like 9th grade was so fast, its dieing out",worry,worry
1961618622,I would LOVE to ride the superman right now...,fun,love
1694857754,good morning!  i hope you all have a good day today!! although its a monday... be positive! ;),love,happiness
1965950861,to the people i was txting... sorry phone is dead and i can't resurrect it.  hopefully verizon will replace it and i'll it back by tonight,sadness,worry
1752748427,@plasticpiranha He was my reason for even going too haha.  Shaun of the Dead was too epic haha,love,worry
1694879423,@pcornqueen Good morning and thank you for the re-tweet. Have a great day yourself.,love,happiness
1962911316,"@jennhoots Well let's be blessed together then too! Yes, I feel better, but I would be sick again though if my little was spared.",worry,worry
1693978294,anyone got an FFE account? if so.. add me,neutral,neutral
1963875087,or even NOOOOO NOT THE SECRET NAMEREBECCA PLEASE,sadness,worry
1752845035,@ericludzenski GILF = grandmother.,neutral,neutral
1695884138,Very proud of my son - he's just found out he's been offered an unconditional place at music college,love,love
1962323061,got caught in the rain outside. now im cold bbbrrr,sadness,worry
1753366876,"@IIanS I love U2! Lol, I you ever need a slow but good audiobook Oliver Twist is a one I've been listening to lately.",worry,neutral
1963727501,@hollie__ Aww bless her. She's one of my faves,worry,love
1753868746,http://tr.im/kXCL 'Immigrant hid passport in pants' What a genius.,fun,worry
1961486575,@TheFeed Your STFU E3 list link is broke,neutral,neutral
1966226672,its stormy,neutral,worry
1695768533,today will be productive: gym now....lots and lots of writing later,enthusiasm,neutral
1751359723,Watching the fight video.  Still shots of me breaking his nose to come soon.  Austin D. has some pretty good commentary.,worry,worry
1960448602,"is just waking up.. not very impressed with my sleep or my dreams. today is going to be a sucky day, I can feel it",worry,worry
1964493215,Back to Work,enthusiasm,neutral
1957522687,3 hours of sleep and a mild hangover = carelessness and the loss of a brand new ipod pouch,sadness,worry
1753499754,#mikeywayday? Count me IN,fun,neutral
1961453017,@kelseyrose56 I WISH YOU WERE GOING TOO!  are you still coming to nicoles preprom? @nicolesx319 Can't wait for preprom!!!!,happiness,worry
1753399299,I am listening to the music of Super Juniors of Korea. I so like the way they sing and dance. I hope someday i can meet them.,fun,neutral
1962372642,Omg. That's all I can say,surprise,neutral
1965538635,@SpringWestEnd i cant believe you are closing 2moro and ive never had a chance to see the show  Good luck to everyone - you are all stars!,sadness,worry
1964372737,@active_girl - Bummer...mail came but package didn't,sadness,worry
1961278423,@Cinderell4 bad luck  oh well next time you will be more lucky...,sadness,worry
1695846713,Somehow my alarm became an hour fast and I came to realize it as I was leaving the house.. It feels good having an early start,surprise,worry
1961554794,"@evanlyoko Yay! At least I'll get to see you next year! I'm sad, too.",happiness,neutral
1963873810,Hmmmm where is everyone my house is empty.  am all alone.,worry,worry
1694705095,talking to jessica about her one true love. she thinks this could be the real deal.  lol also i am thinking what i should do about my prob,love,worry
1963370015,"@cwardzala Ironically, that thought goes through my head (no pun intended) for *every* headache I have...  Hope it goes away soon.",worry,worry
1964711444,I h8 this weather!! It's the be gloomy &amp; rainy all weekend,hate,sadness
1963293604,Getting ready for a going-away dessert reception for a colleague who's off to grad school.,fun,happiness
1753804068,"@Linniesuniverse Lucien Kerk, one of our church vocalists",neutral,neutral
1957662943,Just missed my train,worry,sadness
1966162428,@TraceyHewins Tired! I may have to go to bed. Trouble is I miss all my American evening friends.     X,sadness,worry
1751215517,Um i have the cutest girlfriend in the world&lt;33.. Kthanks,love,love
1694568123,i am kind of excited to go to school today. i dont know why. hopefully it will be a good day,happiness,worry
1958104410,"@sianmclachlan Sorry, that was a bit negative!",worry,worry
1963747517,@2flutterby  Hang in there! Drink some hot coco,neutral,neutral
1752699450,made $30 tonight watching 2 little kids swim and watch a movie!!! haha i love babysitting haha,happiness,happiness
1964773014,i wanna leave work already! Not feelin it 2day,worry,sadness
1753416115,@Vocalyz Hi  Im Better... Drinking Hot Tea With honey ^^ ... Thanks... Take Care Plis,happiness,neutral
1694476924,@Sixxjohn i think i been followin u 4 bout a week so yea kinda,love,worry
1694237491,SBS 2003 or SBS 2008! Damned if you do and damned if you don't!  Fun times at GCH!,fun,neutral
1961248597,changos el link no me sirve mta,love,neutral
1694606280,@Blondie_HK very funny,happiness,happiness
1957599828,driving lesson then off to ikea with the mother and finally work. today is going to be wank,worry,neutral
1751214232,I'm watching The episode 3 Of JONAS OMJ,love,neutral
1961039184,Is getting ready for work... Working all weekend,neutral,happiness
1753484744,"@Darcrider ... rather than outdated &amp; bigoted at worst, and outdated, patronising, imperialist, monoculturalist &amp; self-righteous at best.",hate,neutral
1961171317,Ugh I'm so sleepy  I think I'm still kinda sick,worry,worry
1694771417,Brad Fastings is my favorite person to hang out with from 12 AM to 5 AM,love,neutral
1963105681,"Damn, I Burned My legs  !x",worry,worry
1751287919,"@ritajking oh wait, i messed up my own messed up lyrics, that should be &quot;don't concretize it&quot;",neutral,worry
1753851984,Happy mothers day! Be good to your momma's!,love,love
1957037860,"Scary lightning and thunder  I'm glad it's over now. Going to sleep, I hope I'm not late to school tomorow again. Haha",relief,worry
1694346172,"Weather is lovely, I'm headed home via supermarket. Planning to spend some quality time knitting tonight.",happiness,neutral
1965253769,it's ridiculously warm in bed,fun,happiness
1963950527,lots of Reqs today.... no fun,sadness,happiness
1752019557,@KeriLyn2980 Totally  plain and simple.. i hate all thoes bridezilla shows.. if i was the groom i'd be running far far away!,hate,worry
1958122002,@mitchelmusso Heyyyyy us English fans want some signings too,happiness,worry
1963584101,lost my tooth 2day whilst i was eating gum...oww,surprise,worry
1695375447,Went to see hannah montana movie on saturday  loved it .... still cant work twitter out though,love,neutral
1694791628,@andrewdisley @patrick_h_lauke Sefton Park in Liverpool would be good... and 200m down the road from me,surprise,neutral
1965656788,Golden Girls marathon about to end  #lofnotc,neutral,happiness
1964648594,@ReikoEoh I bet this would've been fixed if I could've called up @Twitter on the phone and explain this whole situation. Jeez.,neutral,worry
1753052765,HMV Shinjuku,worry,happiness
1961102942,@ingek73 I'm on blip but can't get it to work on me iPhone,sadness,worry
1695026689,"is @ school, we're gonna learn how to use skype",sadness,neutral
1965076439,aahhg....i only have 1 orange slice left ! do i eat it now ? or later ? this is quite a pickle im in  *sxyhrlygrl*,love,neutral
1752748712,@enobytes  drank a 2003 I guess that doesnt count?,fun,worry
1694090958,That's the Birthday Boy's iPod Touch and DSi set-up and sorted. Just to think I would have been happy with a ball + boots at that age!,fun,neutral
1751643490,@gush4plush Congratulations! Check that one off your to do list!,love,neutral
1752473897,@Ms_GiiGgl3z lmao ight im dun wit the faces lmao id rather see urs tho  lol,hate,worry
1752645296,"@AClockworkToad I will take lots of pics! it is really pretty there, lots of palm trees.",happiness,happiness
1751819758,@mattlogelin http://twitpic.com/4wb52 - Such a pretty baby!,love,happiness
1751070354,"Had to change &quot;within 50 miles&quot;, because within 25 miles were effin' BORING.",relief,sadness
1695656731,@clyp1976 thanks!! I definitely will! The next season will be rainy and it comes in two month's time!!,happiness,neutral
1753583689,"There are wonderful people in my life who I think I can handle only in small doses  &amp; there is just 1 I cud be with every hour, everyday.",love,worry
1965928491,Greenville Drive games just aren't the same without the &quot;Baseball Guy&quot; clown.,worry,neutral
1752964191,@jamie_oliver Please pass on our &quot;happy mothers day&quot; to Julz. Have fun with your girls,love,neutral
1753157553,cynthia and jenny are spamming my twitter! haha,happiness,worry
1965073393,I still smell of smoke  #kitchenfire,surprise,worry
1694014105,which is why i can't wait till i move out of home and life by myself next year  WACKY ADVENTURES EVERY DAY!!!!!,happiness,worry
1964709381,@travisricejr Because the ferry that was supposed to take us out changed their schedule. So now I have to fly out on June 30 on a red eye,worry,neutral
1960568196,Just paid my bills now I have no money,sadness,worry
1753450379,@JazZyLov3 loll my dad leavingg and moving to las vegas and myy now ex boyfrienndd is FINALLLY done talking to me and has left me alone,hate,neutral
1962481125,$4 lonestar pitchers at @mugshotsaustin ?  If only I wasn't still recovering from last weekend's bout of irresponsible gluten consumption,worry,worry
1753348548,@computermuseum http://twitpic.com/4wptj one of my prized mags/book/annuals dunno if any others were published prolly should google it,neutral,worry
1957154220,"@soverpeck dude, i didn't know it was a personal experience. sorry something like that went down",worry,worry
1957412353,@jlynn242001 ur there when I'm not  lol,surprise,worry
1695548136,wowww!! havent twitter in like FOREVER!! all done with SAT! Finally! soo happy!  i think i did terribly but who cares! ITS DONE! lol,surprise,worry
1965684631,seagull hates me and im utterly depressed about it. i miss him.,sadness,sadness
1695165028,@ilikepeanuts supp?,neutral,neutral
1695192187,indian or the cowboy? actually considering going to the carnival,neutral,neutral
1956995196,@neesabear early happy day of birth in case I don't make it! Very tired from therapy today n just taking my medicine!  misshu! Love ya!,sadness,worry
1960158106,@WerewolfJacob Thank you for the shout out..when you get time to chat with me come back! I miss you terribly,sadness,neutral
1962103517,work all day,relief,neutral
1962774893,URL in previous post (to timer job) should be http://bit.ly/a4Fdb. I'd removed space which messed up URL.  ^ES,neutral,neutral
1753600346,going to a garden centre today. should be funn :/ currently drinking egyptian spice tea and watching hollyoaks,fun,neutral
1957059917,@turnitgrey my computers broken and I broke my laptop so I had to use the phone  ahh still on he cause they fucked up my order.,sadness,worry
1753484247,Getting ready to go study outside while having some fun in such a nice sunny day.,fun,happiness
1753349544,"@konaish Do you know if you text to 40404, it'll go to your twitter after you set it up with the settings.  And FB posts - text to 32665.",worry,neutral
1961288549,Can't believe this Shit! I've spend 30 minutes for for a snickers ice cream... Seems like no one does then anymore!,worry,worry
1694975976,"So I got up, went outside planted a few flowers and watched a lee evans DVD. Who knew bank holidays were so fun",happiness,happiness
1965367778,Just woke up from a five hour nap. I still have a headache.  Medication time!,worry,worry
1964326060,Ok the thunder is scaring me,worry,worry
1752291308,@julieannee sup betch,worry,happiness
1695655245,ohay clean teeth,relief,worry
1751503004,@LauraJames3 I crochet Laura. Simple stitches...I can make a mean afgan!,enthusiasm,neutral
1694857326,happy star wars day everyone  off to celebrate with the family... ok we're not celebrating it but i am going round to the famo's...,happiness,happiness
1962200718,is off to get the boy and then to his doc. Persistent coughs are not good.  http://plurk.com/p/x285t,sadness,worry
1753031206,"Welcoming new #followers: @chillisoft, @Hansieboy, @keylman  @luongdat, @pleasehelpmenow &amp; @FLWbooks. Thanks for the love. Tweet on!",love,happiness
1957640700,"Back on track with the transcription process. Still can't stop my lappy overheating, though",neutral,worry
1696043380,Good Morning twitters!!! I am soooo tired...I really need 2 stay off of twitter...LOL this shit is taking over my life...LOL,boredom,worry
1751644973,really rather drunk  drunk thoughts - how am i getting to work tomorrow?! is loz alive?! does gandhi read comic books?! we will never know,neutral,worry
1960466356,"W4M: No clever headline, Sorry  (Salt Lake City) 29yr http://tinyurl.com/mpoghc",sadness,worry
1962229629,...just waiting to get picked up at the train station by my bro and then off to the gym. Can't believe I bumped someone last night,neutral,worry
1964449470,Moses and his girlfriend broke up!,worry,worry
1752846046,@NicciSnail I'll most definitely write about it! I look forward to your article on RE5 (if you do write about it) It should be fun.,happiness,neutral
1696044107,@Utopia_of_Chas good mornin sunshine...at least the work puter will go faster,relief,neutral
1695730685,"Monday, Monday. Mr. Cade is home on the couch &amp; I have lots to do today!",fun,neutral
1961180535,"@nickcres ive tried to, and nothing has worked. i dont think he's all that bothered *sigh*",worry,worry
1965907546,The engine on my car blew,worry,worry
1957530310,My dead grandpa pays more attention to me than you do,worry,worry
1752795964,@DawnRichard giv ya mom n gman happy mothers day,neutral,love
1966285480,Swollen face.....again,worry,sadness
1963995951,Sittin through this boring ass conference call... Then i get to go home n nap *{missin @AndyR3w alot  }*,hate,neutral
1965988306,i wanna go home,worry,neutral
1964651835,My breath is weezy.  No more going to knotts when you've been sick all week.,worry,worry
1962188741,@dj_crisis deathmatch? I don't have that game. Plus.... I'm not really good at any games  lol,neutral,worry
1693957972,I just want this semester to be over! Only a week and a half then it's moving time!,worry,worry
1694726547,"? @TheRealGinuwine ... thx for ur msg, so awesome!  luv the new single! xoxo http://tr.im/kpDW",love,love
1961132379,all cash  and looking for trades...can't find any,neutral,worry
1694569619,@alandavies1 diggin' your moustachio! Looking good daddio!,surprise,happiness
1695083279,14:14 .. someone is thinking of me  good luck to lynny and her tattoo ;),happiness,worry
1960158571,is so sick of myself + my life  i'm never going to be as good i want + need to be. xoxoxo &lt;/3,worry,worry
1694493162,@LittleFletcher sounds great!!!! I hope you look so beautiful  xxxX,love,love
1957636613,@oliviamunn that was pretty lame babe,sadness,happiness
1752122932,you got my vote hottest guy of the yearrrr @thomasfiss,fun,happiness
1694034070,@dayBdayPolaroid @theteganandsara follow?,neutral,neutral
1962406657,Loves using remote access to use my desktop from my laptop.  -- Back from Emerge once again.,love,neutral
1694348993,"everybody is awake (well not everybody, u know what i mean. ma friends) haha, and I'm having fun AIMing them",happiness,neutral
1957147422,"Downloadfestival's lineup isn't as good as i thought it was. There are some other awesome bands doing the festivals, but missing DL",sadness,worry
1694420158,finally a free monday,neutral,relief
1957260020,Can't get the sound to work while on DVD. I was going to watch Mary Poppins.,worry,neutral
1963304158,Re-pinging @NUNU_B: Is it pathetic that my mom is my best friend  hell know I talk to my mom bout everything everythinggg,neutral,worry
1961898574,a female robin just flew into my window and I watched her die in my bushes...  i think i am going to cry now...,sadness,worry
1751608953,At anthony's for prom.,neutral,neutral
1962699796,@WerewolfSeth YES!!,happiness,neutral
1750930121,"@specialk0478 yeah she's part lab, part spaniel.. all energy hehe but i love her to death",love,love
1752256316,Snoops uncle who was the COOLEST dancer EVER!!!!!!  http://twitpic.com/4wfqn,fun,happiness
1751610159,"btw @austincarlile, @jaxinhall, @philipmanansala, and @youngfuego, i ordered some of yer merch yesterday.!  &lt;33333333333",worry,neutral
1957136704,is going home... I've seriously had enough,worry,worry
1957620685,Least u can get some more! Im broke,neutral,worry
1961411786,@dlanham hey is there a way u can make a somatic theme for leopard? some themes have installers already that are shapeshifter independent,neutral,neutral
1695411631,@sueyoungmedia Thanks so much!,neutral,happiness
1694345183,@ChrisKalydo Happy STAR WARS Day,happiness,happiness
1752647022,@mileycyrus YOU GAVE A GOOD SPEECH AT THE BREAST CANCER FOR REVLON FOR WOMEN TODAY,fun,neutral
1963598578,@scotlanded It is! Wish there was one in our area.,love,neutral
1694474879,@GinJam it was an adventure to say the least. I've been to nicer parts of Norf London but will stick with the south for today,happiness,neutral
1964005988,I tired today I think I am gonna take a nap before our friends come over tonight....I miss him and wish he was off restriction already...,neutral,worry
1965079708,home after a while out! i feel like a long skate seshion but got arrands to do,relief,worry
1752562730,Hanging with kevin tomorrow!  out goes being productive.,happiness,neutral
1965260196,@KRushtC that's because you've been avoiding me.,neutral,worry
1694473491,"uft im tutoring the lil sis  shes so cute, even though shes an eighth grader :p",fun,worry
1694203902,"come on, leave Gretel alone now  I liked her doing the #Logies",neutral,worry
1958067852,@dannymasterson Miss you in that 70s show!!!!!!,sadness,sadness
1752535987,Playing cards with my niece.,fun,happiness
1962703698,@sunilsebastian I still have a lot of time on my stupid contract...  18 months before I can change providers,sadness,worry
1962147412,@nick_carter Your video is set to private..,worry,neutral
1753398668,"@juiceegapeach it's called dirt, go take a shower! jk",neutral,neutral
1962914481,@PenDaRella just that you're not here...,empty,worry
1753313043,"As kids, this is how we attempted to dance http://digg.com/u12xAo No idea to what the words mean,but the moves are so cool!",fun,neutral
1966328217,my guinea pig died today,sadness,worry
1965818342,Nothing to do tonight.,neutral,worry
1752618023,@officialTila Fashion show?? What was this I heard about dating a tweeter? Trying to catch up.. but soo much going on..,neutral,worry
1752941943,@brookenparsons not nerdy at all. I made one yesterday.,neutral,sadness
1752383338,@_peanut_ Thank you. Now we'll just have to see how long it takes me to finish the damn thing.,sadness,worry
1960329331,@Policani The Northern Clemency.  But I don't recommend it.  Too much description and not enough action. Too slow,worry,worry
1753727585,is working hard or maybe thats hardly working,neutral,neutral
1753617440,@novahalle i love everrything from breadtalk  i would eat the whole place if i could,happiness,worry
1694455481,@dmeeker @alanstevens  @scrum_coach @sethrowe @scottreynolds IMHO this soft is the best to keep the chaos straight   http://bit.ly/yuFil,neutral,worry
1753416781,@Hyperopia That's gorgeous. I'll check out your new pics!,worry,neutral
1963901543,@welsh_lottie Not one of my favourite pastimes  This weekend is a long weekend here so Monday I'm off to an Ice Show w/ the G/daughter ;),happiness,sadness
1957546773,Cars been dropped off for service and mot  getting the train home! Hate public transport!!,hate,worry
1965334749,"wow, there's still the void of whre thomas left  The heartache is never going to go away",sadness,sadness
1752442956,Time for me to go to sleep! It's almost 1am. Night everyone! Happy mothers day to all the moms out there,happiness,neutral
1752774436,"saw kim kardashian on robertson today, ate a hella good sandwich at bay cities in santa monica, and just downloaded a lot of new songs",relief,neutral
1751818943,Mom's day dinner was awesome -  can't beat a taco loco - good times,love,happiness
1960751563,@htoddcarter @CatholicMeme http://tinyurl.com/mdr7b4 I just noticed that too,worry,worry
1961567207,@fightingfatigue Got any tips for a mum of a 14 yr old with CFS who can't sleep at night. He falls asleep about 4a.m. till midday or so,worry,neutral
1753806888,Going to bed...I love the weekends,worry,love
1963548540,@shelbyelizabeth hasn't shipped yet  I won't get over there until at least 7. I'll call you.,empty,worry
1966428499,"twitter wont change anything  TWITTER, WHAT THE HECK IS WRONG WITH YOU???!!",empty,neutral
1753073578,been high azza bitch all day.... was goody... i missed u twitter,sadness,sadness
1964885130,Aaarrrgh! I sooo want to see @johnlegend at MSG in August but dammit the decent seats are expensive. Booooooo recession!,sadness,worry
1752647229,TIGERS! WOO! YOU'RE MY BABY! omfg. cleveland was a blast. sleeping.,love,happiness
1695693826,"It is certainly spring in Vail, Co.  It is raining and snowing!  Doesn't mother nature know the mountain is closed for the ski season!",happiness,worry
1753534800,@vieirasboots - all is fine  thanks! you guys dont have any quakes there?,happiness,neutral
1753256420,"It's my wall, and I like saying I banned Zac Efron  lol sonny",neutral,neutral
1751608500,@starryeyedsoul Meeeee! It sounds delicious,happiness,happiness
1695925301,@lilxklein i see you hannah klein!. lookin good today,happiness,love
1960762036,@LolzyluvsJB Neither could i! And i looked on ebay and it was like 250 euro for two!!!! but i doubt my parents would fork that amount out,sadness,neutral
1695136143,Anyone plan on revolutionizing real estate this week?,relief,neutral
1753450654,No credit left on my mobile sorry Brit! *pounces back* Thanksss Tania for the EPIC photoshoot,relief,worry
1753135937,"Happy Mother's Day to all the moms out there!  You are all amazing, and we would be nowhere without you!  Thanks for being our moms",love,love
1961090291,I'm so disgusted that my assumptions regarding what happened in Harlem last night were 100% correct without reading the story first.,worry,worry
1750894405,show time baby! bye bye for now Tweeters,happiness,neutral
1966184829,@urbanfrolicker I'm going to Cali in like two weeks! But it's nor cal,neutral,worry
1752942429,@MaraBG OK!  ~ you are such a wild one - can only imagine this one...,neutral,neutral
1966280273,@keeleykerrins Dear god i hope they save it.  http://www.the-impossible-project.com/,worry,worry
1965266715,@mitchelmusso do you have an england saynow number? Because i cant call the us one,neutral,worry
1694348300,@leeprovoost Thanks for the tip! It's our Company laptops so was aiming for another solution actually....,happiness,neutral
1958034904,@AriannaHalshaw Oh no,surprise,worry
1961092589,my hairs straight  lmao,neutral,worry
1751537314,"Star Trek was GREAT yet minor details needed to be worked out, but I give it a Thumbs Up, regardless!",fun,neutral
1694400563,@player112345 Good Morrow! How are you this fair morn?,worry,love
1962683562,I really miss Sebastian,sadness,sadness
1963393116,House Hunting was a PAIN! House Shifting is a SUPER PAIN!! Packing never seems to end  I can't even Imagine Unpacking :-P,sadness,worry
1750966262,"@thespunkyone So then Fuckin Awesome Super Sexy Stud Muffin Beast, How's that sound to you @JonathanRKnight",love,love
1694745795,"@Mennard You are very sweet, my everyday hero friend",love,love
1752895975,@Karen230683 @amysav83 remember and drink plenty of fluids! and no buwieser dose not count!,worry,neutral
1961822468,"Downloading TF2, a mere 6.3G ... 3% nearly instantly now down to about 500KB",neutral,neutral
1957460018,"@Jessicaveronica MARRRRRRRRRRY ME! &lt;3 have fun partying tonight, have a drink for me, if only i was 18 i wud come there just to see you!",love,happiness
1752255689,"Coldstone with kayla and some fat guys, but she is all that matters",neutral,worry
1753649397,"@Narelle_NZ busy,fun mother's day thanks  got what I wanted...a Wii Fit!!! Yay",happiness,happiness
1962139631,Cant wait to leave work,enthusiasm,sadness
1963130958,NOT a good day. Sigh,sadness,sadness
1963500985,Doctor's appointment at 4:30 because my blood pressure is high. Really?! Already?!,worry,worry
1960666000,"@Malcmail I wasn't given an exact date, but it shouldn't be much longer. Please accept our apologies for the inconvenience!",worry,worry
1965821114,My car has an alarm &amp; immobiliser so it makes it incredibly complicated AND costly! I have no key code neither for the immobiliser.,worry,worry
1753599032,@bradiewebbstack bit excited are u bradie lol,surprise,happiness
1962614895,@dawl83 how you get a day off and you still aint hit me.. Where is the lOVE?,sadness,neutral
1694880875,@LiesX I see,neutral,happiness
1753415633,"#SanctuarySunday @Sus555 thanks for joining on #SanctuarySunday, follow more Sanctuary people to keep up to date on the tweets!",neutral,neutral
1752535979,awesome night in the city,surprise,happiness
1751642359,@tommygun_ that is the truth.,neutral,worry
1694091852,Morning and hope everyone has a great bank holiday,neutral,happiness
1961287855,"I must have applied for about 20 jobs every day this week, why won't one of them contact me???",empty,worry
1696004171,I love cute texy messages. Especially when he calls me mandy,neutral,love
1960520195,"can't gauge the time of day in my office anymore... It's worse than a friggin' casino in here... no waitresses, smoking, or booze",hate,worry
1694366178,@BlondMobile not sure if i need to hear what VC's think.  There's been problems in their business models..  Will the momo thing be good?,worry,worry
1957737906,Jinxed myself! Damn system upgrade didn't stick... Starting again,worry,worry
1965654099,@allcash4homes me too,neutral,sadness
1962700122,@EuanGriffin Why?,neutral,neutral
1753806156,hi @blowmefool thanks for the follow  good luck with your friend? ha,happiness,neutral
1965924239,@mattpicasso iPhone is doing that &quot;not opening downloaded apps&quot; thing and I forgot my cord at home,sadness,neutral
1694953212,More to thank for #ff shouts @applemacbookpro @aefpix @BrienPeters @DianaRusso and heaps more. Sry will be here all night i now realise,love,neutral
1957495950,Can't I just be a stay at home mom already,relief,sadness
1965080452,"Ugh, I hate 90 degree weather",hate,hate
1753274337,just got home from the sunshine coast,neutral,happiness
1957183897,home from ice cream tweet-up (my very first tweet-up!) No pics because my camera battery died last night and i forgot to charge it,sadness,worry
1957111418,@crispynoodles plus I just deposited tax return cheque but for first time in 7+ years it didn't clear immediately,worry,neutral
1965985203,@socallove well grand has been cancelled due to the weather,neutral,sadness
1752962301,"i beat aye to the music hall.  babyy, im like the cinnamon that beat the apple to the apple jacks.",happiness,neutral
1750930704,@johncmayer heylo johnn (: im a huge fan. hope ur day is awesomee. cuzz im home sick and its kinda less than awesome.. anyways.. PEACE,love,worry
1695618512,Apparently the BIG FEAR over the swine flu has passed.   No seat on the subway for me this morning,worry,worry
1753585672,"@UKpokerReview Going to start very small, like $0.10 or $0.50  Then slowly to higher stakes",neutral,neutral
1961093004,my shoes hurt my feet,worry,worry
1753485362,has stuff to do but refuses to do them.  :[,worry,worry
1963343503,"@dmbdork had to give him an ultimatum... don't think it's gonna go the way I want, but I had to do it",worry,worry
1964119303,am sitting in the library with eyes half closed cause havent slept in a while coz of exams,worry,worry
1957758701,@drakesizzle  If you don't want to come then don't come. JEEEEEZ.,anger,neutral
1962367709,My aim is not working due to network problems,worry,worry
1695137674,@MichelleWegner You are very lucky!!! My legs did not like how long it takes to dry my hair this morning.,hate,worry
1965265266,@RetroRewind awwww i cried...makes me cry  i love joey!,sadness,love
1753311487,"I really should rant about my bad day but I wont.  I am grateful for my mother, Gma &amp; other powerful &amp; influential ladies my life!!! ILY",love,worry
1753871410,@agoodstein @timknapton what good role models...  i like how yinz think!,happiness,neutral
1752225935,Leme put this bottle of ciroc in ya..Baby i can make you popular!!,surprise,neutral
1962373270,"@lisajcopen Sorry you are having a bad week. I feel like if I could get good sleep, I would be so much better too. Fog",worry,worry
1751537549,Averaged $31 per hour at work today! Gotta love holidays,happiness,neutral
1960347100,My baby is going to her first sleepover tonight   I'm gonna need a lot of wine to get me through today,neutral,worry
1753584811,"It's so awesome to know that there are people who think I have what it takes to make it in Nashville, and who offer to help if I want it.",relief,worry
1751034050,Happy mother's day nfty!!!!!!!!!!!!!!!!!!!!!!,love,love
1965892149,Poor Johnny is sick   Looks like he'll be going to the vet tomorrow,worry,worry
1753729983,Went to a Muslim marriage for the first time in my life. Came back with my stomach full of tasty briyani. Really like it very much.,happiness,happiness
1752383984,@Nora_78 Elaine's my online mommy too. She gives good advice.,happiness,love
1966115022,Hate to break every1's heart but confirmation jus came in that Austin &amp; Sophia do NOT &amp; never had a twitter  another sad day!!,worry,worry
1752895758,"@clarexsaula Hey, sorry I got off last night!",neutral,worry
1961480778,@Mo4Sho87 im following you! im following you! im sorry!  ahhahah i missed you!,love,worry
1753821677,Happy Mothers Day to all Mom's,neutral,love
1694255797,"Yogurting. Home from lady Mona's, on the fone w no song from Yoplait. Lookin forward to hrs w @QisWalker tmorrow &amp; rehearsals  Gnight all!",fun,neutral
1962200703,@JayLenoTonight  Jay I'm so sad its your last night on the show Its my last night watching it too I can't watch Conan  see you at 10 pm,worry,neutral
1752021691,Eating some ice cream cake  its bomb!,surprise,happiness
1750999505,@mallz Thanx love,love,love
1961493778,I just saw 22nd of June and it make me think of Jenny  I miss her so much  ...,worry,worry
1694013114,@littlemissjoey You didn't get a public holiday today? bwahah,neutral,worry
1962432267,Well its a good thing ''march'' wasnt very long and i didnt like it...cuz its deleted. Ugh,hate,happiness
1753216537,[ I'm not sure what you mean by &quot;blowin this joint&quot;?? &quot;] rb@ladypn lol lol good one......  ? http://blip.fm/~5z2zo,worry,worry
1694976266,@azreid You're not here. I hope you're still resting.  I don't want you to be stressed.,love,worry
1963788977,"Getting used to getting up in the cold, but my asthma is paying for it.",sadness,worry
1961224347,Its seriously quiet and lonely here without Bunny,boredom,worry
1961295710,"@catashton I got my film developed at asda, half of them are just gray!! And some have a black box on the top half  why?",surprise,worry
1753806599,@miguel_n Where can I get some?,neutral,worry
1751178947,@Mr_Bloggerific,neutral,neutral
1966285858,Cleaning my house on a Friday night,hate,neutral
1753680565,@F1TailPipe_com Thanks,worry,happiness
1961430716,how come when i straighten my hair it has to sprinkle,worry,worry
1750999327,I wonder if I should put a bet on Cubs winning world series in 2015 due to BTTF II. I'd love it if it actually happens.  Me = geek,worry,neutral
1962684328,Left &quot;Up&quot; due to out-of-focus projection.   Hopefully my complaints to theater management will get it fixed for everyone else still there.,hate,worry
1694165965,Star wars day! May the 4th be with you.,happiness,happiness
1752256261,I just watched my favorite movie &quot;A Walk to Remember&quot; its so romantic and sad i just love it,sadness,love
1960392360,None of the people I talk to in my P.E. class are here  I'm going to be so bored all period.,sadness,worry
1751322861,http://twitpic.com/4w5sy - my babe,love,love
1962853276,Sheesh my meds make me feel like I'm at the bottom of the ocean...and I have to go back to work today  Be sad with me...,worry,worry
1751608727,The time Is 3.50am and if finished my essay  I can have Sunday off  woop,relief,neutral
1695619400,Went outside and picked flowers with Marina! i love picking flowers haha,happiness,love
1694727826,@jackiemarsh @hugobrown many thanx guys,neutral,neutral
1752321198,Think i'm going to go down to the lobby in a while to get either Starbucks or.. perhaps some ice cream,enthusiasm,neutral
1694366049,@LucyKD hey Momma Cherri's site is still active: http://www.mommacherri.co.uk/ I'd love to go too one day,neutral,love
1695843920,@teejay0109 Good morning buddy,neutral,happiness
1961568315,Back with a great time spent with my cousins...technically uncles and aunts!also had an icecream...it dint taste that good,love,happiness
1694221331,"@myepeenisbigger hey jesse, here's your background  let me know what you think! http://tinyurl.com/cf2yuj",enthusiasm,neutral
1963341173,@cam_reed i feel so bad that happened to you  did the police find the guy that did it? are u gonna get your stuff back?,worry,worry
1965665366,Im glad that wasnt my real diver theory test! I failed  i got 70% 35/50 questions right but i did have 35mins left lol x,relief,worry
1964557278,missed Britains got talent    gutted.,sadness,sadness
1752350664,@pakyton i love them,love,love
1960435187,has the day open until 4. don't know what to do. everyone is leaving today,sadness,worry
1957745839,Endlessly fascinated by the dual engine monitor in this cab. Then it reminds me of #sustainability fail . Sorry next gen.,surprise,worry
1693977933,im back. wooooo!!!  i want to have my own press release :|,love,worry
1961963702,Such a busy day today!! Banbury Fair fashion show tonight and move into my apartment tomorrow! i have no started packing yet,fun,neutral
1694568025,Im cleaning out my closet!  ahhh...,neutral,worry
1964210995,came online for a big cause. ruined,sadness,worry
1963946848,@withloverianeee i hav a bet to get a 6 pack in 35 days...im on day 3..it sux,neutral,neutral
1694747015,finally shifted from Twhirl to TweetDeck so I can filter through my close friends' updates  happy monday peeps,surprise,neutral
1751715564,"@MariahCarey she said, UR NAILS LOOK LIKE SHIT WHO DID THIS?! LOL, im kidding, i dont know what she is saying haha",neutral,worry
1960864509,Sitting at my desk wishing things were different,worry,worry
1961064710,"Woo, Hulu Desktop! My poor Mac is kinda struggling with it though, poor little Core Duo just can't keep up",worry,worry
1695374250,@brunolorenz e ah! Ghost in the Shell ï¿½ meu anime favorito. assistiu?,neutral,neutral
1961363292,"@ShellyKramer I've had a fever for the past 48 hours. You should see me. I'm unshaven, puffy face and look pathetic!",sadness,worry
1961257112,hates putting in new contacts,hate,worry
1694746926,Happy Birthday to my Whore,fun,love
1694645032,Think Big! &quot;The size of your thinking determines the size of your results&quot; Bob Proctor's great advice      http://www.wealthwithsoul.com,relief,neutral
1752872774,@matheusmr sejaaaaa beeeem vindo meu anjo,neutral,neutral
1751501478,relaxing...enjoying the evening,happiness,neutral
1962803229,@ClintonSparks I told u I tried but 88 said it was 2 late  cause the girl I was with took 4ever 2 get ready. they wanted to meet up by 11.,sadness,worry
1957129191,wants see my friends  ;-) http://plurk.com/p/wxnwa,love,love
1753713543,Good Morning Everyone,happiness,happiness
1694664104,"I think Tania is too cute, too nice  I love her! &lt;3",love,love
1957192084,@ZachMoore1 I thought I was going to see a pic of your clean car,worry,worry
1694608752,@threefromleith Poor you. I'm off on Bank Holiday Monday today too,sadness,worry
1694052231,"@Broooooke_ omg and you never would believe what we did. ahaha, i loved it. but it felt like a movie, but REAL!!",worry,worry
1753401084,Crap i'm gonna miss the grand prix.I'm going to have to try and sneak back to the room,worry,worry
1963136453,wanna see JB 3D Movie Experience again   ... I wanna &quot;touch&quot; Joe again hehehe,happiness,happiness
1966241834,"@ddlovato How hard is it 2 be running back an forth constantly? Ya kno workin all the time, havin crazy sleepin schedules? Must be hard",worry,worry
1963650172,I hate that place!,hate,hate
1694330281,@Brokenromantic haha malamang as one of my chef.,happiness,happiness
1753904626,"@acchanosaurus good luck chan! gue kmrn bawa backpack kosong, quite helping",happiness,neutral
1957424185,is lonely in need of company,sadness,worry
1695547877,Hey @robluketic its back!!    (robluketic live &gt; http://ustre.am/2w5v),happiness,neutral
1961767345,Im so tired and sick  i have to be better on Sunday so i can sing morning and night,sadness,worry
1694051573,@roynuj thank you  Feel much more relaxed now that everything isn't as scary as in the beginning,relief,neutral
1752476121,@jimmyfallon you &amp; justin were really funny tonight on SNL!,fun,happiness
1965914590,"I had a realization today, and it made me sad  But at least the healing can begin.",sadness,worry
1696217267,@bellaphonic yay! #iPhone goodness is so fun!,fun,happiness
1963040550,Why do I always have a headache?,worry,worry
1966251102,is terrible at saving money..,worry,worry
1963124747,-was just told by Dan to NOT say anything anymore...  -now im super sad =(,worry,worry
1961890605,@bec_oi twitter eh chato mas vicia,neutral,neutral
1694275892,@calilewis Just saw you on TV for the Best Job in the World. Good luck.,love,neutral
1957545299,"@brookedanielle_ it just upsets me , becasue like 6 years we have loved them .. and then this happens  imm really uset now x",sadness,worry
1962408705,i thnk ima cry i feel rlly bad,worry,worry
1694929354,going back home tonight,neutral,neutral
1752774812,"@WookieStyle Thanks, Wookie-man.  I test stuff out on you. lol",neutral,neutral
1957278941,@PorkChopJones Sorry   move back?,neutral,worry
1965890781,Ugh I'm tired,sadness,sadness
1964039430,Apparently it's 21 degrees in Kilkenny now! And some comedy would be a great remedy to my boredom! Why the hell did I leave Kilkenny!?,sadness,worry
1963144573,@thescript oiiiiiii when are you back in london? what happened to our reunion?,neutral,worry
1751178135,@rkref are you making fun of the @cspan call-in guy?,neutral,happiness
1751642829,@hobbz You really think it was that awesome? We'll have to discuss,happiness,neutral
1966308119,@3xasif lol. just don't ever forget me,worry,worry
1753533094,@PerezHilton you givein lady ga ga arun for her money in that get up hee hee love it,love,neutral
1751036162,"watching shark boy and lava girl! on disney channel. hanging out with sarah jane, micah, &amp; rachel",happiness,happiness
1964060629,Baby just left  gonna get ready (again) and I'm leavin'  Chilis = Full -_-,sadness,worry
1960419822,"@AnotherJulia Wish I'd had the balls, but with my 2 kids with me and not knowing how illogical these ppl can be, didn't want to risk it",worry,worry
1961148813,ARCHIE ANDREWS WHAT WERE YOU THINKING?! veronica?,worry,neutral
1753585798,Guten Morgen/ Good Morning/,happiness,happiness
1751783530,Listening to Metal Shop at Mooneys!! All is good,surprise,neutral
1752564606,nothing to do &gt;.&lt;..any1 wanna keep me company?,neutral,neutral
1957293548,rah rah. youtube isn't working again. oh great,hate,happiness
1964216248,@drewave At least you made it,relief,neutral
1965570047,@jennabeaniscool won't need my hugs anymore,sadness,worry
1694291819,"@HandymanTrainer Actually because of the several updates you have daily, I find them all interesting and informative. Keep posting.",relief,neutral
1966100516,wants to go home and see Erin,worry,neutral
1753759323,@aanneeB ok  i kinda thought so... i mean those 2? ... it would be funny though.,fun,worry
1962027566,@chathuraw ???? ???? ????.....  ???? ???? ??????? ?? ???...,neutral,neutral
1753498359,Time to wind down and relax a little.  I can only change the world a little through Twitter each evening.  The rest will be up to others.,worry,neutral
1694146200,@mjasenn i totally owe you a week of on-call duties.  i appreciate not having those while jill is in town,happiness,neutral
1964652118,"I'm feelin sad, depressed, lonely, unhappy all at once. Rwhats wrong with me",worry,sadness
1960907350,thinkin &amp; tryin 2 figure out lifes tricks,worry,worry
1957407020,is jealous of his family  their all having an amazing breakfast and all i get is rice crispies,worry,happiness
1751536721,"&quot;They say I look yummy &amp; they want a taste, but I'm a human not a sandwich.&quot; LMFAO makes me",neutral,neutral
1963787789,@MandyPandy32 I hope for her sake she does could it could get worse,worry,worry
1965449323,@CHRISDJMOYLES the justice left when DJ Talent was voted off (N),sadness,neutral
1695728633,@Shpantzer I am sure it would be like everything else PCI where $ sets you free.,neutral,neutral
1957145817,"gonna get off to try and catch some Z's, no more high school after tomorrow! which really sucks  i wish i didn't have to grow up!",hate,worry
1752051616,the grates &amp; children collide tonight,love,worry
1958107692,Omg its so gross out. no  relays tonight!,surprise,worry
1960381645,a bird flew into window at my parents house and snapped his poor neck. gotta bury him,sadness,worry
1753550836,@Tory_x little Taylor? i feel sorry for the way she spells her name,worry,worry
1753116954,@jakeron I'm not trying to get more followers. I'm trying to get MORE INTERACTION!!!!!!!!!,hate,worry
1961367066,Happy Friday. Just pulled some yummy radishes out of the garden. Hope the strawberries turn out. Still no blooms.,love,worry
1963478525,@JeremyBeguhn have fun without meee.  i'm going to missss youu,sadness,worry
1961765463,@Jadeyyg  haa I'm so exciteddd woooo,worry,happiness
1752124692,Had a great day with the moms and sis  really makes ya appreciate those days,happiness,love
1964710138,Work soon. Lame going to miss the @Lakers  Go Lakers! Hope you win!!!!,worry,worry
1695545565,"@robinmeyers Looks like you did the full Lincoln Marathon yesterday? That is awesome, the HM was tough for me",happiness,neutral
1753380946,"jfc, it needs to be the 23rd. i will have been graduated, and i ended up getting AWESOME hook-ups for FTSK and Rocket. so excited!",surprise,worry
1694143659,@tommcfly Have a nice daaaay !,empty,happiness
1694748151,by Ginaaaaaaaaaaaaaaaa with Ilonaaaa,neutral,neutral
1753313219,"Ordering pizzas, watching Diggnation, trying out Tweetdeck. All is good",happiness,neutral
1964748317,@m_delamerced what did judge answer to fid. duty 2 tort lawyer? u r so good at this.it will be like the oj trial over once this is done,happiness,neutral
1753742818,"Just got back from AC. Why am I not freaking out of the midyr exam ? :o HAPPY MOTHER'S DAY, MUMMY",worry,worry
1694348463,@keza34 sounds like my kinda day,happiness,happiness
1751952413,@phantomdata lmao I'm glad you guys liked it,surprise,happiness
1962143980,is stuck inside when its so nice outside,worry,neutral
1693957516,Just getting an additional free day,surprise,neutral
1962883749,I have to wait until I get home to watch the New Moon trailer clip. Stupid work Internet access restrictions,sadness,neutral
1695280500,@nb42 how poetic.. great going.. keep them coming,surprise,happiness
1753008515,@JackAllTimeLow it was fun anyway..thanks for taking pics with us last minute,happiness,happiness
1695441161,@elizabethlai Just study according to the notes that you had to copy and you'll be fine.,neutral,neutral
1965562848,i was an extra. got ready for work for nothing. studying all night,worry,neutral
1961692145,"@Deb124 yeah i got ur text! well ive only been on summer break for a week, and so far its been boring... all i do is watch tennis matches",relief,neutral
1696087009,@FeliciaSlattery Kids attacking your keyboard?,neutral,love
1750897163,@DanWarp: Loved it!  Would never have thought he was into the iCarly version of Beanie Babies. xD,fun,worry
1696043865,I wish I had a friend that was a chiropractor,worry,sadness
1963644061,not doing relay  oh well.,relief,worry
1753381126,Oowweee!!! China club wuz poppin!!! Lipstic n Pumps were in full effect!,happiness,happiness
1752823095,@McCainBlogette Pretty sure you are hero status... You rock my socks Ms McCain.,empty,love
1751853040,2026 2164 6790 9128  Add me up and lets play something.,happiness,neutral
1694704925,Sunshine is back....... having a hair day  new due,neutral,happiness
1963270803,SMH @ PPL WHO ONLY TWIT U UP ON FRIDAYS B/C U GOT 100+ FOLLOWERS AND THEY'RE STILL BANKING 15-20  #NOFAKERY,worry,neutral
1752320142,The 22nd can't get here fast enough!,worry,worry
1965478565,@tarneisha boo  you can come over and we'll watch telenovelas and braid each others hair.,neutral,neutral
1962926464,Ohai wilkes barre--scranton exit!  estimated arrival time: 7:22. TOO FAR AWAY.,worry,neutral
1965870315,@mitchelmusso i waited for like an hour and i never got to talk to you,surprise,neutral
1961968186,gprof problem on Mac  why ??,worry,sadness
1752700115,@Mumbleguy We need men to give their input too so I'll fill u in on the time very soon,relief,neutral
1752321108,maybe he could drill a hole in me?  LOL    OH SNAP!  (sorry couldn't resist),happiness,worry
1694644750,"@emma_BMTH i also want to attend the tafe gig  I asked mum about soundwave and she was like, hmmm possibly. which probably means yes.",happiness,worry
1965086422,Ratings Army Wives  teary; Criminal Minds Yikes! Criminal Intent takes all sorts. real life news  horrifying ok me for bed nite all,relief,worry
1961746561,@Jojosvoice Bro. Martin!! I need you to repent!! Pam said we were going to get to meet you last wknd...,worry,neutral
1960456079,Broke my carafe  went to Starbucks for my caffiene fix and the lights go out...just for a sec but are you kidding me..got to laugh. Ha!,happiness,neutral
1750930689,"just finished watching &quot;Role Models&quot; (hilarious), and debating whether to go to 251. Hmmm...",happiness,neutral
1965334345,"Make plans, i have none!!",neutral,worry
1957528306,@Samm_xo Today yeah,neutral,happiness
1961288665,Morning...I woke up to watch @taylorswift13 on the Today show. You rocked it girl. Wish I could have been there. So close but so far away,fun,worry
1965569212,@Jovani_Celeste  how long is the delay?,worry,worry
1753432671,"On a boat. On the way out to Norrï¿½ra. Gonna chill for a while, Party tonight!",happiness,neutral
1962414241,@RetroRewind dave why why why can't this happen when I'm not working and can listen?! :::whining big time:::,sadness,worry
1753199392,@pcsketch Well I am going to get off now so I'll talk to you later. Goodnight and good dreams,happiness,neutral
1957282467,@redframer123 I think they make you turn your phones off  I'll see what I can do!,relief,neutral
1751985094,Very tired from a day of awesomeness and cake    Now time for a bit of sleep.,relief,happiness
1963128168,"its a beautiful night, im stuck inside feelin ill instead of being a crazzzzzzzy ass party!",sadness,sadness
1751985509,"@stevecarell Hey Steve.   I think you are such an awesome actor. I love every movie you are in, and I love The Office.",love,love
1753885345,juz donated books/mags 4 charity. Not only do I feel good but it gave me a good workout from all that heavy lifting,relief,neutral
1753116031,"spent a little too much $ at Wombat, but it's cool 'cuz it was time to take care of Tamara good.  YAY!",happiness,worry
1962983841,"leaving work, going to crystal to search for her license, picking her and bia up, then heading to vegas. ugh i'm tired already",happiness,neutral
1962878877,@majayy what about me  I miss you too!,sadness,worry
1694124784,"@GreatDismal Wolfram's got a Chinese Room problem: If Chinese (or Bangalorean) hackers can run it without knowing English, why should it?",neutral,neutral
1752773199,http://twitpic.com/4wkpl - Widescreen laptop + rotation + comics = Awesome.,worry,neutral
1961190580,"Traded her iPod for my brother`s cellphone. My phone died, e",worry,neutral
1961245370,I've only been up for an hour and today already sucks,empty,neutral
1965560415,"Missed Britain's Got Talent tonight, but I heard who got through &amp; what happend. Gutted that Greg Pritchard didn't make it",neutral,worry
1966347996,"Always I listen that song I start crying, It makes me remember moments with my friends at primary school",surprise,neutral
1961244203,via @cornellfinch: Found #geocache Head's Up! http://coord.info/gc1ret6. Probably my only find of the day.  http://bit.ly/JS3S4,happiness,neutral
1753469232,@BJoie I sent u the download link for Spanish &quot;Don't Cry&quot;...let me know when u get it,worry,neutral
1752645090,Woo CAVS.  Happy Mother's Day!,love,love
1752724505,At t.g.i fridays  With some of my favorite people ever.. We made a reservation for 20 and we have like 50 people here. Hahah,happiness,neutral
1960192806,is so bored...,empty,sadness
1751821146,@Shaunie_O Awesome! My family owns it...The Flowers.. and we love having your kids there! They seem to have lots of fun!!,happiness,love
1966404532,Waiting for the dang pizza to cook. It's almost 9 and we still have not eaten wifey fail. Did I mention I feel like crap,boredom,worry
1965365135,@BBC_Fangirl Won't let me watch since i'm in the states.  Boo.,worry,worry
1964327698,"@mercadoasaria I don't know you, but you made me lose",neutral,worry
1957189838,FYI no internets until THURSTAG!!!! after saturday  i have a feeling i will become 800x more productive during those days.,neutral,worry
1694255606,lying on the sofa chilling...don't intend on moving from it any time soon,neutral,neutral
1961996330,@katebuckjr Sorry I can not reach either URL,sadness,worry
1753366424,Happy Mother's Day x3 ..Mum? I love you,love,love
1962100964,Uploading a 1Mo video with microb and on 3G Network in the train is really slow,hate,neutral
1696045290,"booziest weekend in a long time, good fun though!",enthusiasm,happiness
1964370447,whew. did some more vacuuming. what a good time! You should vacuum.,neutral,neutral
1694201930,Updating my iPod and downloading new songs.,fun,neutral
1752320501,sleeping in my own bed tonight... at home!!,neutral,neutral
1695657066,"Bumper Sticker: &quot;If you don't want to stand up for our troops, feel free to stand in front of them&quot; Thank you to all in the military",love,neutral
1753238171,"it's amazing, makes my heart sing",love,worry
1751104699,Enjoyed see'n everyone last night! even tho it was a really bad night financially... Cant wait to kick it again @ the drive -ins!,happiness,worry
1961059288,@rachaely57 Yes! Haha and then when he impaled himself with the crossed keys!  Love Scottish-trying-to-be-Irish Ewan McGregor,relief,happiness
1961411182,Is there ever going to be another production of The Last 5 Years in NY????????? I still haven't seen it,surprise,neutral
1965221381,no new episodes for hitman reborn yet,neutral,neutral
1964123567,Another day @ Casino de Montreal,neutral,neutral
1752897225,"@RisaRM do you like the rain, too?  I love rainstorms and fresh wind.  Nature is amazing",neutral,love
1965878024,you not going nowhere bitch!,hate,worry
1751251866,"@karenthecrasian @caitlnnnnnnn you can have @thomasfiss ice cream, I'll have @jaykpurdy kiss.",love,neutral
1964502411,&amp;not gonna lie. it's 60 degrees in here. thanks for leavin me your sweater molly. brrrrr,empty,neutral
1966309323,the beginning of Cater 2 U always gets to me,love,neutral
1751322765,"Plan, successful?",empty,neutral
1960535134,"horrible dreams last night  also had one in which i was employed...sigh, if only.",sadness,worry
1696003662,@merlehenge the lost cost is a total plus.  Nutella is like peanut butter mixed with chocolatey goodness. yumm. ^^,happiness,neutral
1752320999,Happy Mommy Day,love,love
1751854201,And the boss said thanks for all your work 2day  Peace,neutral,neutral
1965569663,trying to upload one thousand photos!!,enthusiasm,neutral
1695962364,@jesaryan I'm right there with you girl,surprise,neutral
1752870704,"@lynne08 okie,thanks ill check it out",worry,worry
1961530579,my computer at work is not working...booo... need a new one!  TGIF!,sadness,neutral
1753712955,eating breakfast and drinking coffe - strong coffe!,neutral,neutral
1751986160,"I mean i'm tired, and sooooo freakin in love with my @airrbear.",love,love
1957175992,@heavenlyriot Girls are confusing.,sadness,fun
1753029856,great night,love,happiness
1752533806,@SouthPhilly_Mel thanks that was nice of u and I appreciate u,happiness,happiness
1965429063,A 35 minutos... Split-up.,worry,neutral
1961086361,Just chillin'.. I'm a bit bored boohoo  !,relief,worry
1695082179,Can't wait 2 hand in work tomorrow then im practically finished for the year  yay!!!!!!!,happiness,neutral
1752617393,"@penny268 Lol. Thanks, Penny. I'm trying to believe you.",love,worry
1694727803,@kg86 Thanks  The elephants look magnificent This is what we miss due to stupid restrictions - 3G pleease and cheap!!,hate,neutral
1961480390,43416 I miss you so much my heart is aching without you bub  http://is.gd/Ja9I,sadness,worry
1695769249,"i cant believes its already Monday, the weekend went by soooo fast, keeping my fingers crossed that will too",worry,worry
1695512064,"@erinmmoore if we actually watch it, yes we can admit it... our popular culture doesn't define our Christianity!",worry,neutral
1965600508,@RamEsRock  rompes mis ilusiones con lo de thrasher haha,happiness,neutral
1753053317,@PhillyCustoms Naw forget it then. I will only if u take them,neutral,neutral
1753216188,"just got home! LET US ALL BE CONNECTED WITH GOD, CONSTANTLY!",sadness,neutral
1753313408,@natzini 16lbs is still a huge achievement though,relief,neutral
1961132963,i hope i can find a store to take us,fun,worry
1961186781,So many wires to sort out,neutral,worry
1753584620,@MariamUAE awesomeness,love,happiness
1694952129,The &quot;shhh..&quot; stuff is finally all done!,surprise,happiness
1753416527,"going out with my tita gi, sister and my beloved lola! Were going to treat her for dinner! Wohoo... So excited and hungry...",worry,worry
1753533774,Just woke up. Gonna have a shower and go to Nan's for Mother's day lunch. Happy Mother's day,happiness,happiness
1695692389,"Part of my Neuroanatomy take-home test.  After this, Iï¿½m... http://tinyurl.com/de8y47",neutral,worry
1957378234,"I just want somebody to love, and who loves me. I think and day-dream about about that CONSTANTLY.",relief,worry
1751178554,Today is my first Mothers Day with my little boy. Hope you're having a beautiful Mothers Day too,happiness,love
1963527997,I wish I was going to see @patmaine @johnmaine @garrettmaine @jaredmaine @kennedymaine today!! I'm sad I dont,sadness,sadness
1752723801,boooo on life decisions....bottle of wine be my lucky eight ball tonight,worry,happiness
1695475562,@sli hope u did alright on the final,neutral,worry
1752871751,@yellowpeel The sight of it made my afternoon,neutral,neutral
1696177202,"@LilBrownGirlie see most people didn't like deadpool cause it wasn't true to the comics, I'm guessing you like Ryan Reynolds",neutral,neutral
1695164683,@meganyeo Rocket surgery hey? HAHA I thought it was rocket SCIENCE? Oh.. is that all.. I knew that I swear. Thank you,surprise,happiness
1964741993,@heritagesoftail Hahaha I miss Bradddd and all of the guys and KEITH.,sadness,sadness
1961286235,"I wouldn't mind some sunshine and a walk. Where are you, summer??",sadness,neutral
1962397028,Feeling like the bum of this recession.  Don't try to call or text me.,worry,worry
1958133009,at MKG 3 now. and all alone,neutral,neutral
1751214899,is finally allowed to go out,neutral,neutral
1965019119,@CThun @regent_lord Can't we just all get along?,worry,worry
1963562590,@marieeeeah yeeaaahh! even though i suck at twittering,neutral,worry
1695655273,"@musicjunkie11 It's Alright,It's Ok-Ashley Tisdale",neutral,sadness
1960381485,"@cherrycoke1969 Yeah, but there's nothing really to say about it. Breakfast pizza?",neutral,neutral
1962195549,@nick_carter THE LINK DOESNT WOR,worry,neutral
1962736662,My hair looks sooo short,worry,worry
1962259941,Meeting my best friend first thing in the morning to the gym! Omg I am still so shocked. I hope you will get better soon,worry,worry
1963792750,I've been nudged!!! not much going on lately umped games over the wknd and i took one to the pills,sadness,neutral
1695221902,"No profile pic or bio, few or no updates, lots of following and no followers! Zap! Pow! Block! Annoying but strangely satisfying!",fun,worry
1964873466,ahhhh now i have no pic,sadness,worry
1696215889,"It's a good day! The lake is a mirror, the kids are happy, and I get to clean the cabin today... Err two outta three ain't bad!",happiness,neutral
1964992820,does anybody want to throw a baseball around with me?,neutral,worry
1964889898,Always get my hopes up too soon...we were soooo close,relief,worry
1957038477,Hope I get a job cuz we need an apartment. I'm drunk &amp; miss my lil punkin  TEHE!!!,worry,worry
1957504506,@NMaize Lucky Rob... always gettin' the T8's from Emalon,happiness,happiness
1695375750,Checked the bank acct this mornin..got a lil sad..then decided I would imagine a 0 on the end just to make me smile.  #whateverworks,sadness,neutral
1961432262,"@AlfieJG I don't think I am, my sisters refusn to get me a ticket now.  what you doing next week?",worry,worry
1694644337,Hugh Masekela pix online + Contern - T71 pix + review @ http://clada.lu -&gt; coming up next Naturally7 Concert this evening,neutral,happiness
1751610535,awwww..I love him! His car was soooo CUTE tonight!! I love me some Carl..My 10yr old is sad now..LOL..,love,love
1693978969,@mohandoss ?????? ???????? ????? ????????. ????? ?????????   @anbudan_bala thanx for the sixer comment,neutral,neutral
1964787951,but now my feet really hurt...,worry,worry
1965771109,Brittany moved,worry,neutral
1963571576,@anrserge addict? Me? Okay I admit I need help  BUT... I have been writing hits big bro. I really really have *smile*,love,worry
1751359116,feels accomplished!!!  She got a lot done today! http://plurk.com/p/stns9,happiness,worry
1961038591,@vegangirlzrock I finally figured it out! I felt bad canc. group but  just wanted to take meds and do nothing. Back still hurts  .,worry,worry
1751248532,@dean2105 Stress-free is the way to be,neutral,neutral
1695846239,@Wossit look at your followers... your tweeps list will then be fully populated,neutral,neutral
1957641364,"@violetbakes My friend is a massive Beatles fan, and she wasn't impressed",sadness,surprise
1966284405,"I so want to be a part of Windows Clubhouse, but my WL Spaces blog is random, and not the place where I share Windows stuff",sadness,worry
1960353321,"@bex_1210 holy crap, I need to see that! Too bad I gotta wait until tomorrow",surprise,worry
1695053503,One liner movie reviews  http://bit.ly/18zd0k - can you add more?,neutral,neutral
1960265264,Pas si terrific que ï¿½a ce twitterrific,relief,neutral
1696002818,@jamesramya Yes because those taxes disguise the booking fees and commissions that online travel portals charge. Try iXiGO.com next time,neutral,neutral
1960859432,presentations finished. Busted ankle after stupido models broke catwalk and I TWICE fell in hole in beautiful bottle green Mary Janes,neutral,worry
1695135214,Happy May Bank Holiday British Peeps,love,happiness
1751070940,needs shows before wednesay!!! oh well... come one come all... Irvine Improv live @ Gotham Showcase 8pm  lots of good comics...then me.,worry,neutral
1752775290,just loves having proper Inet back,neutral,love
1695193572,@grahamguy more coffee,happiness,neutral
1751287788,@labelladeanna whatsoever do you mean by 'how I get down' lol I'm always sober,enthusiasm,worry
1957375661,Is dreading going to work  BUT....its friiiiiday!! whoop!!!,happiness,worry
1963386412,@Esme_Cullen8 i hate the rain *laughs*. thanks *smiles* i miss her loads i couldnt stop crying before,hate,sadness
1752963201,"@Makaio8688 Will you uh, marry me?  haha just kidding. Kind of. You're hot though. Just so you know.",love,love
1964252031,Almost time to say Good Bye to my twimulations. I'll miss my tweeps,surprise,worry
1695410887,"@dougiemcfly If i say PLEASE REPLY TO ME DOUGIE, will you do it? I double dare you",worry,neutral
1753177597,"3,144 words later, it's bedtime",neutral,neutral
1753417062,@bryybryyy is a lumberjack  http://twitpic.com/4wqe8,happiness,neutral
1694475163,"@adelgabot @maximph Let me check, Sirs",neutral,neutral
1694182827,@JennifeAniston I think is The parent trap &amp; High school musical!!,neutral,worry
1694707265,Love the idea of giving each year a theme. This is the year of new beginnings!,love,love
1964685315,"@drmenlo sorry about Mr Grey, Menlo",sadness,worry
1963721400,getting ready for work. boohoohoo i dont wanna go to work!,worry,worry
1753237211,Made coffee cake for her mom,love,happiness
1963590827,Just got stung by nettles lol in about 3 fingers  and I mean come on that dude with the apples needed to step it up a notch!,neutral,neutral
1960758936,I have had it with job hunting. I try all day and nothing works  I bet I couldn't even work at the strip club because of my cider belly!,hate,neutral
1965999020,im wearing a certain tye dye tshirt at the moment. and it misses its 8 counterparts...,worry,neutral
1694882264,wow- back to business as usual after 3 days  of excess  #weekend,neutral,neutral
1965734837,Ate huge set of Appetizers. full now,fun,happiness
1962003105,I've been offered Fred on loan but I has no moniiieeeess...,sadness,neutral
1694126641,@marismith - just took over the #1 Most Endorsed spot on twindexx.com - thanks to the endorsement by @danholmesiMIND,happiness,neutral
1962603724,"wishing i was there, so you should go in my place. #brandwkshop http://tr.im/mOXL i see they've got scott bedbury and more.. poor me",enthusiasm,worry
1957577074,&quot; ...not academically of course. &quot; I miss him already,relief,sadness
1752122655,happy mother's day to all the mommies!!!!!,love,love
1965686969,@shanselman: first impression is that it's considerably  slower to boot than 2008  #beta1,worry,worry
1753197775,@ryezzzzahh hahahaha yay!!!! Lakers!!! And I would please like some of that dip!!,fun,worry
1753759057,"@AmmoxXx great day? Woman, did you NOTICE the smile that never disappeared off my face? Ha, Murray... All cos of you, I owe you",love,worry
1957174207,http://twitpic.com/664b7 - miss my bestfriend :'( now she left school,sadness,sadness
1963059298,"@LMWoodhead you have a viable excuse, helping @ravenouspanda move and all. Sorry I couldn't help! I wanted to wear my sexy moving outfit",fun,worry
1694399761,@taylorswift13 you're in London?! Wow! I'm near there,surprise,neutral
1752846753,@rochelline http://twitpic.com/4wl5b - she is just adorable,love,love
1694708079,"coach says have come along way, faster that alot of people  oh yeah whos the man. ohh very sore",happiness,worry
1695311888,@ShutterBugGeek Thank you,happiness,love
1961648374,Bloody exams next week,sadness,worry
1753157635,ouch i have a headache. but i am in a ridiculously good mood,surprise,worry
1694090773,Having rice crispies this morning  Brings back some good memories!,happiness,happiness
1753310261,@Brandiheyy have a Happy Trip!!,love,happiness
1966216818,Our currency is dropping like nobodies business; not a good time to be going overseas  http://is.gd/JsgL,worry,neutral
1694091218,@interpunkt wow that was easy! Thank you,relief,happiness
1961921563,"@iamdiddy my lil sister Charese, her best friend passed today",love,love
1957364947,Arghhh So annoyed-yet again gone 2 starbucks &amp; given skimmed milk instead of soy milk!! I can't have milk so hav 2 throw away! Expensive,hate,worry
1753804326,@gh_rocks Aww how sweet you are,love,love
1752564419,watching crimson tide and eating apple sauce.,neutral,neutral
1750894726,it's after 3 AM.!!  I think it's time to bed.!!  have a good night twitts.! ;)),happiness,worry
1750929007,@grasuth is that it's welsh name?,neutral,neutral
1694647343,wikileaks geht wieder  super #wikileaks #online,neutral,hate
1751608513,@sayitwithecards Thanks for the #followfriday!,relief,happiness
1960875774,bored bored bored. nothing to do today besides work at 5,empty,neutral
1753401075,@aami1982 probably a bit short on the rude words and I bet it was on time,neutral,neutral
1696004476,First post on Twitter!  please visit us @ http://www.myfasturl.com,neutral,neutral
1751820000,"Nice win by the Dodgers, 8-0 over Giants",happiness,happiness
1753137915,@zelciia weird. I tot it will usually rain east coast first. And east coast usually gets more rain.,surprise,neutral
1695617492,@iamdpbeltran where is home??,worry,neutral
1752227282,@lyssaloo I was gonna text u and ask what puff meant!!,worry,neutral
1694403094,Microsoft Announced Windows 7 Release Candidate. Download available tomorrow,neutral,neutral
1964144733,@mitchelmusso i can't i can't i can't  i'm sad.... i'm from venezuela!,sadness,worry
1965956559,@ Barbs trying to figure out y the dsl aint connecting. I need my google. Going home to my computer if it don't start working soon. SMH,worry,worry
1694493894,@OatsAreRealFine I just thought I would tell you that you have..really REALLY pretty eyes.,love,neutral
1753433993,@Pimplepopper: Where did you get a copy? I wanna watch that also.,happiness,neutral
1966191298,@joshhebert yeah bit it is overheating a bit and the AC died.,hate,worry
1962436716,I so hate riding the bus. 1) It's a damn sauna in the summer! 2) Like could it kill the guy a few seats up to shower once a month??,hate,worry
1962058844,My trip to Igbaras will be postponed to next week,neutral,sadness
1963970560,"@Annnnnaaaaa lol, I've just realised that i've been sending messages that were meant to be to you, to a page that doesn't exist",worry,worry
1963416468,"http://bit.ly/UnRyF  I want this, but...",worry,worry
1694976031,@mandacrow good morning!,neutral,happiness
1963454728,@omgamandanicole i dedicated that song to my VW when i sold it,sadness,neutral
1694366897,IDIOTat)MilanQ Heyy. Th*nks For The Follow.  Have A Good Night. (Frank_Whyte) #IDIOT,hate,happiness
1964969489,and now its raining,neutral,neutral
1753789955,@masterballerina yess  you?,neutral,neutral
1696001995,@llittizzio I'm in a good mood... See?  I'm smiling!!!!!,happiness,happiness
1962613201,Mummy and Nathan not in today! On My Todd!,worry,neutral
1965448813,@mitchelmusso i wish i could call you but it will cost a lot  my parents wont let me,worry,worry
1751679103,"Happy mother's day, mama. You're the most amazing person I've ever known and I'm so proud to be born as your daughter",neutral,love
1753328074,@irishprincess41 it was great to meet ya katie...awesome shows for sure!! Safe travels home.,happiness,happiness
1753157090,HAPPY MOTHERS DAY.!,love,love
1753255708,happy 4 all of U who R celebrating mothers day w/ yr moms  i lost MY mom 2 cancer sevrl years ago...,worry,love
1753617921,"mmm one more thing... I forgot to give Kudos to Drea, Elisa, Ise, &amp; Shelane for all helping out with greek week! Thanks ladies!",neutral,happiness
1751714061,"@kikkitigerwolf @FranciscoIV Oh, and the fan is put together &amp; love it!",love,love
1962485545,Cried my eyes out watching My Girl last period   hahah,sadness,worry
1695281703,@sugarreddrive thx 4 following  r y a band? What kind of genre that y play? Nice to meet all of y,happiness,neutral
1695221871,Me and my son just got up.  He sure does love the morning time.  I KNOW he did not get that from me.,love,worry
1962208182,@spencerkeasey yeah doesn't that suck!  I am working with a Nano here so i had to take 75% of my music off!  so sad,sadness,worry
1694204180,"is having a well-deserved break today..NO PHONE CALLS, NO EMAILS..only plenty of catch up movies to doooooo",relief,worry
1753485077,@calvinharris is this really calvin harris,neutral,neutral
1961258509,@africanewtonxx oh my god. i can't do the end of the dance  *sob*,worry,worry
1964870824,is goin out  to  dinner!,neutral,neutral
1962867805,Ready to go home  2 more hrs of wrk,neutral,neutral
1963793579,@lucyliz dont worry im not!!! i dont get it on my tv,empty,worry
1751954274,P-Nutt got a new collar and leash today  http://apps.facebook.com/dogbook/profile/view/1034415,fun,neutral
1962747363,"Started the week with a wedding, now ending the week with a funeral",neutral,neutral
1695728751,Welcome @cronhill my first German follower  My mother Hermine is from the Sudetenland and came to Sweden as a refugee in 1948,worry,neutral
1962409059,watching the final episode of boys before flowers,sadness,neutral
1752617040,@ishaka Thanks,happiness,happiness
1694013866,New baby arrived yesterday. A fab baby boy at 2.8 kilo  Very proud and happy,happiness,happiness
1961816067,i wish paramore would come to ireland,happiness,neutral
1696133982,@j0shu4 idk... maybe...,neutral,neutral
1963410413,I wont be taking my test until 06/27/09,sadness,worry
1965897751,i need to speak with @sofiedeville! but i left my phone at home,sadness,worry
1964672516,good day in the sun... little bit burnt tho... well actualy quite alot  very sore  heh,surprise,worry
1695342439,"@robluketic when you see Jackson later today, give him hugs n' kisses from me",love,love
1960603122,Just had an iced coffee. Christ that tasted nasty,happiness,happiness
1966320277,today has me feelin' like crap,sadness,sadness
1957214583,@hot30 guys why did paranoid drop out of the countdown?? thats so not fair  iv voted heaps for it!!!!!,worry,neutral
1964830945,I hope I make it to the bank before it closes. Ahhh traffic! And then I have to go back to work.,worry,worry
1958126213,@WhoButStretch  you aint invite me,neutral,neutral
1753331581,&quot;Ooh-ooh... it's SHINY&quot;. An dmore awe-tastic quotes from THE BEST ANIMATED MOVIE EVER coming up,love,happiness
1752593287,I'm baking cookies. What are YOU doing?,worry,neutral
1957131233,Is ANYBODY up? .... I'm sooo bored!,empty,sadness
1964616944,@LisaTayl My stay was great! BUT my mother gave me the cold/flu before I left and I still have a cough...,sadness,worry
1753135643,@spahkleprincess it's my fave!,love,sadness
1957384135,Lots of confusions I've at my work place..,surprise,worry
1965216827,"j. alexanders... i'm sorry nintendo, but if i'm in a collared shirt then chances are you're staying home tonight",worry,neutral
1752159547,Congratulations Mr. Jay-el and Mrs. Maricar Chu! Wish you all the best in the world!,happiness,love
1753788350,@DannehOak hey there! your web URL looks good,enthusiasm,neutral
1958123187,"@sideone yeah, I much prefer tweetdeck but if you must have multiple accounts",surprise,worry
1694931253,"STRESSED AS HELL (, but still surviving",relief,worry
1961241522,Just found out I have to leave my lovely flat!! And been waiting 2.5 hours for a plumber. Still no job news.  Not a good day,worry,worry
1753415137,oh what a night love me some aces,love,love
1960949098,@saynerd01 omgg hhaha nooo! drag me to hell is EVVIIIL! and angels and demons supposedly sucked   ohh no haha,neutral,worry
1965981430,My mouth hurts. Wish I could cut my head off,sadness,worry
1752476575,@dredpiraterob poor thing. come watch tv at my house  lol,sadness,worry
1964232373,"#BGT DCD Seniors were good, but not good enough.",neutral,worry
1750965946,"@kkaleal my hubby's a vet, so we 'get' that animals are like children!! all the best! hope ur biz is going well",love,worry
1752255469,@alexosh1234 not worth it! I love the free version for the iPhone though!,worry,love
1961519382,Super pumped to do the &quot;Relay for Life&quot; tonite. I am walking in honor of my sweet Grandpa '06 and my Uncle Howard who past just yesterday,sadness,happiness
1965091020,@ritzybee yes - it has put a damper on us &quot;getting to know&quot; Georgetown! Instead he is watching tv and I am catching up on invoices.,worry,neutral
1751536586,@ericviolette hi eric I hope your having a beautiful Saturday,neutral,love
1965445717,@summersunrays that's sad,sadness,sadness
1965952576,I want Crimson Gem Saga.  I will just go play RF Guerilla demo repeatedly. I (Mission Failed - YOU DIED) so many times from dicking around,enthusiasm,neutral
1962961660,wtf?! my tweets aren't posting   super excited about the weekend! &lt;3jfg.,neutral,happiness
1694725850,Good night all  Even though it's morning for most of you lol,love,happiness
1752320414,@jessiemona mama the boys gon be sweating her hard in Pre K  lol muah,fun,worry
1694107561,nothing right now to do,worry,neutral
1957346841,I hate the fact that I'm 4.5 hours away from you tonight and tomorrow we'll be 1946 miles apart  I wish you were here (,worry,sadness
1753466163,"@rkuang i know, right? i'm super-excited - i told y'all this is the busiest time of year for me",happiness,sadness
1753009718,Happy Mothers Day!,neutral,love
1964805004,I have turned into a fast food whore,neutral,worry
1966071509,@DougBenson  NO YOU ARE EVIL I WANT ONE!!   #flaxandfiberfriday,neutral,worry
1750962887,"we went, we bought, we conquered! and we came back with the most delicious custard croissant",surprise,happiness
1960351117,I am tres depressed,worry,sadness
1694706166,@rayvenn_nicolee haha..not quite as good a Super Ted!..but good none the less!  haha xx,surprise,happiness
1694128279,"Happy Star Wars Day, may the 4th be with you  my lil' 12yr old bro is at home playing with a lego AT-AT and dozens of stormtroopers.",happiness,happiness
1695137650,Browsing  find everything about university &amp; interior design.,neutral,neutral
1957409566,Brownie sundaes at Five and Dumpster. Blood Bros on iTunes. Palm Reader was closed  Fun at the 371 anyway.,neutral,neutral
1753805738,Always thinking about to look for a good place to appericiate everyone who supports me on every site I joined,happiness,neutral
1958067252,sadly  brother told me there are no skateparks where he lives. BUMMER!,surprise,worry
1753381888,Ill catch you at the very last second,love,worry
1694420393,@iantalbot  ah you say the nicest things,love,neutral
1965017645,my brother left me for the day now I am here by myself,boredom,sadness
1962880638,@Bizfizz Damn damn and blast!  I'm at LMHR tomorrow and Sam out   Who is running it?  I could see if she could join next week?,worry,worry
1963786019,i am not feeling well so i am going to sleep now,worry,worry
1957543560,what's wrong with people? Second break-in at Wallmans tonight,surprise,worry
1694109546,"@LisaHartwell What up Lisa, sorta quiet... I'm USA, so gonna crash soon.",worry,worry
1965333556,@hanaabanana i know!!!!!!!!! yopu only just got round to watching it?  i cried!!!!!,sadness,happiness
1752288086,@bunnyrenee thank you,happiness,love
1960252350,Raining...  I missed the rain so much...  I am grateful for it ;),happiness,sadness
1965446240,"Hey dude who turned down a flyer, you're a poser and not nice",sadness,neutral
1753615471,@gentlerabbit Awesome!  I'm glad they didn't screw it up!  I'll let you know Monday where we are going to watch it.,relief,neutral
1694930858,"@fatbellybella morning erikah, how are u? Here start working about a song on my town, always a challenge",fun,neutral
1961225081,"@EllipticEye  ....what did she EVER do to piss them off?    I thought you just meant casting-related wank, not more of that crap.",hate,worry
1957303396,@Joseph_KHC wooow. lucky XD my break is gonna end. my classes starts @ june 4,neutral,neutral
1751536995,@jaymeallover Sry I missed your calls. I fell asleep out of boredom. Colorado Sunrise was enjoyable though.  I actually could hear it. xD,neutral,neutral
1960348907,@jasondjkim i knowwww.. i cant deal. this 9-5 life is not for me,sadness,worry
1753821921,@topdeckjess Me thinks the twitter revolution will be a success. Rove is on  Me love @rove1974.,neutral,love
1963459762,Friday Night and working,sadness,happiness
1962718160,@totalblonde70 ohh i would def give it 2 u but tht was kenyatta's cam not mine  sry but i want tht pic 2,surprise,neutral
1695281779,@OfficialBF1943 http://twitpic.com/4jb66 - lol pretty long,love,happiness
1963411987,"after a great day at work with the kids, disappointment with my roof decal",worry,sadness
1965770075,At my cousins wake,neutral,worry
1694072471,MY GOSHHH :3 A NEW FOLLOWER  hi there! i won't rape you! i lie. &gt;:],enthusiasm,neutral
1961092699,Moving makes me sore.  Dunno if we are gonna make it!   Its getting close!,worry,worry
1750893914,Haha how exciting  wat does it look like?!,happiness,happiness
1961148438,"@ecorazzi Grrr, people suck. I cry when animals die on nature shows.  These people are sick. No hunting endangered species!",sadness,worry
1966112253,chick fil a for dinner. Hopefully I feel better. My head and eyes are killing me,sadness,worry
1694163705,"@mrskutcher you're so classy, demi. Love it, don't stop doing your thing.",love,love
1966303776,@selenagomez bye selena!!! too bad i didnt get to talk to u while u were here,sadness,worry
1963582460,@microautoe  One more day baby.,neutral,neutral
1695509971,good morning  tis a rainy Monday morning...blahhh!,happiness,neutral
1966040333,"@TroublePandaPR Ok that's not true! Plus, you're insulting me saying that I'm insulting you! I've been trying to cheer you up. Butï¿½nadaï¿½",sadness,neutral
1695582187,I should be DJing my prom! I'd do it for free...there prob gonna have a dj who's stuck in the 80's  boooooo,neutral,worry
1694145244,"@mintea Good idea! I'll have to remove all the old receipts, tissue paper and other nonsense before I can take a pic",worry,worry
1752697849,&quot;Everyone has one special thing.&quot;  This guy sets the record  for the longest pronunciation of the word &quot;Fresh&quot;    http://bit.ly/3mD9fV,surprise,neutral
1965265491,"I miss Bri. COME BACK FROM QUEENSLAND, BITCH! I have no one to sit next to in class.  and drama is no fun without you. COME BACK, BOOB!",neutral,worry
1964209934,@Suziebee123 yes dear....  ... I'm opff bbl8r,sadness,neutral
1963530176,HOMELESS afterJune 1st.......,worry,sadness
1963565610,ughhh. i think my plans are ruined. i was excited too.,happiness,worry
1963648054,@brenna_boo jealous  can you add 'and I really wish nicole was here..but we all know what she's really doing' to that tweet?,worry,neutral
1694551635,Happy Star Wars Day  - May the Fourth be with you,happiness,happiness
1961037074,@handlewithcare  Nice start to the holiday!,relief,happiness
1694747822,@daryllorette Your welcome.,neutral,neutral
1961742642,Geez I'm hating bein at work till 10 on a day like this I feel like its a wasted lovley day,hate,worry
1750893693,"@wendywings Just hoping you're ok, sincerely concerned",worry,worry
1964788908,Doggone it! I only got an hour nap in  I really want some Ponderosa chicken wings!,surprise,neutral
1753139080,@pamjob yay  i'll do you a heart mk shout in a sec pam,worry,neutral
1753568868,Had the best night I've had in a while.,happiness,happiness
1694626145,&quot;Can't a Stevie wonder?&quot; gabe just called me sleepypants gaby.,love,neutral
1964592475,@AKDB Tell me about it,sadness,neutral
1694033103,"@chainsawchelsea If it's any consolation, you're definitely one of the hottest GG's, IMHO",happiness,neutral
1963550021,massive headache  going to see terminator tonight!,happiness,worry
1957732062,"Rain stopped a few minutes ago. I noticed that every time I cheer for the rain while it's raining, it stops. I shall not cheer next time.",worry,neutral
1960514549,Kyles going out of town this weekend  play time wif my fwiends. Rawrrr.,hate,neutral
1961480343,@fish134 miss you,worry,sadness
1962370224,@AlexisTai please don't roll your eyes. I can't handle that.  *cries*,sadness,worry
1753073717,gotta hit the hay y'all. big day with the kiddos 2maro. i love being a mommy  much love-- lil,worry,love
1752943459,@missxlellabelle mon ami since 5 years young  I loveeee her. Foreverrr,love,neutral
1753216045,"aww thats wikid, i need to book myne again sooon  miss you to lovely!! im off ned some brekkie.. speak soon dudde xxx",sadness,worry
1753468635,@ALOliver I am!  going on a hike today!,happiness,neutral
1956989561,PrinceCharming,neutral,neutral
1964793267,@Pworldwide no I didn't,worry,worry
1694220375,http://twitpic.com/4jacy - the lovelies ms @angieange rane &amp; i,love,happiness
1963816744,http://twitpic.com/67di2 - This is what I meant when I said my skin is terrible. Plus sunburnt chest.,worry,worry
1966129404,"really tired. and have to work the whole day tomorrow, the thought of it depresses me.  uncoooool....",sadness,worry
1960997014,Dangling belly rings are a bad investment...the cutest ones ALWAYS pop,worry,happiness
1695107201,@DanaBrunetti I'll give you directions from HJAIA to Covington,neutral,neutral
1957192307,"@ingridkerr No, but it does amazing things with keeping all your online conversations in one place... unfortunately that place is Google",worry,neutral
1966292195,"@Charified sadly, I don't   hehe",relief,worry
1957040172,"I just had to empty my trash on the mac. that was one of THE MOST DIFFICULT things I have ever done in my life. 8,000 pictures are GONE.",sadness,worry
1694221609,@donatoclassic me too,happiness,sadness
1964126172,Sticks and stones may break my bones...but words will hurt forever.,sadness,worry
1963479877,My Blackberry's got a fatty (battery)  guess we're kinda in the same boat huh @laurensanchez ?,sadness,worry
1752124230,http://bit.ly/T17fl  mary ann &amp; frances are gunna kill me,worry,neutral
1963374830,"i need sweets, drank my cyderrrrrrrrr",worry,worry
1965741241,@Emmaloveshearts Gross! haha it was like the tiniest piece ever but i can taste it like i ate the whole onion eww,neutral,worry
1753839094,We are having a day 'at home' today - which is proving to be rather lovely,love,happiness
1694328031,"Listening to music, Texting . umm Msn lol.  bit bored . lol. Garth Brooks wooo i love him hehe . &lt;3",worry,neutral
1962954195,@sirhova its been clownin since it got flooded in htown in april. Got it repaired or so I thought.,sadness,worry
1751644586,@taylorswift13 Hayley Williams is pretty much amazzing,neutral,neutral
1693994899,@urbansmiler Is it possible to a have phobia of phobias? Afraid to look at list.,worry,worry
1751955453,@afton_volturi ** Slaps self on forehead **  Pardon me!,worry,hate
1695250997,I have to stop writing in Swedish or I'll lose my nice followers. Back on the international track,relief,neutral
1963280466,Someone just bought the domain i planned on buying yesterday damn,empty,neutral
1695692303,A new week = new legend to make.,happiness,happiness
1751252453,@Cassivellaunus Friends in Ent Industry have said it was really really good.  Hopefully I can convince my wife into a date night  #hhrs,love,worry
1957298715,jessie has gone away 4 the weekend!! I miss her already,worry,sadness
1753727579,"@LeoWolfe Haha! Night man, and no, but Im sure I'll meet her again in my lifetime, in fact I will...no doubt about it.",happiness,worry
1965942037,@celebritystatus wifeyyyyyy  me no likey u siky,happiness,neutral
1694256221,does anyone know how to move google chrome passwords to firefox?,neutral,neutral
1961490310,@RoxxiNikki It's a lie just like the restaraunt named &quot;Garfields&quot;... he is nowhere to be found,surprise,neutral
1752227403,@arielm27 Happy happy birthday,happiness,happiness
1961477617,@rammohanr Yea...looks like it is...sorry abt nt gettin in touch..was hectic,worry,worry
1958039256,i wish i can go to two different schools at the same time.,neutral,neutral
1963093175,"@mtmodular Pixies - Number 13 gives me such an energy rush. They are playing a festival close to me in June, but work won't me me go",sadness,worry
1961419627,Nobody likes to feel low priority.,neutral,worry
1961620013,Very bummed I can't go to the @shiftworkspace open house today.   DD and I woke up with a stomach bug.  Blech.  Y'all have fun!,worry,worry
1965889329,My head hurts....  Can wait to see the new photoshoot!!!!!!!,sadness,neutral
1962910986,which was so UNLIKE the POs in oakland. they hated me,worry,sadness
1961769695,BREAKING NEWS: The broiler at Burger King is down. There will be no burgers at Burger King at lunch!  At least Chicken Fries were there!,sadness,neutral
1753274476,@Eganan- I LOVE YOU!!!! YOU MAKE ME SO HAPPY!!!!,love,love
1957680381,@cutiemoet i noe... bt i jus cant help it.....,worry,worry
1753156915,"@Chet6 yep infact she is popular, miss india 99, talented film actress .... and lot more",love,worry
1753804919,"@MacQuid No! Strange, each time we return I feel like I have come home and yet I have no Spanish blood that I know of....",worry,worry
1695694181,"is exhausted from a great weekend, and is looking forward to this week",happiness,happiness
1961089735,is moving out of Nesbitt.,neutral,neutral
1694255958,has just finished recording the improvisation for the second instrument in the latest podcast and is happy. nearly mixing time.,happiness,neutral
1962309978,I need to stop being sick.,sadness,worry
1957640696,Last day in Dijon,neutral,happiness
1695443974,"1st place at competition, and superior.",happiness,happiness
1695375231,radianborge is learning the ways of being the padre de pamilya   go go go borgie!,fun,neutral
1693978397,Revelation: Strawberries and Nutella taste reeaaalllly good together...,love,happiness
1694687308,@laubow_ I did ! That was amaziiiing    I was able to see the whole stage and to dance and sing etc ! That was really great,surprise,happiness
1695883253,"@skysignal as long as it can select what to post and what not to post, Im in! we should tell the others!",neutral,neutral
1965335254,@ingridmusic whaaaaaat? oh no! why didn't I know you were here?,worry,worry
1695766234,@DavidArchie oh! La Roux is a band right?? An English electropop synth duo band ..  cool!,fun,neutral
1964541198,@ChrisGBaillie aaaawwww wont yr brother blip things for you  LOL,worry,neutral
1960343673,@zwaloo I've tried that already...,worry,worry
1965999884,131 miles away,sadness,sadness
1694954759,@shortyyyy Aww how cute! You'd love my bathroom  http://twitpic.com/4jez4,fun,love
1695107540,learning for school now ...,worry,neutral
1960145634,I can't think of a way to express in 140 chars how disspointed I am with the advertising on Lifehacker's Why I Didn't Buy A Mac article.,hate,neutral
1694071149,must be time to go home - yes indeedy,worry,neutral
1964710833,IN PAIN. my big toe got stamped on during the hokey cokey. it hurts so much! anyone have any suggestions to help with it?,worry,worry
1696002827,Anybody to have good tips for budget lodging in Tokyo?,neutral,neutral
1957739309,my boss is bullying me...,worry,hate
1964645031,is feeling rather lonely and broke...oh wait...I am lonely and broke.,sadness,sadness
1694587254,@becca_roo you're welcome.,neutral,surprise
1957323890,i have nothing to do,neutral,worry
1753468987,"And I'm back, from a sooper dooper, extra bharia, extra dhumchik two day stay at mom's place, yay!  It's a fun fun feelin'",fun,happiness
1694220138,"Heading to bed. I think I'll read for a bit, propped up on fluffy pillows.",relief,neutral
1965449696,@heatherjoy76 I have to figure out how this works!! I don't get it  Hope you're doing well!!!,worry,worry
1965994775,@inkyoctopus I always forget SOMETHING when I travel. I am at Newark airport.,worry,worry
1751953840,fiiiinaaalllyyy home after driving all day. speeding ticket. torential rains. ... fun times,relief,happiness
1965556665,@EricaGlass99 Flo is one of my Backup wives in case Renae gets abducted by Aliens or Russians. But if Flo's pregnant it changes things,neutral,neutral
1961240344,Finally left the house! It's gloomy outside.,happiness,worry
1965012284,I can't figure out the empire puzzle.  Stuck at 36,worry,sadness
1752087913,"@Livefromthe225, goodnight",neutral,neutral
1958066861,@DonnieWahlberg and now I have to shut computer down and get ready to go home from work....what a bummer.,empty,worry
1962951120,R is going to be mad :/ Science of Sleep is missing and it's due back! I didn't even get to watch it!,sadness,worry
1958113302,"@rizzle_d We might not get Movie Night this week.  Unless it's like really early in the morning for you, lol.",neutral,worry
1960534792,"spray tan = fail on legs and feet. I've been scrubbing them and feet look better, but they looked awful this morning  Everywhere else = ok",relief,worry
1965250192,"just watched BGT on catch up, aw i felt so sorry for holly",sadness,worry
1752122397,http://twitpic.com/4wegx - @stealthrose Lol.. sorry. Too damn funny!,worry,worry
1752984609,Tonight was fun. Love my girl Tanna!,love,love
1753096552,Mothers day today!,love,love
1965493417,"I dont like seeing my best friend cry, it breaks my heart and I dont know what to do or say",worry,worry
1753416782,@roe4ever1 Happy Mother's Day ~ Did you watch SNL?  If not U missed a hoot with Jimmy Fallon,fun,neutral
1965962069,@robluketic damn i always miss it,hate,sadness
1962879728,eating lunch cant wait till 6 off work but gotta work tomorrow,neutral,neutral
1694221200,Fast &amp; Furious = EXCELLENT movie.  And Andy is a great guy   Most of the time....  lol,sadness,happiness
1957526477,@munzee the 14-24 is definitely going... sold the 70-200 and 200F2 is  too HEAVY  Think I'll get away with the 50/85? #Twedding,neutral,worry
1694366570,@just_kap But I think it's cute.  Do this every night okay?,love,worry
1694928880,57 days till my 18th B-day,neutral,sadness
1960327601,"is upset, I left my phone at home again",sadness,worry
1753551275,"Have just slept for 14 hours, would have been longer but working this pm",relief,worry
1958131886,working wearing sunglasses...my eyes are bleeding!,worry,neutral
1963743325,miss my hubby already!,sadness,love
1965290304,@sjeske at the shop getting the hail damage fixed. It was there for a week.,neutral,neutral
1957064575,"Morning everyone sorry for going early last night had bad news, felt totally crap   Today is a new day",sadness,worry
1695694083,"@Julie3160,hey wassup",worry,neutral
1961543750,"at the office, trying to solve the mystery of whose blood is that in the  bathroom toilet.... eewwwww",fun,worry
1957497862,oh men..not in the mood  I'll go home tomorrow..wanna be w/ my family..its my birthday,surprise,happiness
1957169154,Will miss nostalgia ... everyone please kick tushar,neutral,worry
1964055537,wow i love how we have no headache medicine in this house.,love,worry
1751714227,"now, in a weird mood  muahaz",neutral,happiness
1696085443,Whole body is sore from moving hundreds of pieces of luggage last weekend.   Guess I should visit the gym more often,worry,worry
1751679002,I just saw a shooting star... I made my wish,surprise,worry
1695192343,@DianaRusso night Diana and if you travel soon take care,worry,neutral
1753293435,@kenakasoulstar thank you.,relief,happiness
1964016481,@RedCrossPDX No blood drives in my area.  I'll keep looking.,surprise,worry
1695963782,"@DoctahAna Can't really do anything about that, now can I?",sadness,worry
1960194070,"@ost8doc  Sorry...but, I bet they aren't that bad...",relief,worry
1753399577,made breakfast today......Happy mother's day ..,neutral,neutral
1694812451,@Lagaffe it's just one day... do a week of 60hrs to compensate,neutral,worry
1695029298,What a nice young guy at dunkin donuts let me go first,love,neutral
1966204773,@ the San Antonio Missions game waitressing. Not a huge crowd.  Meaning a slow game.,sadness,neutral
1753363611,Just Decorated Moms Room While She Was Asleep For Mothers Day  She'll Wake Up To A Banner And Balloons! Woo!,happiness,neutral
1963409963,Just came back from school.... Packing for my dad's house,empty,neutral
1753869305,@halibrahim Europe sounds gr8! Will finish my exam on Teus and then we'll  talk about it,relief,neutral
1695728494,is at the farm doing what i do best...RIDING MY ASS OFF!!!...get at me,fun,worry
1963113599,"has burnt my hand on the cooker, it hurts",worry,worry
1751142972,Ahhhh the calm after the storm.  All is quiet. Night everyone and Happy Mothers Day to those it applies to,neutral,love
1753515831,"my first ruby app, let's see how far i get  #pww",neutral,worry
1695617959,I wash my dishes Like a boss!! LOL,relief,worry
1966309002,shit....game starts in 30 min!!,worry,neutral
1751141227,Home from work,happiness,neutral
1963606976,im away from the comp....  ill be back later,neutral,worry
1695138102,@LorenaHeletea Thanks for the well wishes and hope ur day is also quite successful,relief,happiness
1965921144,@HimOverThere aww noooo that doesn't sound too great,worry,worry
1964972845,@gorgeousapg hahahaha. Nahh sowwieee.  I had to git a shirt to match dez sneakerz nd idk if they da same color. Aghhh =O lol,hate,neutral
1961276730,@ToyStory2wasOk The party has to be moved to next weekend  ..stupid weather.,sadness,happiness
1963990285,@victoriax64 im sorry,sadness,worry
1962616114,@kattekrab No tango icons in this revision.,sadness,neutral
1751429470,@curtsmith Enjoy! Family trumps everything,love,love
1963465869,@carolinejjordan are you on about BGT im not watching it tonight i cba  my mates where on it on tuesday  xx,hate,neutral
1694473396,@hanaames Ah good. Glad to be useful.,relief,relief
1961281760,im sad about missing out on the opportunity to be in valencia's new video.,sadness,worry
1752871857,@lolove and i got hello kitty tattoos!  she's a ballerina and i'm a ladybug,worry,neutral
1694091129,"@GJvManen Nope, kicked that habit more then a year ago",neutral,neutral
1957382211,"wowza, only the second tweet of my entire trip and i leave in 3 days   but first - BLOW UP SF TOMORROW NIGHT!",surprise,worry
1694275870,editing something in photoshoot  NILEY,neutral,happiness
1694705595,"@loisheilig I always told my kids that I see and hear everything so mind your manors, so I guess that proved it to him.",neutral,worry
1750930769,"@rorschachsgirl Yeah--those pants are horrible!  Yeah--my wife loves the job.  She loves performing and kids, so it's a good environment.",hate,love
1961066579,@RobbiedaKid no I was too slow  I hate getting the trailhead then not getting in.,hate,worry
1753617164,Happy mother's day @mrskutcher,happiness,love
1753632437,On our way to take photos at the park,happiness,neutral
1962202403,is trying to find something to do tonight,enthusiasm,worry
1961238560,is hurt and upset and trying to smile when i feel broken inside,worry,worry
1751820997,"watching &quot;Steel Magnolias&quot; then going to bed. I have to babysit at one tomorrow. then give mommy her gift!  night, &lt;3 peace.love.jonas",worry,neutral
1965592023,I hate being yelled and sworn at,hate,hate
1963397839,Just found out one of my coworkers that I actually like is leaving.,sadness,worry
1752503441,@shaundiviney Sweeny Todd is deadset one of the best movies of all time,surprise,neutral
1962370876,ugh back in reno,worry,neutral
1694052927,Had a gr8 Sunday relaxing enjoying the beautiful weather. Good nite,surprise,happiness
1694348890,updating my resume,happiness,neutral
1695109532,@Coach_Colette By saying a big HELLO to you!,neutral,neutral
1751986672,blastinggg music.,neutral,neutral
1964713761,@Terrellbrw No money... and No Car...,worry,sadness
1965650962,http://twitpic.com/67twh - This has never happened before =/ orange blinky lights. I think I've broke my battery again,worry,worry
1751360034,going to EK nao... will meet bloggers there instead of Makati  http://plurk.com/p/stnt0,neutral,neutral
1962112043,Is anyone there?  Please say hello - I'm feeling lonely,worry,worry
1966179712,"@PrincessPDexter Ohhh, he is very regal man-cat! But he is blocked",neutral,worry
1753807059,@goebicyu try direct message to me here on twitter,neutral,neutral
1961084039,I think I'm about to break my own heart. (as emo as that sounds)... meh.,sadness,worry
1694035106,Ay dios mio! 2 weeks left of college!!! AH CAN'T WAIT!!,happiness,worry
1958091288,@dublins98dave me too! I am down 400 euro,worry,sadness
1964538187,@mileycyrus i thought i was your best friend,worry,happiness
1751572239,@JanetRoper  Indeed. Maybe somebody needs a new cat.,surprise,worry
1751956111,@ObviousLB *bows*  I try...sometimes it is hard,sadness,worry
1752565312,@livenoutlouder wasn't that mother song SO funny? SO wrong but SO funny - I heart @andysamberg,neutral,worry
1961765459,moving 11 blocks up the street. goodbye hardwood floors,relief,neutral
1694510188,@xanderprod glad you liked the gmail add-on too. We visual people like the asthetics to be right don't we.,relief,neutral
1694626464,It are mimi time,neutral,neutral
1957473076,Surgery when I wake up,neutral,worry
1753600052,"@givemestrength Ha - check the high scores today, currently I have the No1 slot at 306,000",neutral,neutral
1696086031,@fotogypc What kind of help do you need with Machine embroidery?  I may bea able to help,relief,neutral
1750930428,Boy is all graduated!  So proud of him!,love,happiness
1753273230,@Taylorgotbeats lol -catch me if u can,neutral,neutral
1965010172,more work to do,worry,neutral
1753582778,Take antibacterial to school to clean your hands when you cant go the loos,worry,worry
1753031719,@frombecca Oh yum - rhubarb. These links are fab. Thanks,happiness,neutral
1964369361,@DonnieWahlberg Mr. Ddub how bout' announcing a new date for the NC shows? please don't leave us out. i got my refund 2day for 5*,worry,neutral
1753616072,@A_Bizzle Checkin that out right now,neutral,neutral
1753031471,@SkinnyInTheCity Good to hear... several of my peeps are working tonight...,worry,happiness
1960296269,What a burden. Abit of a fail lunch with Dan,hate,worry
1695193351,waiting on the cue for kenny,enthusiasm,neutral
1961749265,@BigzFlygerian sorry but I'm not impressed in the slightest b/c u don't eat pussy..more like saddened and confused,sadness,worry
1753157214,@pyrat_ ay beezy! finally lol its time to hookah so get off twiiter...love ya,empty,neutral
1960437054,"@BrittyBoo_20 I hope he does it soon, and i know i hate fakes",worry,worry
1957602412,@Phoebo yeah....but I finish go home get changed etc etc then im off again,neutral,neutral
1960623470,@TheColorAbi That sounds shitty too.,hate,sadness
1751249451,@chaosandharmony Where are you at the mo Becks??  Guessing it's you.  Met you Tga WBW when you spoke there last yr. Business or holiday?,enthusiasm,neutral
1963001561,Everyone stop what you're doing &amp; help me find my favorite pen. Its a black clicky Papermate. I heart this pen.     #fb,worry,neutral
1963126151,"Cannot tweet. Eyes still dilated from morning eye exam. Am on verge of bifocals, and so is @adravan",worry,worry
1752353145,@Den_Mom Maybe people would start looking for us... like &quot;where's Waldo&quot; but &quot;where's the CKC&quot;?,empty,worry
1956983874,"So great to see Oin &amp; Cynthia.  So happy.  Dinner was great, cute little place.  Too bad Oin got sick afterwards.",happiness,worry
1961896970,i woke up just now missing alabama terribly  my dad says we will be moving there. soon. thank god,sadness,worry
1694903972,@aknotofemma See we shall,neutral,neutral
1966104535,@BraveMaiden I don't get as much time here either. It's going to get worse now that the girls r home for summer.  It stinks.,hate,neutral
1963364416,would love to say TGIF but working at 6am tomorrow,sadness,neutral
1694663764,@letteapplejuice How in heckitty did I forget that one?,neutral,worry
1694977248,@Twilightrockz1 Thanks! (followed me back),love,neutral
1695580254,@petethevet Thanks!,relief,happiness
1965293679,"@Skittles3640 No prob, skittles we always gonna have yall's backs. The true sweeties dont play.. LOL But yea we just got heated. We sry",hate,neutral
1965764448,@iimJacko O dear! HE'S HERE! OMGOGMGO.. U didn't see that I was going to fuck u..?,love,worry
1957019556,sometimes i wish things could go back to the way they were the beginning of last summer,sadness,worry
1958051039,@irrationallogic Yeah daw. Awww...  Wear a mask na!,sadness,neutral
1961477992,At a redneck hoe down apparently.,neutral,sadness
1964250118,"'Whats your stand on gay marriage?' - me. 'what the fuck natalie, stop asking me these gay ass questions! Go get a job!' - dad.",empty,neutral
1696175895,@jordanknight are you TINK'N the people on the street in NY waiting 4 friday are crazy? Brooke,worry,neutral
1751108228,the mum's cake is done.. now i need make a good luch and tomorrow will be an amazing Mum' day,love,happiness
1962849248,"oh god they're breaking down so much plaster what are they doing in there  i like walls, thanks!",worry,neutral
1695768139,Go get some fresh air :] to refresh mind,neutral,happiness
1753382848,mum just made me cry coz she said something so sweet to me  i love her so much! MUMS ARE THE BEST!,love,love
1963041632,@DawnRichard at least your luggage came. I came back from Paris and the airlines lost all my luggage...,worry,worry
1751036340,Whew.... finally home after putting in some hours in the lab. Watching Catch Me if You Can and eating cheese and grapes. Good night,relief,neutral
1753450968,Just been asked to sing yet again....aha. coffee mornin this time. psychology past questions&amp;revision suck!,sadness,neutral
1957741825,@Keiyaunna I normally dnt sleep until like 6  cud never sleep at night n ur entertainment,worry,worry
1751212005,about to play my first game of apple to apples!!   wish me luck...,happiness,neutral
1695846325,"@ Little_Ren is lovely lovely, and so niceee",love,happiness
1960673469,@mynameisgay You are so lucky you get to travel.,surprise,happiness
1963589370,No tourney 'til next weekend =   http://bit.ly/2xDPf,neutral,neutral
1694128496,@LoveLoyaltyLife Very impressive  I'm the same way. 100%,happiness,happiness
1961642994,"I don't want to lose my wisdom teeth, they make me wise. I will soon be without a trace of wisdom",worry,worry
1964298352,"@laurawrholmez  I know! they were running out though, Soph had to get a massive one...",worry,worry
1963860551,Britain's got Torture - Edelcries...,neutral,hate
1962810366,Just received my Leeds 10K bib and timing chip - but my hip injury means I won't be breaking any 10K PB this time around,happiness,worry
1961606703,Sunburn ouch,worry,worry
1963325670,@PKChin morning dad!! i had the weirdest dream some marines shot terrorists in the throat... no i didnt find the key yet,surprise,worry
1753519119,@bradiewebbstack Haha  i like you default picture.     Meow.,fun,worry
1963157363,ugh! nothing to do in the valley  Seriously gotta move out of here!!!,hate,worry
1751285666,"@tyk505 I want 2 see that movie, too!!  Have fun!",love,worry
1964642996,Cough drops taste gross...blaaaqhhh,relief,worry
1962409435,@ashmohazel @immackmaine @its_erincharde @brando2711 hey you guys should invite me out...moody is my only friend these days,surprise,neutral
1695344583,@missgiggly Good night,fun,happiness
1960499717,@swingsandpretty tip 2 : at the very least make sure the bottle top is on securely and tightly...,surprise,neutral
1753254838,@scottiejen knackered! been awake since 5 as couldn't sleep! just started work now. coffee and toast sounds awesome  chris has been busy!,enthusiasm,happiness
1753803726,Photo: My New Shoes!  http://tumblr.com/xmx1qzcts,worry,happiness
1965850100,Got a Real Bad  headache,worry,worry
1962779618,alicias tonight? idkkkk. ughhh,neutral,neutral
1696004287,@susiecheng We all need that simple reminder-thx!,happiness,neutral
1965902635,"everytime i go on threadless, it makes me sad because i probably wont buy any awesome shirts i see.",neutral,sadness
1752353996,@Freakonomy hahaha thaanks!  iï¿½m from brazil!,neutral,worry
1751504192,Watching the CAVS!!!!!,happiness,neutral
1752019099,Going to go kennel the dogs and then I am going to watch Goblet of Fire,relief,neutral
1695191710,In pain from earlier gym session - a necessary evil after too much beer this past year,sadness,sadness
1751467037,Working on several book projects that are due to be released within the next few months.  I need an extra pair of hands!  It's all good...,worry,neutral
1957509110,"I seriously hate my life: it's currently 2:42am, I have 3 finals tomorrow, and have not slept a single second",worry,sadness
1957421654,good morning people !! in good old germany is it soooo cold,happiness,worry
1963214275,I hate tomtom. City traffic sucks,hate,hate
1694977528,"@Amy_E_W Thank you, Ill try not to!",neutral,worry
1957745372,@jonpaulkaiser love the stuff he sell... you should help this guy with his logo and shop  it's kinda Wordart,neutral,love
1965577805,I want a lie in tomorrow! Won't be getting one though,worry,worry
1694552196,done with the dentist until November,relief,neutral
1960669209,"Kidney Stones again  What did I ever do to deserve this kind of pain, not once or twice but five times in my life??? Took drugs, peace out",worry,worry
1966095613,@MariaV_ST vaca!! buuu sigo en el work,fun,neutral
1966263555,"Graveyard charged my card twice (one correct total, one random amt) from last night's #atltweet tweetup. Check your accounts!",worry,neutral
1964952064,@_micster  How the hell does your hair not fall out constantly?,relief,worry
1961228020,@wendydoeswaco Beatrice?? I don't remember his guide,neutral,worry
1965482972,"Thought i saw the a-trak van, turns out its the Alcohol- TEAM van.",surprise,worry
1961923067,"Totally been too long since I updated.  Saw Star Trek, excellent!  Killed Yogg-Saron 10 man.  Memorial Day killed 25 man raids",happiness,worry
1962782952,"Waaah, asshat at CVS yesterday shortchanged me  I paid 10$ for chips.",neutral,neutral
1963572788,"@jennafletch at freddies having a cotch and LADYHAWKE is here, just missing you my bajan beauty",sadness,worry
1957377577,"@JohnGunders I want Ulead back, it was awesome and it worked. But unfortunately it's only for PC",worry,worry
1957393522,Muay Thai was awesome. I'm gonna be sore in the morning! I feel like being bad and eating junk tho,worry,worry
1694092204,@eminem http://twitpic.com/4j585 - Guess I need to get me an iPhone now for sure!!!  It looks bad ass!!,anger,worry
1961616844,Woohoo! Procrastinating doing any work by going out to lunch! Have to wait for my sister now though  dang it,neutral,worry
1694184624,Happy Birthday tooo meeee... Happy Birthday tooo meeee...,happiness,love
1965559701,94 more days till BH comes back to LA,neutral,neutral
1957532522,I wanted to see the story on ACORN tonight on Glen Beck but I missed it,sadness,neutral
1963015916,Where is the sun!!,sadness,neutral
1694929675,life is so good. and it will much greater on Thursday at 5pm!,happiness,neutral
1695001901,got an A in english again  yay..  but a D- in maths,sadness,neutral
1957506500,im cold  i still cant find my hoodie,sadness,worry
1694791925,"Screw the reviews, I thought Wolverine was awesome. But not enough Dominic Monaghan for my liking.",empty,worry
1752917901,awesomeness....she comes my way...lol..dun dun dun!,happiness,worry
1958121341,sorry for my lack of tweets  ive been buzy. new vid this saturday!!,worry,worry
1696045331,"Photo: jdperry: Seriously, theseï¿½pictures make my day.  Hahaha. Iï¿½always just go aroundï¿½saying ï¿½OMG did you... http://tumblr.com/xzn1pir8s",happiness,worry
1957282768,@_anniemay OMG No fair,neutral,sadness
1965998793,"@Tracybelle I'd hang with you, but... Tennessee.",sadness,neutral
1961081422,Oh MAN !! I was going to connect my old school Nintendo to play mario games. And is not in the bag I gotta search for it.,surprise,neutral
1753094770,"I am so grateful I am your daughter!  Happy Mother's Day, Okasan.  Thank you for everything... always!",love,love
1957645080,@shinyflash my plans might have just gone out the window too  bit gutted.,worry,worry
1752019207,@mileycyrus is on the radio,neutral,neutral
1960945171,"@garageglamorous I agree, 'Paparazzi' waz an amazing vid, I luved it, but felt bad cuz it waz leaked &amp; I watched it",happiness,worry
1958055016,@deabarnes why??,neutral,neutral
1957516839,Five o'clock can't come any faster,fun,worry
1751819034,my boyfriend just bought me tickets to american idol,neutral,happiness
1966335168,@thatitaliangirl oh yeah,empty,happiness
1965079749,&lt;--has no internet for the weekend,sadness,neutral
1750928208,get it right! I think I am obsessed with Hydes' voice @_@  I've chosen a guitar song to learn for the summer! Time to perfect picking!,fun,happiness
1753760541,watching the simpsons,neutral,neutral
1694440876,finished watching the movie 'mirrors'. I liked it but it really didnt do anything for me  5 out of ten i give it   // cool http://g ...,relief,neutral
1753804395,I PUT A SHELF UP lol im well proud and yes its my twilight shelf  my books the movies going on there and obv my prezzie from lara XD (L),relief,neutral
1957117050,recapping on britains got talent. britain seems more talented than america,surprise,happiness
1960660475,"@jdawg Still waiting for a email  from MAX. So i consider no news, bad news.",worry,worry
1695766825,"@me_chiel Nah, it was only a CX-520-D",neutral,sadness
1963728948,@kiieeeee yaaay for u cleaning ur room. I said hi to u the other day &amp; u didnt write me back,happiness,neutral
1962523011,@avweije76 yep  but I'm going better now,neutral,neutral
1964978414,@Janelliebeans I don't even remember what's on there!!!,surprise,worry
1958082182,"@elwoodicious Crab boat? I have my mobile set to go off every night, to remind me to head to bed",neutral,neutral
1753712018,busy exam week coming up! always look on the bright side of life  *whistle*,fun,neutral
1753742335,Playing logical gates games with Charles on : http://tinyurl.com/6jwjmy  Charles took less than 5 mn to make a light bulb flicker,neutral,neutral
1960583429,Glad to see the sun out in Dublin after a great week in London. Back to work,relief,happiness
1963223882,"@Zee I can't, #gravity won't let me.",sadness,worry
1695002580,"@LP_laura_LP ok thanks for the help! I hope they respond to me sooner or later, then! thanks!",empty,neutral
1962824914,@dfizzy you're so lucky. we have 6 weeks until summer,sadness,worry
1694293831,@FanboyGeekStu That's one of the reasons we thought &quot;Should we have a kid?&quot;  &quot;Nah - let's get a piano instead.&quot;    You poor buggers,surprise,worry
1751323084,Ok i mean this with no disrespect........ FUCK THAT!,empty,worry
1696176248,First Day for research at Edmonton General,neutral,neutral
1963455046,@MissLaura317 Aww internet  But yeah .. he did say he wanted applause after every take he did. Careful what you ask for lol. AHH *twitch*,worry,neutral
1957008193,but now i have no money for a phone,sadness,worry
1751854438,@mahmood *cough* star trek *cough*,hate,happiness
1694858619,Good morning  ready to start this week.,happiness,happiness
1962266855,I miss having nothing to do except lay out beside the pool every day of the summer.  That was much better than spending all day in class.,love,worry
1750931806,@howie_d ...I'm so happy for you guys! COngratulations!,love,happiness
1961922540,joe: 2.30pm Kevin pics up a new pair of pjs :') PMSL i could have died!!! lmfaoo :') I MISS MY BOYS,love,love
1752352669,@Belly9Maternity tooth fairy is coming to ur house tonight.,surprise,neutral
1752019251,Watching The Nightmare Before Christmas &lt;3 Ask me if I care that neither Halloween nor Christmas is any time soon,love,worry
1957142917,Ran out of money. I r a sad panda,worry,worry
1694070822,@joecommisso oh ok kool  keep me informed bout that checked ur paged its nice,love,neutral
1958135352,Ugh RUDE!..,surprise,worry
1753398481,@JPMizDELiCiOUS Good to hear..!,relief,happiness
1752824294,"Done at Disneyland, kid's knocked out, stopped by the hotel bar and grabbed a grey goose &amp; tonic on the way up...peace",happiness,neutral
1752873793,@moonfrye HAPPY MOTHER'S DAY!! You're my fave celeb to follow,love,love
1964244885,More sunburn,empty,worry
1965689820,Argh noo! Missed The Killers on Wossy!  That sucks! Missed out on Brandon. Total failure! Anyone know if it's repeated? Must investigate!,sadness,worry
1695805287,@cameronstrang that's because of all the stuff that was stolen while you were gone...,surprise,worry
1963809419,"@boredzo I assume you mean 2nd item with 3 nested lines, but no invert call tree button to be found   ï¿½  ï¿½   ï¿½",neutral,neutral
1966096024,Is losing money in Vegas...,worry,worry
1752919778,Church is in 8 hours! I better hurry up so I can get some sleep!,worry,worry
1964252524,Being attacked with cola..... all sticky,worry,worry
1957116748,Just saw a fox!  as i was getting on the freeway... I hope it goes home,surprise,worry
1960907396,omg i was so nervous last block. i had my speech and i almost puked. it was horrible.... i bet i got a bad grade on it....,worry,worry
1957135415,2nd to last episode of jay leno  itll never be the same!  nite twitter,neutral,neutral
1964544338,@Hooded how come? i want pizza,fun,worry
1962865581,Sgt. Hughes has bacteria meningitis  so i disinfected our female latrine and im writing an essay on meningitis for Sgt. Ski....,worry,worry
1752475763,@urban_asher better.  That wasn't one of my better summaries,relief,worry
1963553724,I'm getting me &amp; my family ready for Kaylee's graduation! It's gonna make me so sad.,worry,worry
1962115132,has a headache from the the heat.,worry,worry
1961689352,"@cindyefolson the signal that makes your internet &quot;go&quot; is pretty bad  getting a tech out will get that fixed up, though!",sadness,worry
1965598083,@KimSherrell not me  sigh,neutral,sadness
1694331744,@Debbas My Mom is a nurse practitioner&amp;spent entire life devoted to the field.  The good ones deserve to be recognized! I'll follow her,love,worry
1695620558,Por Favor!!! Only need FIVE more!  http://tinyurl.com/dzcpg3,enthusiasm,neutral
1960203449,@lewace11 that sucks man,sadness,hate
1753615666,is in a good mood,happiness,happiness
1957005696,@IdleThumbs Up is out?  I didn't get the memo   It looks amazing.,fun,worry
1963459302,@soapylove Congrats on the Invisalign! I need to get refitted for mine - I got lazy and stopped wearing them.,happiness,neutral
1957609123,@shaundiviney 04182012154 send me one PLEASE!! I TXTD IN BUT I GOT A NEW PHONE,happiness,worry
1752123858,"I just saw Nick's friend Jose D Fish GH3. Damn. Well, on to Star Wars  I'll probably be going to a MLB game if I get good seats",neutral,neutral
1966420576,"i know i told him i didnt want him to stay home with me but i lied, i really did want him to stay home with me",sadness,worry
1752414083,@krissychau ditto.  love the friggin song!,love,love
1753073869,@cacsb911 thank you cici  right back at ya!,love,neutral
1695803794,Being slammed with spam followers today. Is it just me? Or is that all I can attract.  Get a life people.,worry,worry
1965496028,@joe_g1986 a price drop would be nice  I want another one for a backup/blu-ray player.,fun,neutral
1751784871,listening to the falling rain...lalala,happiness,neutral
1961213958,@tommcfly Do a tour in the Philippines sometime.  A lot of fans here would really love that!,love,love
1694036060,"@clocsen I accept the blame . But I said &quot;in English&quot; (the language), couldn't say &quot;in British&quot;, could I ?",neutral,worry
1752505221,Got a sunburn from Coney Island bike ride,neutral,happiness
1963387530,@billiemcfly she said no not to nite  x,sadness,worry
1752534638,@QueenofSpain Good night Erin!  i wouldn't say that this is early or that you are old.,happiness,neutral
1753097690,Missing @smartbrain from BKK na.,sadness,worry
1694457894,@SplinteredMind then am anticipating the next ten days!,empty,neutral
1696088134,Mommas day is may 10th! Don't forget to do something nice for your mommyyy,love,neutral
1695027704,My 11y/o daughter and I have just had the kind of argument I don't mind having - over who loves the other more,neutral,worry
1751140518,@ceemce Home Friday makes me  too!!!,happiness,happiness
1961893993,My dog Roscoe died yestarday and I'm so sad,worry,sadness
1960859823,@schittyw0k KILL IT JASMINE! Haven't talked to you for ages.,neutral,neutral
1958082743,wants to feel better,worry,worry
1963106014,Yea baby!! Im gonna miss you so much,sadness,worry
1962686271,"@xomorganjane aw, sad  I was looking forward to seeing you!",sadness,worry
1752415733,I forgot I set my iTunes to display by play count last night. I didn't understand why Taylor Swift was in front of Belinda. Haha.,fun,worry
1961262423,everything is spinning,neutral,worry
1962104716,@induce1 Panchito's burfday party tonight... wish you were here kiddo!,worry,happiness
1960380630,@1capplegate still sad about Samantha Who?,sadness,sadness
1694053123,"If any one is looking for @pembrokedave he is now at @PembsDave  (And if you don't know him yet, follow him anyways, good guy)",neutral,neutral
1695280609,"@SheonaHG  lol, sunny and 18 yesterday, Igloo melted, attacked by bushes, recovering today.  How's things in Chocolateland?",surprise,happiness
1965533870,@azandiaMJBB Oh no! Dreadful thought! Won't you get to spend any time blipping at all next week then?,worry,worry
1957722810,Feeling sick the now,worry,worry
1753138375,"@nsane8 @Icametumbling  Whether that's good or bad, I can't disagree with you there.",worry,neutral
1964598753,i just watched Marley &amp; Me...i cried so hard!,sadness,happiness
1753450827,"@Bleau thanks for the retweet, man  having a quiet Sunday morning... how's yours?",love,happiness
1963818968,I'm supposed to be Ms. Twitterology,surprise,worry
1962193628,@misamille Where are u  miss you I hope you are doing well *sending big hugs*,worry,worry
1753418610,@NaiZhao the pictures tells me me that u were surrounded by adorable children!  hehe,happiness,happiness
1695545634,Good Morning Sunshines!,happiness,happiness
1958126712,hates having to be at work for six am,hate,sadness
1694033625,is back from TAFE and has bowling in about an hour,neutral,neutral
1753634185,@SuperTriviaGuy Hey we were at Tallebudgera Creek at 5pm.....visiting Anita's special tree........could have almost bumped into you,neutral,neutral
1965969124,"i'm sorry i'm neglecting you, twitter.",worry,sadness
1753115396,happy 1 year! &lt;3,love,happiness
1694549624,Apparently it's #starwarsday,happiness,worry
1963640875,Poor Lil J-Man has a fever. I can't wait to go home and hold the little man!,worry,worry
1753869731,"&quot;you said &quot;darling what happened? did I fall asleep, and you carry me home? Cuz I know I wasn't here&quot;&quot; Goodnight twitterererers",neutral,worry
1751854418,lets play some russian roulette.,fun,neutral
1694201304,holiday again,neutral,happiness
1753138859,"@misterfuji I've always been pretty athletic, I especially love b-ball. Anyway, yeah I can run",love,love
1960268939,"@moriagerard Won't really get a break till custody issue is settled and I've moved... another month or so, at least",worry,worry
1695162943,@dizzyupthegirl thankyooooou,neutral,neutral
1694238090,Sorta like my new sleep schedule. The nights off are quiet and I get creative or even me time.  ahhh. My anti drug.,love,neutral
1961898078,@StoryShtick Ugh.  Now my ears are having phantom pains.,worry,worry
1965291727,@MirandaBuzz ahhhhh....... i hate math!!!!!!! right now we r doing something so hard that we just learned today......  lol,hate,worry
1963175762,it's realy boo0o0o0o00oring ..my book is on the side &amp; i'm not studyin for sure...,boredom,neutral
1752673096,at @bellmyshell's with @misseichas,neutral,neutral
1963993811,can u believe the architect who planned a tar-black promenade in this small town won an international prize?and everyone who walks &amp; jogs,surprise,neutral
1752192622,@CandyCotonCrush,neutral,neutral
1963908195,@adamswifey61208 yes(: but now,neutral,neutral
1750999891,"Needless to say, I didn't stay to find cache#90.",neutral,worry
1753568832,Yay! Go wyattt your totally amazing'!'! Im So happy for you.  yay,happiness,happiness
1965764625,I left my ipod in the car so now its all warm.,worry,worry
1963037099,"Aw crap! My iPod has a thin, gray line across the screen! Didn't drop it - I take good care of it. How long before it dies?",worry,worry
1753416642,"@TheFuzzyBlueOne me? A doctor? *laughs* oh, no, no, no. I was @dr_crane's patient at Arkham Aslyum, but now I work for him",happiness,worry
1964738305,i have had the worst headache ever in the history of worst headaches today!  man i hate those!,hate,worry
1957358280,My stomach is killing me do I can't sleep,worry,worry
1962202132,I need some free #fieldnotes because I can't travel to North 3rd Street in Philly to buy my own.,worry,neutral
1694331457,"@rvailleux : woot please post a pic, I won't recognize you without it",worry,neutral
1965522664,@melodyxxx boooo!!! I bet it was a nice wallet too,neutral,neutral
1751215063,"@djempirical Have to listen to samples to make sure I'm thinking of the same stuff. Loud, odd, Zorn-y stuff as I recall. Not Mr. Bungle.",worry,neutral
1965419171,so ready to go home,relief,neutral
1694928287,back from the yoga retreat. I recommend this to everyone,relief,neutral
1695192391,"@Nurul54 Yes, dahling... you are definitely one awesome tweep.   I'm sending love and kindness across the ocean to you!",love,love
1751750013,11:10pm on a Saturday... you know what that means! BEDTIME!,happiness,neutral
1963992468,Sulking at home while it rained was poor strategy.  Now i'm watching the sun shine from a desk in the Robarts reference room.,sadness,neutral
1964558982,it's sunny but i'm bored  sad call or text me,sadness,sadness
1753196570,Happy Mother's Day to all Mums on Twitter,love,love
1751286710,I'm Such a nerd. Reading my first of many books this summer,neutral,happiness
1695249410,@Timprescott wasn't the &quot;layers&quot; just absolute positioned divs? Web compability killer,neutral,surprise
1964092839,So sad they discontinued my sesame tofu salad at trader joes,sadness,sadness
1963104923,@DarkGX pffffffffff... it's not a 100% triumph cuz u gone napping  LMAO!!,love,neutral
1961188926,missing @ikewii lol. plaid bud. haha. damn i can't do the BG right.,fun,sadness
1957583765,"Had a nice concert yesterday. Nice location, nice people, it was great. But I have a bad cold since yesterday night  Being sick sucks!",worry,sadness
1958117612,Getting very frustrated by people who don't know what they want... can't wait to go home tonight...,hate,worry
1694329049,@peternomad Thanks! I know.,happiness,happiness
1694455670,"@MissxMarisa we had scones this afternoon!! they were great  we're gonna make cupcakes this week, on Wednesday!",happiness,happiness
1752321191,@Bluewolf2072 thanks,neutral,happiness
1963907471,reyt fancies a valentinos. Worst of times considering i can't have any,sadness,worry
1957691421,"@NikkiNoo1956 That's not good, sorry to hear that, where did he park it?",worry,worry
1695249675,http://twitpic.com/4jgro - me again,hate,happiness
1961065657,damn i miss my bf,sadness,sadness
1961828980,thirty minutes turned into three hours. oops,sadness,neutral
1753567005,For @Claire_inLaPush because she misses Quil so...  Far Away ~Nickleback ? http://blip.fm/~5z639,surprise,sadness
1695137094,@iantalbot Gosh I've a stinky old headache. Maybe I should have lunchfast,worry,worry
1964129416,"@DChi606 Sadly, all I have is the Stanley Steemer 800 number.",neutral,neutral
1752414830,exhausting day. And more to come tomorrow! City for mother's day!  can't wait minus the driving.,neutral,neutral
1751503253,listeninq to music; Butterfly Fly Away - Miley Cyrus,neutral,neutral
1961822707,Oh My God ..  sad day ..,sadness,sadness
1965844618,@misterperturbed I ordered a replacement palm centro cuz my phone got kill't! I wanted a palm pre but cant afford a data plan,sadness,worry
1752985103,@krystynchong  E3? Nice! I wish i could go! make sure to take tons of pictures!!!,relief,neutral
1965771645,mom is on her way home  but yay for mother son days! she even bought some new shoes. haha.,worry,neutral
1694878516,@PeteTaylor I miss you too!!,sadness,sadness
1963727972,too many meds. sleeepy sleeepy. I hate being sick,worry,sadness
1752505843,"@princessdeleon AWESOME! It feels very fulfilling, doesn't it?  I'm gonna work on SOOOO many people over the summer! Totally excited!",happiness,worry
1965908077,@ Up in 3D with the boys. Grandpa had to go.  - http://bkite.com/07YeZ,love,neutral
1752191828,"Ugh im so tired and i hardly did anything but play with my niece, Im goin to bed Goodnight eveyone! &lt;3",neutral,worry
1957113231,"Wish I could attend E3 this year. But these small events like the NBA and Stanley Cup Finals keep getting in the way.   Work, work, work.",worry,neutral
1753156205,Trying to get out to enjoy the weather &amp; train a little... Some minor beer tasting activity took place yesterday with @opsaksa etc,neutral,neutral
1753483536,"@vincenthofmann  Yes. But, Cute AND Predictable works for you...",happiness,neutral
1753789243,@jordanknight Please wish your wife Evelyn a Happy Mother's Day for me and tell her I hope that she has a wonderful day. Spoil her today.,happiness,love
1752672385,Finally off work...long night.  Hangin with @KrispySwiggs,relief,happiness
1963725511,Waiting for my cell phone to dry out.... it went swimming in bowl of water earlier,worry,worry
1966246529,@owl311 that makes me sad...,sadness,worry
1751715184,Getting used to this shoulder immobilizer thing. Even getting used to sleeping in the recliner.,neutral,worry
1960386912,the puppy shall loose his um... manly parts today  poor guy....,neutral,worry
1957052932,feels sick to my stomach and idkk whyy,sadness,worry
1961044326,@MelanieDawn Forgot about the traffic  Heading to Foxford in Mayo and the lovely Pontoon tomorrow,worry,neutral
1960912573,"Not feeling too good at ALL, about to head to work from 12-5.  Not a bad shift, just not fun when you don't feel well! Hope it goes FAST",worry,worry
1964850664,@nkirchmar I have 30 minutes to go! Then a 3 day weekend leading up to my birthday on Tuesday. I have to work on my birthday.,sadness,worry
1962746144,@notdiyheather although I know he would never be okay with a homebirth. Moot point since we're done w/ babies,empty,worry
1963216294,@graffitibreezyy you did not write back to me,neutral,neutral
1753399829,using my twitter account,neutral,neutral
1966437857,Went out to get groceries...prices are inflating  Gas went up another 10 cents to hit $2.49... #TCOT,surprise,neutral
1962742618,"I hate taking antibiotics, but i think i need to get me some. boooooo.",worry,worry
1695546218,Staying home to work on a linoleum block carving for a project (due tomorrow). There will probably be pictures.,happiness,neutral
1695544779,I really want to be a star...Hope Flawless will work,happiness,happiness
1753031411,@GeorgiaPrincez Like you're not enjoying the hell out if it.,happiness,neutral
1957266491,@niccoqp I miss going to EK every summer &amp; christmas vaca  Take me there!,surprise,sadness
1961614859,It looks as though I am sick little friends,worry,worry
1965913049,stopped for coffee at Maryland rest area; so did at least five entire middle schools; just my luck,surprise,neutral
1961763085,is so gutted she can't get tickets for pink!,hate,worry
1964533526,wants TFA back.  http://plurk.com/p/x2rgl,neutral,worry
1694183709,@divyeshvyas beating heat with tea?  Try some masala chaas,love,neutral
1696043926,@TweetPhoto Kewl Sounds good. Will wait for it. Thanks,love,neutral
1963369998,"pop, idk how to reply to ur tweet from my phone  lol but yeah my bday is in a few days. soooo excited!",fun,neutral
1957476665,"@damienmulley Yes otherdad  @katiemoffat Wait, do I go back to sleep or cause mischief?",worry,neutral
1960904459,I've got no idea how to reach the birthday brunch location.. Roads around west Jkt? Clueless,neutral,neutral
1751607985,@haldira awww too bad I won't be there - I'd entertain the thought of entering,sadness,worry
1963024310,My best friend is in vegas without me,worry,love
1695411208,"@mamalou52 I love Puerto Rico also,been all over island, working Austin - Pr weekly. Love it!",love,love
1753195700,"@snoopmikey will terminator be on next week's TRS by chance? and i dont mean tuesday's release, but the next",worry,neutral
1965673512,@TFA2431 aweee im sorry  but deep down u know i love ya!,worry,worry
1964037480,"@GettingFreedom @AmysFinerThings We don't feel too comfortable using it. It's not awful, but pretty icky.  Scurrying to find a deal...",worry,worry
1695251237,Tweetioi in class is a real problem  =Taylor=,worry,worry
1963909861,I nvr wanted May to come to an end,relief,neutral
1962777924,It's Going To Be A Busy Day  And That Sucks Cause I Wanted To Spend Time With Someone Earlier Today,sadness,worry
1753416069,@kkindlen and @MandaBown thanks  hoping its just allergies and not a nasty flu!,love,worry
1752287050,@emilove aaahhhh I'm so excited!,love,sadness
1695619323,@maenad_au my pleasure... hey it was played at my going away from nz party back in 87 lots   so it is burned into my brain,fun,worry
1753137488,Adams morgannnn for jumbo slice,neutral,neutral
1752351189,@KrustyCanuck Time for some Halo3 then?,neutral,relief
1962611598,@Huneychild ....back to a frizz head again,neutral,neutral
1694532674,@DesignerDepot this is a nice collection,neutral,happiness
1695962452,Cute dress!  Hyped  http://lookbook.nu/look/134071,enthusiasm,love
1966304859,I'm getting more and more reactions when stroking the cat.  Now I have welts on my hands from where she caught me with her claws.,worry,worry
1964872750,I dont understand why he's doing this,surprise,worry
1960452919,@GlasgowGooner Boo  well its good fun tho.. sucks if u cant get cards.. I finished 10th in last nights #tpt I took @street out LOL,happiness,sadness
1695375554,@followmethisfar thanks for the follow! The love of your life is adorable,love,love
1751177013,"My goodness! Another hit, another run!!!",hate,worry
1960496025,"urgh, i really hate that medicine",hate,sadness
1957064908,"how I wish my parents put me into a Chinese school when I was younger. Then, it'll be so much easier for me to get a job...",sadness,worry
1962722732,installed the new modem which is meant to run 5 times faster than the old one and its slower  what the hell? gah slow internet kills me,sadness,worry
1961865998,I'm very sorry for the little disturbance at #SAPInsidetrack in Palo Alto! Just went into a debugging session when lines unmuted,worry,worry
1963701269,why is everyones tweets about britains got talent?! i feel left out,worry,worry
1750931288,@RedHotCopy I fell asleep on a plane watching Frost/Nixon - hope it works out better for you than it did for me,sadness,neutral
1957256797,Again working on the internet shop ... don't think we will achieve the goal of uploading by the previously set time   Will keep going,worry,neutral
1963812762,"@Craiiiiiig21 @Paola625 sounds like Sonics...which I never had  ...and for the record, I say spicy bred buffalo wings w/ blu cheese &amp; beer",fun,neutral
1962832185,still trying to get better  had to get mommaz lovin..headed to her house.. ahhhhhh i so hate this feelin!,worry,worry
1961997552,"Oh, I HELLA forgot to say my official good morning  Like to hear it? Here it go! Goooooooooooood Morrrrrrrrning Twitterville! Lol",happiness,worry
1695375122,@ambernclark babe i'm just fuckin around!  just bored!  no need to worry,worry,worry
1695108349,@mumphlett  a good girl nevah tells hahahahaha! hope you had a good weekend,happiness,happiness
1957677837,On a brighter note.. still at work at 6:15 on Friday working on other peoples problems...  oh man. I'm SO eating pizza tonight. hoorah!,sadness,neutral
1694905310,@amylovesjb  mayyyybe,neutral,neutral
1961120105,I didn't go to the gym today and I feel bad,worry,worry
1957291084,@DantiChos baby help me with math,neutral,neutral
1753902750,@rasga Yep: http://bit.ly/15yyId  We go there for Christmas treats!,happiness,happiness
1960957557,@freosan My dad had to bury ours six weeks ago. She became his after I left for college fourteen years ago. Long time to have a kitty.,worry,worry
1965798852,Now I feel sick.,worry,worry
1752985231,@torilovesbradie we are in perth  lol... I wish!,neutral,neutral
1961898039,@itsfrankybitch  dont make me sad... i do agree tho it does need some more of SA's magical lyrics,sadness,neutral
1960306067,"@aianna21 @nandiaramos Sadly not, no. They're his colleagues and it's a work party",sadness,worry
1964396628,"My dog is sick. I love that little doggie. He's usually so keen and happy, but he doesn't even want to go for a run in the forest today.",worry,worry
1963579918,@mutualexcrement And I fell asleep 10 minutes into the Saget roast.,neutral,worry
1957562548,Two day hangover,neutral,sadness
1695082734,good morning twiggas and twitches  http://bbltwt.com/sciif getcha motivation on,happiness,neutral
1962956352,I feel sorry for male singers.  they are never gonna be as great Zac Hanson! Pooorr fellas,sadness,worry
1694328806,@kasey79 good night,neutral,happiness
1962585988,"Work is MAD blocking sites! No fun  but they aren't blocking facebook, twitter &amp; youtube",sadness,neutral
1694882504,@clara018 heyy lol we are talking on david archuleta site as well lol  your funy lol,happiness,happiness
1964708004,@BitterTea ugh but they are so unattractive! u might as well drink from a regular glass. i really dont like them,hate,neutral
1964712550,bout to take a shower.... a cold shower,sadness,worry
1961489372,"Hello!Im back andIm drunk,  and as much asI love my friends,I hate how they unintentionally make me feel inadequate.Ineedhelp",hate,worry
1694457626,i've just woken up,worry,neutral
1964226282,"@jtsui i wish i could sat but thats a super busy day  sunday perhaps? playing football in dolores park too, youre welcome to come hang!",happiness,neutral
1753311741,@djenemyofnts @NemoIsBack @JPMizDELiCiOUS Goodnite sexy twiggas,neutral,love
1695029695,i have never seen Wall-E. i am confused because i had no idea what you guys were talking about... hehe!  now i do though!,neutral,worry
1752124330,enjoying this whole relaxation thing,relief,happiness
1964453816,Its an undeniable truth.  I suck at talking to people.  No good at making a connection.  i come off as either strange or distant,sadness,neutral
1753616017,@RWA88 Yay thanks  and awwh no you will feel grand soon  #TwitterTaleover,love,neutral
1752919351,OK - so I can't sleep...  Twitter it is,worry,worry
1753400114,big hair rock day today me thinks  here I go again to start xxxxx ? http://blip.fm/~5z4p7,worry,neutral
1965467575,Why do I look so awesome in heels yet am so afraid of them?,worry,worry
1957180598,@half_a_mind Chris and I are staying in Glasgow instead cause there is absolutely no accomodation in Edinburgh due to the marathon,sadness,neutral
1965221261,@Jamiebower  you should come to Chile and your band too;) why everything  happens far away from here?? lol we're losing good live music!,worry,worry
1963005169,@arisinterlude damn how you not gonna follow me son?,neutral,worry
1965736181,Just got my marks...  BCIT is the death of me I swear!,worry,worry
1753331856,Cock Please,neutral,neutral
1753293053,thursday night was amazing taylor swift gave me one of her braclets,surprise,happiness
1964058644,Have slept all afternoon and evening after getting back from NYC. Now feel bright as a button. Probably a bad move,worry,worry
1964380469,@RussellMoyer ahaha i know. but now i can't do anything over the weekend,neutral,worry
1694054415,"@prieurdp awesome... let us know how the cloud setup goes, I'm very keen on trying it myself as well",relief,neutral
1753852044,off to do some gardening and get lots of fresh air - i love Sundays,love,love
1752643703,"Watching the Broncos vs Chiefs 1994, Montana vs Elway on NFL Network.  I still have nightmares about this game   FU KC!",hate,neutral
1694978553,will be practicing my smile today-it's gunna be BIG!,sadness,happiness
1962814932,@vcha you should say mlia instead of fml  i hope you find it soon,neutral,neutral
1964015962,Burned my pinky.  great way to start my weekend thats gonna suck anyway.,worry,worry
1752671800,@mateoonline I'm sure u did!!! CAN'T w8 4 2morrows shw!!! Happy Mommys day 2 me!!!,happiness,happiness
1695249955,"is feeling sick .... oh well, i reckon those people on the bus cursed me.... Anyways, nighty night all!!",sadness,worry
1961973222,@dorritos @repressd i get migranes.. so @repressd.. that leaves you to either arthritis and/or gout!,sadness,worry
1753197381,Happy mother's day to all the mom's! Love you mom,surprise,love
1960338579,"@simoncollister I moved in with the other half, so no balcony anymore  Have got a great mini-herb garden on window sill though! you?",surprise,neutral
1961607707,@sweetpea2809 Nor here... Sad times,sadness,sadness
1961919744,The Oddo's grandfather passed away in his sleep,sadness,worry
1753695005,"@monabarry yeah whatever, so that means he was chatting about me all night then, lol",fun,happiness
1752474502,"Happy Mother's day! Going to cook something, thank goodness there's tablespotting",relief,happiness
1961241352,"Went to get dog from vets, theyve stitched her ear, charged us for it but she still bleeds like a waterfall everytime she moves. D: WHY!",worry,worry
1960994290,my sensors don't seem to want to last for more than 3 1/2 days,neutral,worry
1753116484,"@Zac_Efron 17 Again was amazing! I have seen it three times! It's just hilarious, and you are fantastic!",love,worry
1962454449,Sitting in boring ass litterature listening to jack Johnson  missing the gf soooooooooooooooooooooooooooooooooooo much.,worry,sadness
1753869096,Almost lunch time,neutral,neutral
1752383842,"@invalid_reality damn, you're gonna feel that tomorrow, or tonight. Coffee = laxative.  How's the writing coming?",worry,neutral
1753364245,Eating ice cream at swensens,neutral,neutral
1957112925,Aright Twitter Fam... guess ima be outties.. gonna try n sleep off some of this horrible pain,neutral,worry
1753759426,had an amazing time dancing to DJ Dan at Ruby Skye tonight. And I'm still looking for that roommate in SF if you know anybody!,surprise,neutral
1963221407,@justinmcintosh Ugh,neutral,worry
1752849164,"@fiercemichi, love your background, I just might have to copy it",love,love
1696178481,"@nickdunn Thanks, Nick. Means a lot coming from a designer of your caliber  #symphonycms",neutral,neutral
1753499736,Was quite amusing watching Pangaea sing &quot;F*** Killah Priest!&quot; I guess he won't be featuring on their album,happiness,happiness
1695053714,i'm done.haha. HOUSE MD marathon ulet,happiness,happiness
1964491796,@EidolonNight That's kinda sad. And they're poking me while they're at it. Huh.,worry,neutral
1962259690,@robbin_g that is so odd. i wanted to see it this weekend,neutral,worry
1751818638,woah! I Love the new twitter app! So many new things to do. just got finished watching Jon4Lakers video on this and it was good.,happiness,happiness
1957701215,i got a bruise on my foot out if nowhere!  it hurts!,worry,worry
1695512085,"@TennealMaree haha ofcoooursee you do, its pretty much a must, and pluss its dress up night, jst added incentive",neutral,happiness
1752700908,Stunning weather today/this afternoon/now - couldn't ask for better!,love,worry
1957441745,"@mikdev  i leave the 27th, back the 5th or 6th.",neutral,worry
1964385799,@Jonasbrothers i canï¿½t choose one  i love all the songs on LV&amp;TT;bt if u like... Read More: http://is.gd/JkVF,love,love
1694666989,"Am heading into lovely Suffolk to a nice pub.  May tweet later, but hopefully I'll be too distrcated",worry,neutral
1751325393,"takin short nap, gym and work before kids come back home tonite",neutral,neutral
1962529167,@blackheartbunny - nope,neutral,neutral
1694240891,"Shopping, grandparents, dinner with the bf  woop",happiness,neutral
1694347152,"@piginthepoke  Lol  grey skies as far as the eye can see, which is about 20 yards",fun,worry
1962899866,@innonate @juliaxgulia Can't figure out how to reply on Tumblr sorry! I don't get into NYC until 6/4 so I can't go to any events b4 then,sadness,worry
1694108115,do some research for my article,fun,worry
1753311925,@tim_buckley Good morning from sunny London...sounds like an oxymoron but happens to be true of today  Hurrah!,happiness,neutral
1752504041,having coffee with bread. peanut butter today!,fun,neutral
1961686001,My invisibleSHIELD has gone a yellow pissy colour! Don't look good!,worry,worry
1694552219,Needs a yummy breakfast after her shift,happiness,neutral
1695056126,"whoa, I've got to go to bed, night!",neutral,happiness
1695138016,Artwork for the single is now up  woooot woooot!!!,relief,neutral
1957182504,Headache of the century coming- I can feel it  Fuck.,sadness,worry
1957674594,has just booked her appointment to give blood 18:20pm 2nd June! Scared,surprise,worry
1961294566,is back home now      gonna miss every one,love,sadness
1752619888,happy mother's day to all the mothers in the world.,love,love
1694108785,@bubblegums I got a dove bird &amp; names of my cats for example &quot;small hearts- &lt;3 fefe &lt;3 lulu  &lt;3 paw &lt;3 &quot; - i will update pics later,love,neutral
1753836674,Keep forgetting we only need to revise one topic for the 116 exam! It's a nice surprise every time I remember though,surprise,neutral
1961131655,Michael Porter is haunting me again. Ugh. The five forces. But I don't remember the other 9 strategies for competitive advantage.,worry,worry
1965466933,@oheryn drugs are bad,neutral,worry
1962100167,@nebgen I am lost. Please help me find a good home.,neutral,worry
1752564448,"@monicaobrien again, agreed. but having a program showing your friends are on facebook would be easier than giving every1 yer info",neutral,neutral
1961119517,@chelsea_playboy R.I.P curls,neutral,neutral
1962774460,#Java is not working - hmph!  Can't upload photos to #Facebook.,worry,neutral
1965963330,@jimsissy end count  *hangs head lower*,neutral,neutral
1956975927,SoCal!  stoked. or maybe not.. tomorrow,neutral,worry
1960426297,I think my computer is sick,sadness,worry
1966298237,"@lbutterworth I know, twitter is depressing me tonight",sadness,sadness
1958119313,@tweetie Why do I have to enter my registration details every time I update?,hate,worry
1964835117,@Mattwerkmeister heyy have you deleted your myspace account  cause the link in the side bar wont work it says its been deleted wb ily xxx,worry,neutral
1962234127,saying goodbye to @jesshowe for a year  she's been awesome in helping me fit into the team at Veritas!,sadness,happiness
1957414727,@LittleLee yup! way to fucking early and I'm already at work,empty,neutral
1696176696,"Wool, time for the top cote",fun,neutral
1960259434,@Peter_Duerden JealousMUCH..I want to be outttt  Not stuck in revising. You better have green dragon in my honour lol,worry,neutral
1963051163,gah. how am i supposed to study when all i do is sneeze and get even more tired.,worry,worry
1964670365,Problem with my must do list is: once I write it I usually forget where I've placed it...1st thing on my to do list--find my to do list,worry,worry
1963125856,"@NickyDiamonds  haha I do, lake show will prob win. But I learned my lesson from my 18-1 pats",worry,neutral
1752697818,chillin' with Kealie.,neutral,happiness
1753870498,Sunday morning and i realised im a film snob  as it said on MSN entertainment,happiness,neutral
1694440653,Bank holiday rock seems so fitting  ? http://blip.fm/~5jg16,neutral,happiness
1957582469,It's 4 am and I'm hungry,sadness,worry
1752122277,wants to greet all the mom's out there a Happy Mothers Day!!! May you enjoy your day!!,happiness,love
1696134932,"Happy Star Wars Day, everyone! May the force be with you all, be you Padawan or Jedi.",worry,neutral
1958132777,My dad's not feeling well. I want to make him soup. Suggestions guys? + get well soon ayah,worry,worry
1963608695,"oh no, gotta fillout more paperwork for my new job, daayum, this is going to take a while!",hate,worry
1695767344,@Kat_KittyKat hello new follower  haha!! how are ya?,neutral,neutral
1753254334,Send me your Blog's RSS feeds I have a site that will republish and send traffic to your site...,neutral,neutral
1695408445,Is actually feeling awake today,relief,worry
1694458040,@fudgecrumpet saw the deforestation.so not surprised of bad back but @mrsfudgecrumpet moan back at you.lol,sadness,worry
1694164379,@irisush im glad  i dont have to go out...,relief,worry
1965672143,Believe it or not I'm a super geek,surprise,neutral
1752504675,I dont care who gets mad. I like speaking my mind. Im alreadt crazy so it helps me not go off da deep edge! Fuck u!,hate,worry
1958114332,"I had a dream that I went to Evo fest, but I didn't.",sadness,happiness
1753418588,@iamsemmi Im Drinking Right Now  Hot Tea and Honey!... Take care u too,relief,neutral
1695222849,Mother's Day is THIS Sunday.... don't forget to send her something special  http://www.youtube.com/watch?v=ExpmTEVSFQg,love,worry
1752723731,@oeyz Howdy do!  I'm just living my life and loving it.  How's you?,love,love
1753178290,@Meshel_Laurie your dad is a superman for pulling through! Take it easy,happiness,neutral
1957053247,Counting the hours of lost sunshine until the Weekend,neutral,neutral
1962238521,im hungry.due to last night's dinner..or lack there of.. someone take care of me,worry,worry
1751952700,@flybabymoni Well the one thing where you lay on the floor I couldn't do all of them....I'm very out of shape,neutral,worry
1963649741,awwww!  i love simon being bossy &quot;we'll find the time somewhere&quot;,love,love
1695281370,Loves Miley's song The Climb and loves the video  xxx,love,love
1957398677,@love2reed thx girl! I just now woke up! I cnt believe I'm sick!! Now I have a fever... Wish I could pound nyquil  This sucks.,sadness,worry
1695477146,@RonnyakaTrauma morning you,worry,neutral
1961553149,"Trip to DC next week canceled.  So, no Artomatic or beer with @genehack.",sadness,neutral
1751953755,"@DaRealMrDevine lol! I thought we was suppose to guess..damn, I tried tho..lolol!",fun,worry
1751608094,"And, I'm accumulating money again, so I can use a fancy finance app. Thinking of getting another CD or an IRA.  saving for a house. crazy!",happiness,neutral
1961551795,@LindseyNHess I agree 100^%! It's a great day! If only I had a window to see it...,sadness,happiness
1695220322,"Finally, im back online! I miss my lappy. So many things to follow up. Starting with Ning... Haha.",happiness,worry
1963393605,Another Friday night in. Man being skint is rubbish.,sadness,sadness
1965857135,i hate storms.,worry,hate
1957391983,"@melkoo Hi Mel, if you feel unhappy just take a bit of fries but don't overdo.  If can help it don't",neutral,worry
1751818251,"@SaundraYee hey, welcome to Twitter",neutral,neutral
1963985846,Barg - We posted the GMOD to you for your birthday!!! But you didn't see it.,sadness,neutral
1751394235,"@collegiate Wowzer! Deep stuff there, but CIS will probably give you more earning potential.",surprise,neutral
1961462869,How do you forgive yourself for hurting the one you love the most?,sadness,worry
1753548791,"I'm at Cobra, Mexican bird flu hub/gay bar, and hate when they play the 80's mix. Oh shit, FREEZE FRAME",happiness,neutral
1961418694,"@verbs_n_nouns ikr? my parents take the cake tho, they don't grocery shop and they go out to eat all the time just them 2...",sadness,neutral
1964219137,nothin to do,neutral,sadness
1753219411,@megdia you just got one more!!,neutral,neutral
1751358299,"Family guy reruns, food, and, good phone conversations  ah, saturdays.",happiness,neutral
1694327988,Good morning ladies and Gents.  it's going to be an awesome day &quot;even though the weather is terrible&quot;,neutral,happiness
1753649733,goes to church  hallelujah!,relief,neutral
1964032863,@ohayemily you okay bby?,worry,neutral
1752898011,@souljaboytellem will u say shoutout to NIKKI!!! please   (Soulja Boy Tell 'Em LIVE live &gt; http://ustre.am/2UhS),happiness,neutral
1694240040,@tove_liden Thanks for the follow Tove!,fun,neutral
1751432423,@corkyloowho i will,neutral,worry
1962778333,"@shakamaiden DAMN dude... dia 06, 20 e 27 eu tenho curso na DRC  flash expert...",neutral,neutral
1751286519,Guinness at Coogars,neutral,happiness
1965981018,i do indeed have tonsillitis. the only good thing: ive been advised to eat lots of ice cream. [but no solid foods  &amp; im bed ridden.],worry,neutral
1957011291,@AlexanderGWhite daaammmnnnnn I do wish I was there.,sadness,sadness
1753885481,@CheekyKerri Defo can't wait we will have a nice afternoon and some music,happiness,happiness
1964948601,@PaulaAbdul I was supposed to go boating/songwriting in Cape Cod.. but its cold and rainy,worry,worry
1695509548,busy at work. will be back loves!,love,worry
1694857709,"Wow, I just realized that this is the last month of my school year!",relief,sadness
1961891984,wants this summer to actually have some sun in it,surprise,neutral
1964951155,@tommcfly How dare you apologize to the UK for being gone for a while but don't apologize to america for never touring here at all!!!,hate,worry
1751713356,has had a nice long nap  http://plurk.com/p/stvqp,neutral,happiness
1753616384,just joined twitter thanks to my M&amp;M!,happiness,happiness
1963485761,is dreaming of the weekend... awake!,happiness,happiness
1752051735,@ewkrause Thanks Elaine. I'm clipping reviews for her scrapbook.,love,neutral
1961913867,The poor Pirate had out his last wisdom tooth and is looking really peaky.,worry,worry
1965762473,@LesbianDad i really wish i could make it! a 12 hr. drive just isn't going to happen this weekend.,worry,worry
1752700306,At envy! Loving it  best club ever.,love,love
1753450437,Alright... i need to get sleep so i can ACTUALLY be awake for my mothers' day! ;) Nighty Nightzzz Or good morning my twitter friends!!!,happiness,neutral
1960348971,@kjNYC it's depressing,sadness,sadness
1957145833,@curligirl morning hon. what you having for breakfast? I cant decide,neutral,neutral
1963351066,ugh. i just want things to go back to normal. i miss my best friend,worry,sadness
1694146834,@taufiqz I watched that too! I liked it,happiness,love
1750998113,Relaxing after a busy week and a tedious Saturday . . .,relief,neutral
1961410551,@jkblacker Unfortunately I'm not @jamesog - someone's squatting on that,sadness,worry
1966345332,@TheNewBradie is that teh part where hes liek feeling the girl. i feel sooo soooory for her,surprise,worry
1751393728,Early Mother's Day dinner with the @AaronBishop family,neutral,neutral
1957413321,"I want to ride my bicycle today, but it's too cold and cloudy today",worry,worry
1694420461,Get: &quot;Fightstar - Mercury Summer&quot; here: http://tinyurl.com/dbm4n6 from: http://tinyurl.com/cnkhev  #musicmonday #freemusic,neutral,hate
1965880895,"okay, i'm out for a while  back later!",neutral,neutral
1963479970,Gotta work.  Lonely weekend ahead.,sadness,sadness
1957580450,@binncheol  I'm afraid so. All tour I have had people refusing to believe that I am anything else... Irish all the way.,sadness,worry
1694367594,@chiron_uts bass love,love,love
1751068719,Just back from graduation.  Two more doctors in the family now,neutral,neutral
1753550648,@cember_ember yay! thanks.  cover-i sad ang alist please. ),neutral,sadness
1753568582,might still be eating and drinking then,worry,neutral
1751069099,"@MikeHuntington oops, me and my drunken stupor lol. Ima check it out",happiness,worry
1957050684,is feeling bad  just got bad news about my Mum,worry,worry
1962066281,time to be nerd,neutral,neutral
1695656174,"Finally picked up some handwraps, but struggling to wrap my stronger hand with the other! Defo should have got some a lot sooner though",relief,worry
1962610030,Friday is not treating me well so far.,sadness,worry
1752894737,@suzyqbee He says he feels mama tucking him in at night  He's lonely but getting by. Tomorrow will be tough!,sadness,worry
1965499230,@xoxo_emily  i wish i was there to hear that!,fun,worry
1962367395,@vamp411316 haha that sucks! actually mine is worse. mines ft math  eww,hate,neutral
1960872766,Taking my brother to the airport  Then gym.,sadness,neutral
1966195154,Why the fuck can't I be over this ??? I feel like crying bit I realy don't want to  why is this bothering me sooooooo much !?,sadness,worry
1694791299,@MicheleKnight Thats beautiful,love,love
1694070524,loves finding new followers,love,love
1962745371,This will be the worst day ever....graduation,worry,worry
1695618155,@kduggs1 OMG I just spit my drink out! RIP hair straightener!!,surprise,worry
1960659700,my best friends bought something which i really want.,surprise,happiness
1751107021,@Scath drop me an e-mail or something and i'll totally do it,neutral,neutral
1694790504,Brilliant weekend.  BRILLIANT I SAY!    In work now and actually working .,happiness,happiness
1966349904,http://twitpic.com/6814w - So glad Sam is in a good mood,love,happiness
1962658661,i went to the doctor. i hav a virus.,worry,sadness
1751680868,i had the best day ever! i missed him. more tomorrow too,sadness,worry
1960533851,"@evonmichelle It's my mum's. LOL They haven't got me anything yet.  Sad, Sad... haha",sadness,worry
1696217579,Rain makes for a good study day  almost done!!,relief,neutral
1963025938,@trpilot my baby shut me down,neutral,worry
1694069131,"To make a long day short--I did nothing. =D well, I had some friends over they just left (3:55am) We have been drinking since 9.  Smashed",love,worry
1753254329,Good Morning  Plan for the day: Church followed by F1 &amp; lunch at mum &amp; dads. Then DM discussions of Star Trek!,neutral,neutral
1753498834,@shubhamsingal ....nope.. its for the 1st time we invited her at SSM  and she very graceful accepted it !,relief,happiness
1695312667,"@catcloud Yes, Cathy.  (Ordinarily, I don't have much of a problem with naked girls chasing me, however!  )",worry,worry
1957206343,@debbylovespr I've got one too  though i think mine was attributed to the seizure inducing color/light show in the movie The Soloist.,neutral,worry
1694384861,"says alright, alright... I'm going already. Sheesh, well better be off early than late.  http://plurk.com/p/rpbd5",neutral,worry
1960809381,Horrid dream. I suspect I will have to cancel my plans tonight...,worry,worry
1751069963,"@xCUNHAx o yea? awwww, how sweet!! U r good kids!",surprise,neutral
1964247206,"Ugh, okay I'm going to go shower now  and then shopping with mommy, let's hope I don't pass the fuck out.",hate,neutral
1751503577,"I wanna be like vocabulary donna, all in Chicago.    I need to put wu tang 8 diagrams on my ipod  that CD reminds me of someone special",love,neutral
1752227032,What an incredibly great day.  hahaha!,love,happiness
1963574394,This weather sucksss,hate,sadness
1751608386,@bluecrystaldude happy attending kenduri.. eat those yummy stuffs on my behalf ya.,happiness,happiness
1964245422,@Need4Sheed_com Ohhh got it. It's the 8830 I think  I miss the Pistons  I really hope Joe D cooks up something big!,worry,worry
1753548187,Happy Mother's Day ~ and for single dads who plays both mom and dad role enjoy your day too,neutral,love
1957127251,@guitar21g @jackie_hussein i have to wake up earlier than i thought.. my dad wants me to take him food at 9AM! no0o0o0o!,hate,worry
1694589540,"@ROBBIEEEEE Aha, Ok  I might see you there yano.",neutral,neutral
1960297149,@BLEXXED shit i got a shit of hw to do 2nite,worry,sadness
1964502175,Damnit Day 26 is at Northpark mall..I use to live near there  someone steal Mike for meeee!,worry,neutral
1965934834,Ugh work sucks. I could be with sher right now,love,neutral
1752052229,@lilstrobe pshh. Thanks.,neutral,neutral
1957265221,Ready to go into work now.  cannot be bothered.,sadness,worry
1957088016,"the time you go to bed,  i have to get up to go to work",neutral,neutral
1963599538,"@tommcfly hey tom, i'm happy that you're enjoying brazil, but i'm sad cuz i'm not goin to see you in your show",sadness,happiness
1964671810,that little boy that drowned yesterday lived in our subdivision and went to nicoles school. so so sad.,sadness,sadness
1751750118,should probably do some house work  for my mummy think id better. would cook dinner but im a shit cook lol xx,boredom,neutral
1965304733,Feels like throwing up!,happiness,worry
1957708223,company is offering 2nd round of VSS RIF!,enthusiasm,happiness
1694275953,Java Concurrency in Practice is probably the best Java book I've ever bought. There's a recipe in there for interrupting blocking IO ops,happiness,neutral
1957649481,"@sarahkate1 sleepover's the shit! I love those guy, I totally forgot they played tonight",love,love
1752592164,Waiting to go to bed. Had a great weekend,fun,happiness
1752444424,"At the grove, just watched star trek, grabbing some food",neutral,happiness
1965418622,Love the movie Grease! Can't believe that Jeff Conaway is the same guy who played Kenickie...so sad to see him on Celebrity Rehab,sadness,sadness
1960327891,@Janiro dammm..i thought i was on to something  lollllll,fun,worry
1695731693,Today is my Mother's birthday- Happy Birthday &amp; I love you! She is an angel whom has helped me so much during this time of my life,love,love
1964867856,Just got back from working out. I'm feeling pretty good. work at 4:30,happiness,worry
1753711601,learning to play guitar is one of the best things I have done out of boredom,fun,neutral
1964595309,@AustinWise Part of an AR-15. Actually the only part of one that qualifies as a gun. You have to be 21 to buy them without parts on them.,relief,neutral
1961246096,Is not looking forward to the LSAT,empty,worry
1751716410,@aurellion I realised when I got home that I left mine in your fridge - you're welcome to have it if you like.,neutral,neutral
1753052267,Adding Comments for my friends  want sum?,neutral,neutral
1963153910,@singpolyma aaaaaaaahhhhhhhh I hate the Internet  When will people learn &quot;native widgets are always best&quot;,sadness,neutral
1753399537,@augustine25 TY my friend. Yes ur right.... a daughter is a daughter forever.,happiness,love
1964030405,Traffic is down to a crawl on I-94 right now.,neutral,worry
1695843582,"@mrsjoke No I'm asking if you're working on a movie? But, sure. I also want to watch that.",neutral,neutral
1957748036,"right, so richard marx's right here waiting is really making me feel nauseatingly sad.",sadness,worry
1960873353,@Katiekins08 I want to SOOOOOOO BAD!!!,enthusiasm,worry
1962715577,Oh my god. I literally drove in rain that was so hard that i couldn't see in front of me. I'm shaking,worry,worry
1753049987,"FOR @john_b_waters and  @mr_suh, you must read that please http://bit.ly/nPpiV",neutral,neutral
1752749683,is back from a weekend get away,neutral,worry
1957379882,"Morning. Panic. Clicked a link and opened up my browser. Firefox, what have you done with all my saved tabs??? Gone! That'll learn me...",worry,neutral
1960139071,seeeeeeeeed tengo sed,neutral,neutral
1963700804,Yikes. That poor girl on BGT. That was quite hard to watch,worry,worry
1965421780,"last thoughts, again: is sorry, laura. and doesn't want her last tweet of the day to stuart to be nasty   *hugs* ?",worry,worry
1961886498,My computer is broken,worry,worry
1961824257,@benandskin Ah GDit! Ranger game this afternoon,happiness,neutral
1752725147,I LOVE CHICAGO.   Tonight was AMAZING!!,love,love
1966352890,@iDJExplicit What's wrong?,worry,worry
1964291928,Oh no! I just read they are going to do a remake of Girls Just Wanna Have Fun   Stop it hollywood-just stop!,sadness,neutral
1965390251,"word is marlon brando gave him 25 cent . . . yeah , tha GODFATHER",fun,neutral
1964784153,@Tivon LMAO... just saw this. That sounds HELLA good. I have a hair appt at 7,surprise,worry
1694588157,IDIOTat)tux11 That's cool.  Th*nks for the follow.   (techyuppie) #IDIOT,love,neutral
1752591469,@Digooooo yeah yeah gd night then,neutral,neutral
1753155105,@rayamartin http://twitpic.com/4wlpv - whooooooooooooa!!!!!!!!!!!! ang ganda ko dito ha!!!  thank you!,happiness,neutral
1753516268,@Catboy_Dubai Enjoy sounds idyllic AND Geordiebird has lost her bikini...perfect holiday!,happiness,love
1957308122,"Augh, fever's gone up again. If I end up missing the WeHo clubbing tomorrow night, I am going to be pissed. Stupid boytoy gave me plague.",neutral,worry
1966422459,@brinathemodel  sa'weee,empty,neutral
1694072349,@alsprincess I break some rules and don't take tension for them  .....,fun,worry
1960327936,"@PotterEntourage I'm glad you threw the tantrum!  I was going to, but I don't know her well enough yet   Was she apologetic, darn her!?",worry,worry
1965967177,I'm either always on the train or at work,sadness,neutral
1964383852,@looloojoju aww  im ok been stuck on a coach coming back from nans today and its been lovely sunshine too  xx,love,happiness
1964629575,I have started to fear weekends since joining German classes,worry,worry
1695002088,@bigeyedfishie Good news about the tooth!,neutral,neutral
1963103284,Is it really almost time to go back to Chico? Im excited but at the same time going to miss home,neutral,worry
1693976005,@zhayrar lol well thank you,happiness,happiness
1963721786,@SOREALCRU its Gloomy in LA no sun  but its nice,sadness,happiness
1960293684,"My knee fucking hurts man  Haylee doesn't even care, GET ME MORE MILKSHAKE-SHAKE-SHAKE-SHAKE IT!",worry,worry
1751001129,waiting on food.,neutral,worry
1962896803,"Ok grey/cold day in LA, listening to PJ Harvey, Jenny Lewis, Cat Power..I see a pattern here.",sadness,neutral
1966242880,Oops forgot to shave my legs!  Byebye to my favorite cousin   Bklyn two nights in a row... We go hardd!!!!!!!,happiness,happiness
1957595823,"@Sihm and the &quot;fuck  &quot; was because I dont get my gift!   I was SO exited about it, and it was sooo awesome...",hate,sadness
1966350363,@crazygolfa I think that plus everyone wants to see if the D-train could keep it going - obviously not.  Hopefully he'll bounce back.,neutral,worry
1751985018,@WatchMeRise youre very welcome....you deserve it!!,happiness,love
1958108546,I am hungry already. Not impressed! And everybody has gone to Rubys,happiness,worry
1961249586,*yawn* At a hotel. Moving tomorrow,neutral,neutral
1963570094,New York from 1500ft looks rather good. Last night in the Big Apple.,happiness,happiness
1962456006,@Peeperrzz URGHHHHHHHHHH your makeing me cry,worry,worry
1966219744,Aw i couldn't see robert before practice. That makes me sad,sadness,worry
1693996375,'SMUDGER' is cleaning herself  http://apps.facebook.com/catbook/profile/view/5726504,surprise,hate
1694951965,@james_a_hart ah.. Birmingham! I remember being there in the Wrox days,worry,worry
1957649134,@arielleGore phaket.  what did anneliese want to do?,worry,worry
1751071921,"&quot;Patchouli oil &amp; incense had a surge in popularity in the 1960s &amp; 1970s, mostly among devotees of the free love &amp; hippie lifestyles.&quot;",neutral,neutral
1965392926,"@mattmecham Possibly, yes.",neutral,neutral
1962220579,@myersandchang it's not.,sadness,sadness
1961152358,@aidadoll LMAAAOOOOO that is horrible. Poor thing,worry,worry
1961281798,"@mileycyrus I think i have same disorder, stay up al night 4 no reason n sleep al day !!  SUUUKS",worry,neutral
1696003521,@horsekisser He's an amazing jockey! Saw that Clydesdale commercial too..loved it!,relief,happiness
1694401756,"@UKLisaW btw, i am actually just trying to get my own lazy bottom in gear.  Me lots to do to and still not dressed !",worry,worry
1753803741,"@Jennifrayne  Thanks for the link, ive voted &amp; i'll send that out too.",enthusiasm,neutral
1694510767,"OMG. Missed bus, walking miles, for a coffee  Went to see my ex-classmates",worry,worry
1752798860,"@alitherunner haha, sorry, it's past my bedtime",happiness,neutral
1962882261,"I got the dispatch e-mail about my books an hour ago, and UPS' status is already 'Exception'.",worry,neutral
1957241801,looks can be deceiving,neutral,worry
1964892604,@emlynley I couldn't find any extendable ones.,neutral,worry
1965819208,can I just go to sleep and wake up in December when my house is all organized and the baby is here?.. feeling like poo today,worry,worry
1964493662,Wondering if i cld make things any worse than they already are... answer.. JUST DID!!!,worry,worry
1694706699,it was t4 i think hannah  xx,neutral,neutral
1962000248,I have to go to work with out my @andrajoi and @treykinkade,sadness,worry
1958128886,Mozzer cancelled tonight by the looks of it.,neutral,neutral
1751819211,my Mom rocks.,love,love
1751852132,"@taylorswift13 , finally, someone spreading the Hayley Love via Twitter. Welcome to the club, Taylor.",neutral,love
1694203877,i hate bureaucracy. ahwell... aussies still going good,hate,sadness
1964545406,why wont the wii get Paperboy on virtual console,surprise,neutral
1752722699,"@DavidArchie although, there is drama, move forward, smile, and count your blessings everyday. Your actions speak volumes, sooo inspiring",love,neutral
1751715440,just played volleyball?,empty,sadness
1751140373,after a little bit the drink isn't actually so strong anymore,neutral,worry
1751394170,@diana_truong sunbae* my bad jst scratch wht i said  im talking nonsense here.. lol!!! enjoy the perfs,worry,neutral
1753838349,"So, I finally got my but on Twitter. Let's hope I make good use of this site",happiness,happiness
1965504677,I miss the seniors already,worry,sadness
1961764092,@loldarian oh ok  I guess next time then!,surprise,worry
1752226443,Wrapping packes for mom day   Happy Mom Day to all you hot mommas out there,love,love
1965981045,ARGH!! watching batman,neutral,neutral
1693998198,Photo: Great night.  http://tumblr.com/xmo1pgymj,happiness,happiness
1694475500,out for supper tonight with kurumi in 10 minutes,happiness,neutral
1966160314,"@MissJizzle Yeah, the economy sucks SO BAD.  Yeah, I know what a cafeteria is. I'm unemployed at the moment and I hate it!",worry,sadness
1963000578,"@Kathleen_Bee same here : /   Coincidently, my friend just cancelled our movie date",sadness,happiness
1963479541,@BingTheCherry he's on zul'jin (i think that's how you spell it) so i doubt they'll ever meet,worry,worry
1961567350,Wish I was eating lunch w/ @laddiecatherine and @ophieracine,sadness,neutral
1965087137,"Sorry, It's hard finding Imeem free stuff  rb@Deesound: like that David Starfire but will like it more with a... ? http://blip.fm/~7a9fu",sadness,neutral
1962437101,I just cried whilst watching hollyoaks  .. i need a life! lol,sadness,worry
1958097082,@MGChislett  Is there going to be any more TAI TV? Ah I hope so,worry,worry
1964375439,@simonruggles I would much rather you didn't punch yourself in the face...it might hurt,worry,worry
1961869070,"PINKPOP weekend &amp; I've got NO tickets, meaning no BRUCE Springsteen  Oh well, it's WWWWWEEEEEEEEEEEEEEEKKKKKEEEENNNNDDDD!!!!!",sadness,neutral
1753583221,@frama_c Oh yeah. Point taken,happiness,surprise
1965295536,Had Sbarro for dinner and Krispy Kreme for dessert. Mmmmm! But so not very healthy.,happiness,neutral
1960869895,is watching the final episode of E.R  Goon SuBo 2 win Britians Got Talent,neutral,neutral
1964946798,In Greenville for one of the last times. @ct06873 will be moving to MD soon. We'll be back Eastern Carolina.,neutral,neutral
1963518981,"@tommcfly say hi to me, i'm depressed cause i cant see you",worry,worry
1694605421,@lameBIRDIE aw its okay tht happened wid me too..am so glad thts OVER now!am not helpin here am i?!?lol thnx for postin WMIAD  loved it,worry,worry
1752873814,I just received a mothers day card from my lovely daughter wishing my a happy mothers day  http://tr.im/kWK9,love,love
1961147686,@claireyjonesy mines curly atm  i want mine to be straight lmao,love,neutral
1957320299,Goodnight world! I have t o be up at 5am,neutral,neutral
1963393747,i have perused the #fieldnotes website and it is good.  too bad i must return to work,neutral,neutral
1694349576,My best friend is coming!excited,love,love
1694110868,@JustinMGaston Haha! Sometimes mobiles makes us slaves ... but it has its own advantages too!,neutral,neutral
1751395414,@jonasbrothers http://twitpic.com/3bnas - oh my god! you're adorable! ilove you so much  you are my inspiration Nick!,happiness,love
1696177526,@pseudosophical YAY YOU! So proud of you!  and I'm not even being sarcastic. Even though you told me to shut the fuck up.,love,worry
1965968219,@southbel took my computer in for a new dvd drive &amp; screen wouldn't come back on  Had to order new computer &amp; wait...,neutral,neutral
1963866828,But I have to cause I missed a lot of classes,sadness,worry
1963463640,"@KiwiiKink was it for the vma's? i guess so.. also wanna go to london in june for demi lovato concert, but no one's going with me",sadness,neutral
1965306720,Friday night has gone too quickly   My bottle's gone for tomorrow.. come on Everton,neutral,neutral
1752674452,"@Dolcetk You too, my friend",neutral,love
1752700859,Relaxing with my daughter watching Friends,neutral,love
1695544784,"setting business hours! 8am - 6pm, rush jobs will still be considered, but not the norm",neutral,worry
1964497684,@LezmirandaPOW *humming* hmmm hmmm hmmmm hmmmmmm Touched for the verry first time..... Hmmmm hmmmm hmmm hmm hmm mmm mmmmm ......,worry,happiness
1963095345,Don't really feel like I got a tan  I gave up and am working out instead. Skin cancer is overrated. &lt;3 CJ,worry,worry
1965294393,@mitchelmusso is it a worldwide number? caause for some reason my phone wont dial the number,neutral,worry
1964875021,@jenxstudios it's like 20 bucks for 10 shots  what kind of camera do you have?,neutral,neutral
1963037573,"@getemgirlfriday aw, I hope you feel better!",love,worry
1752385382,"Yup, I'm pretty sure summer could not have started off any better than the one this year",relief,neutral
1966205113,@katevoegele WIsh they were in Toronto  Will you be coming back here soon?,neutral,neutral
1957251799,3am i still cant sleep,neutral,worry
1965401274,"@selenagomez bananabrain2 got hit by a car and got screwed! : O, 32 oepn wounds, a broken finger, broken toe (both toe and nail) f**ed up",happiness,worry
1961563985,"@osbug I keep trying but no, I didn't win  Had the right answer though! Trick question!",worry,worry
1964009495,@Aonir awww don't be sad  we'll download a copy for you!,sadness,worry
1965814419,@BriaNicoleSison Why aren't you at blue martini with me??,worry,neutral
1962528105,@ptwaugh xbox broke  hope you enjoy playing 1 vs. 100. I was...looking forward to that.,sadness,happiness
1966409000,House hunting for next year= No FUN!,worry,neutral
1753197469,@Lovetogivenuts not yet. I save the pages to read for when I travel,neutral,worry
1963481763,@iFelixGonzalez really?!?! It looks like its going to rain here but its all just gray.... La is a bummer sumtimes,happiness,worry
1965522285,they aren't selling jamba juice at my school today  they're going to sell it next week. on monday.,worry,neutral
1694834933,MY first pos,neutral,worry
1695081828,@catdog03 Do I seem brighter &amp; more colorful?,relief,neutral
1751501818,I learned the Hoedown Throwdown!,neutral,happiness
1960763963,Now I'm all sad because I'll probably never see Fleetwood Mac.,sadness,sadness
1695055452,I am watchinggg the new video of @VVBrown Its sooo good  Addicted!,love,happiness
1963542564,@SheilaRod but but it was funny when I wrote it,neutral,worry
1966400192,@BrineandBastard What??  Nooooooooo      There goes my weekend!,worry,neutral
1695844762,@LToya818 yeah i was shocked he probably just pitied you..... thats y i talk to you from time to time,neutral,worry
1753237075,"http://twitpic.com/4woxi - Btw, concert was freaking awesome",happiness,happiness
1695138232,Off to the banks to get this thing rolling! Hooray for days off!,happiness,neutral
1694200732,Working on my resume while listening to the rain and enjoying a Circus Boy,relief,happiness
1694237789,@MarieLuv ahh that would rock,happiness,happiness
1964059413,Extremely busy weekend. So much work to do.  Can't wait for Summer!!,worry,worry
1753138858,@waynemansfield thanks....,love,neutral
1752872432,"Damn these nig*s is all on me, but they won't get this...&quot;Not without a check!&quot; LMFAO",neutral,worry
1751818929,@sally_anne85 @CinnamonCloud you 2 are very interesting... in a good way..,neutral,happiness
1752774684,contemplating whether or not I will go to prom as I listen to my 80's playlist. &quot;Somethings tellin me it might be you!&quot; Stephen bishop,neutral,neutral
1957029899,@jennyvokals girl a blunt is soooooooo in my thoughts right now. I had an absolutly GREAT day with a few stressors...come home,neutral,worry
1963233394,noooo! @shutuppat  all summer?! I won't see your charming little face ALL summer?!,surprise,worry
1753075368,"@KManCOBHC he has been really brave but this is the best thing to do - now he can rest and get better. Get well soon, Alexi",sadness,worry
1964048495,@tayezzy public bathrooms,neutral,hate
1695962874,@tristanx We want pictures as proof though,surprise,neutral
1963569786,Looks like it's going to be a upset for Venus,worry,worry
1965576972,wants to go the the vintage paper show but no one will accompany her,neutral,neutral
1962302487,@charlieskies  that is actually a better name than fluffballthegodzilla (my youtube username).  ive been beaten,sadness,worry
1753449261,Good night you twitter people,neutral,neutral
1957515183,squirrel! where? i hate squirrels,worry,hate
1694274680,Ohh grandpas.. Stable.. Won't kno all details til tomorrow when I visit... Keep him me and my fam in ur prayers..thank you  ... Goodnite,love,worry
1957524669,"@mitch_400iso Me too, she was adorable and you could tell the pressure got to her.",happiness,worry
1957714261,it's almost comforting to know all LDN people not working on this beautiful day will get skin cancer.... I want out of this office now,worry,worry
1753029318,@ConformityIssue Haha I should. But I won't. lol Then I might miss something.,neutral,worry
1753649007,"@jussinen I've just gone back on and can't see anything too obvious. Who knows, but off to the Apple store today anyway",neutral,neutral
1694627617,who watched X-men origins: wolverine? i totally loved it! haha,love,love
1964452436,i have no followers,sadness,worry
1694510451,"@Jason25329 yeah well a deadline is in T-9 hours, that's architecture for you, oh well... mmm that coffee sounds like a good idea",happiness,neutral
1961001719,@hummingbird604 yeah it can be tough some times..,sadness,worry
1964058772,"@jingruz you can have the sun too. It all sucks, especially for my pale whiteman skin.  @mfnbpwnz I can't stop sneezing, and I blame you.",worry,worry
1694438899,"endless set list... very long... grueling almost... also, sent to gordo's cell cuz he's no longer communicating with the internet in 140.",neutral,worry
1753501529,@Maxsy seriously?? link plzz,surprise,neutral
1753885786,#firefly weekend on SciFi channel  I'm a happy man,happiness,happiness
1962927451,"@andrewho why would u get in trouble with me, i did not follow the logic sorry",worry,worry
1965013612,@charrrbabyy I know!!  effing embarrassing! Eff our lives,worry,sadness
1752917978,@michaelBchevre and all chevre: please follow me at @elishevabalas for chevre only   I'm using @eliseven for public tweeting!  Thanks!,happiness,neutral
1962369897,i bit my tongue sooo bad...it's swollen.,sadness,worry
1965967874,"Was outside playing ball with dogs, now all hot and sweaty",fun,happiness
1962408417,is incredibly worried about Stanley...,worry,worry
1753097391,"@osulop I didnt mind the movie myself, may be because Im not that big a fangirl myself",neutral,worry
1694258588,Digiqom welcomed new team members in the company today,neutral,happiness
1753696628,On a day like today. I am thankful for my mom's teaching (proverbs 6:20-23) and thankful that she's on twitter too! Love you @planit1,neutral,love
1964832218,Horrible thought... I have to go back to work on Monday   Good thought... I only work for 90 minutes   Life is good.,happiness,worry
1753790164,happy mothers day!,love,love
1957692704,@the_prototype09 no where I'm working for a bit up here,neutral,neutral
1753600331,"going to head to bed now finally...goodnight! Hopefully my dreams will consist of ravishing things, such as: Zachary Quinto.",happiness,neutral
1965367716,@Wossy The Killers where the best. A bit disappointed that the last song was cut short  Can you watch it in full on Iplayer ?,sadness,neutral
1957390538,why the fuck am I on twitter!!!,hate,worry
1962803693,"@babblingbrookie Try being in AZ again brooke, Omg you cant even be outside for less than a minute before getting your neck burned.",worry,worry
1694952180,@AdamCrooklyn good morning broham,happiness,happiness
1957619663,Still not asleep. Ahhh  Wtf?!,worry,worry
1964245332,types too fast for her own good. and has been craving pizza for 2+ wks. GAH i hate not having a job i want pizza!  lmaoz why me?!,hate,worry
1694646885,"Finally X-Men Origins: Wolverine arrived, Time to play the game like a mad man, And then it's time for the review  /Patrick",happiness,neutral
1964626862,At the DMV uhhhg!,surprise,neutral
1963752984,@dapass  http://twurl.nl/goljwp is what i get when i try to add a new post,empty,neutral
1751467749,is off to Tagaytay with the family! Happy Mum's Day to all you hot momma's,happiness,happiness
1965950270,@SinsualDzires phone updated and she's got a camcorder on her phone now--mine hasn't updated chit  that ain't fair .,worry,neutral
1694092207,I can't believe it's Monday already! A week in Vancouver already gone.. what a good weekend,surprise,happiness
1753728950,@dahntay OMG that dunk on Dampier was MASSIVE! Big ups!!! Love it...,happiness,love
1965996191,blehhh i feel poopie. i have a fever and my whole body hurtssss   FML,worry,worry
1695138078,@Hyperopia feeling better now that it' breakfast time,happiness,neutral
1753885782,@sadknob OK. Happy to hear that you are feeling fine,happiness,worry
1694645943,going offline. buhbye twit,neutral,hate
1957343439,Shame I've gotto go to work,neutral,sadness
1752726336,Making my momma a happy mother day card &lt;3 I love my mommy,worry,love
1963900224,"ya know why today sucks? its been raining, we have no $, &amp; no possibility of a magic friday.  so whats goin down tonight?",boredom,worry
1694812984,"Going to be buckling down this week. So, relief for my twitter followers from my inanity. Enjoy my silence.",relief,worry
1751574617,"@girlonlaptop haha. not sure what local is to you, but if i was then you'd have to fight me for it!",surprise,neutral
1965650058,@cecamy it's nto as good,sadness,worry
1752191777,HAPPY MOTHERS DAY TO ALL THE MOMMIES,happiness,love
1965475606,I am the queen of losing things. Important things like keycards and bus passes.,neutral,worry
1965592564,@mnrmg I am doing the same  I want to travel a little!,enthusiasm,neutral
1753870135,"@btillo Hehe ! Thanks for your advice  I choose the shoes, only three of them, so hard !!!",happiness,neutral
1961878466,I miss you guys,sadness,sadness
1751715841,feeling like in 16 again - watching TWILIGHT &amp; enjoying it,happiness,happiness
1751358157,@piticu21 4n? ma rog  never heard of it  esti beat acum? u tweet too much,worry,neutral
1958081239,The sun has gone in!,surprise,neutral
1751607203,Watching Sex &amp; The City at my brothers soccer game. I have totally defited the purpose of coming.. Hehe,happiness,neutral
1957246312,My throat hurts and I can't sleep.,worry,worry
1694666101,Order Pizza from the Pizza Girl!  We have to sing about it!  I love that new song. so excited for the new song from JB PARANOID 4 days,happiness,happiness
1753617449,"@simonpeggster Hi Simon, I'm new to this too - but just thought I'd tell you Jimmy Carr has tweeted that you make the Star Trek movie.",surprise,happiness
1966326924,is sad yo hear about Ashleycat,neutral,worry
1753869607,"3500 downloads for quickpwn 3.0b5 with cydia, Thanks for playing",happiness,neutral
1694492378,Wtf why am i JUST getting up now? HM:TM today  but before that... revision revision revision :/,sadness,neutral
1753310583,@Tinkersdamn ah yours is better! enjoy,neutral,happiness
1694768606,"Thanks for the follow, Doug. I like that hat",love,neutral
1957664223,UP was awesome! Everyone should go see it.  But the stupid theatre didn't show the Pixar short film.,enthusiasm,neutral
1961149945,"@JeffAbel Unfortunately, yes...not outside!",neutral,neutral
1960992526,the plan to not spend money is not going well,worry,worry
1694953999,Sitting at the Audi Joburg fashion week casting. So many lanky people in one place! Almost 100. Lol. Good luck to everyone  xx,happiness,neutral
1694144408,"mondays agenda: last class/final of the semester, work, sorority meeting, happy hour.",happiness,happiness
1753582108,Started following QueenRania for a change,worry,neutral
1694036036,"@JRulz Hello James, who are you",surprise,neutral
1751918977,yay i hit 50 subscribers on youtube. go me  lol.,worry,neutral
1753729265,@LydiaStack yeah exactly the fans overpower the haters anyday u know wat do wat u wnt i dnt even care anymore i know the truth about them,surprise,worry
1960138796,"After being down for several hours, finally my site is back online. Silly DNS setting mistake",relief,worry
1695311739,who wants to transfer some maths knowledge into my head via USB cable?,surprise,worry
1753711562,"@ezrabutler - they have their headaches the morning after, instead!",sadness,worry
1957237366,sitting in school  sucks to be me!,worry,sadness
1695694610,@jmbuckingham Time for me to seek out some coffee for my own caffein love affair too!! Mmmmm... Sweet been of hyper-goodness!!,love,love
1960376885,Really? 87 degrees as the high and I'm on my way to work?!?  hagg lake tomorrow is going to be especially bomb sauce!!,hate,neutral
1957303384,@mzstokes No twitpic?  lol,surprise,worry
1693975909,I just dyededed my hair,neutral,worry
1751952757,@dudeman718 Have you seen Wolverine?  Might want to change that pic.  There's a new sheriff in town.,worry,neutral
1964288692,Poor @extralife.  The flowers are fornicating with HIS nose now.    @missiondeep,neutral,worry
1753788104,"Huh, another ScarePoint coding Sunday",hate,neutral
1960316509,didnt do my devos...  hopefully my day doesnt suck because of it.,sadness,worry
1753710423,@amyserrata in the sun and changing my default icon just for you  what're your plans?,love,neutral
1753329274,wonderful Gerrard scores 2 and we're at the top of the league for the moment.. Hopefully City helps us today..,surprise,neutral
1962570539,getting ready to drop off something to my man so he can hang out with a friend instead of me,sadness,neutral
1753254449,watching the movie 1984 for my book report  im lazy to read,neutral,neutral
1694667458,@cottonpanty Miss you my dear,worry,sadness
1957646478,@mizplunderbunny *hugs* why?,love,neutral
1965815792,@Media_Molecule where is Sackiroth,neutral,neutral
1752798985,Selling artwork+ risk game with the boys+ startrek= just what i needed. What a good day,happiness,neutral
1693956175,Thanks for pointing out the crucial problems @thakkar. Both of them have been taken care of  (cc: @Netra),empty,worry
1753567138,http://snipurl.com/hq0n1 Just printed my mom an Amazon gift card  for Happy Mothers Day talk about last minute.,happiness,neutral
1964790388,Poor winston!  Going on a run!,worry,worry
1964982800,I can't fucking concentrate with this damn heat!  Cooler is so not doing it's job.,sadness,sadness
1752798363,"@MsNewAppearance Hey, thanx for following me, I'll follow you",happiness,neutral
1961963579,charlies roastbeef: mostaza no manejamos. WTF?,sadness,sadness
1752747092,Filming at a carnival for my music video... It reminds me of the Cherry Festival that I used to go to back home... Ahhh memories...,sadness,happiness
1957240070,http://twitpic.com/664oz - this is what happens when i have no models,worry,worry
1957141622,@IvanaE i love it to.. but i knw there gna cut stuff out on tv,sadness,neutral
1695509926,will be working at 7/11 this summer,neutral,happiness
1961281663,Have a happy Friday and weekend everyone .. TGIF for me is nothing,happiness,happiness
1962908767,@BrooklynDDecker twice? lucky you. i havent even watched it once. just released here today.,relief,happiness
1960913342,I think I'm running a fever and not feeling so well!,worry,worry
1694589121,"@ireal Well alright. But #dollhouse is still fricking awesome. Elisha's performance in last weeks episode sold me there too, finally",fun,worry
1964505809,@theycallmeTAP http://bit.ly/3oRh6 &lt;&lt; i miss music like this,sadness,sadness
1753678918,http://twitpic.com/4wsst - one of my models from a photo shoot.  stacey,worry,neutral
1960473115,Just had another Army-provided root canal. Not fun. I'm starving and craving lunch at Paloma Blanca. That's a long way from here.,worry,neutral
1966277344,oh God! Bicycle accident just across the street from our house. I think fatal. Cyclist died near same place 2 yrs ago. We need bike lanes,empty,worry
1753096690,A post on my Warhammer blog for anyone interested  http://bit.ly/Uwl7M,neutral,neutral
1753348324,"@griffmiester last time I looked, they were about 400. They gave us a demo, so cool",love,happiness
1752535798,"@ashleynewcomb Oh yeah, lots of rambly goodness. LOL You have mail.  Bed? This is early for me. ;) Probably why I'm an insomniac, huh?",happiness,worry
1960761194,@LRon_Jaii :-S weirdo leave him alone,hate,sadness
1753117066,Ian is waiting for a very important pic,enthusiasm,neutral
1753664697,"@SteveLangton Yes, they clearly relished acting together, sparking off each other's performance. And milking all the laughs!",neutral,happiness
1695081041,Saturday is Partytiiime,happiness,neutral
1962441410,1 week and 1 one day to go.,happiness,sadness
1964391059,@donnyosmond Were getting old Donny. I got one starting high school next yr and one going into the 7th. Where have the years gone?!,worry,worry
1695767843,i just successfully defeated the swine flue with the power of positive thinking!  #Swineflu #H1N1 #Swine Flu,happiness,neutral
1964584298,Some d-bag stole @Catfairbanks bike,neutral,worry
1753050325,"@Afrykah Happy Mothersday btw! Look at the bright side, you can chill all day today",fun,happiness
1957237503,and this stupid wireless wont work downstairs,hate,worry
1957726484,morning all....beautiful day...best go enjoy some sunshine before i have to go to work...unfortunately,fun,happiness
1694708074,"@calbo i incredily love reading your tweets! they're so entertaining, keep it up.",fun,love
1695730605,"@thedustball main event has not happened yet, but he is doing well so far",enthusiasm,worry
1695252380,@LusaSousa  i&quot;m awake whats for breakfast lulu shit on a shingle ha ha ha,fun,neutral
1694311993,http://twitpic.com/4jax3 - Update Ableton Live,neutral,neutral
1957724733,I am horrible at appraising peer work. What are these Americans thinking when they compose poems? Or maybe I am the one with the problem.,surprise,worry
1957321147,gahh!! i'm so tired right now.,neutral,sadness
1957479921,falling asleep and waking to gun shots arent fun,surprise,worry
1694418938,cooking with my dad  having lots of fun in the kitchen together,fun,happiness
1964140771,@gillianre no they didn't!,worry,neutral
1751645520,@sjowen I had a double cheeseburger and fries from The Golden Arches....I will be sicker than a dog tomorrow.,worry,worry
1966304778,@acepilot P.S. I hate your work schedule! I wish you could come play tonight,hate,neutral
1966275459,@chopperdave12 i think im just going to wind up going Home and go to bed,sadness,neutral
1965977499,I am not doing much  all well!,worry,worry
1750897025,@blueobsidian Always a good idea.,enthusiasm,happiness
1957638771,"Oh ffs :@ a don't get paid till monday :@:@:@ :$. Sorry william, gonna have to wait till next weekend till I give you ï¿½  :@",love,worry
1957228259,wow i'm really reallly ill,worry,worry
1695219482,YEHEY SUMMER!!  so exciteeeddd.. balme it on the a-a-a-a-a-alcohol.,happiness,neutral
1695003368,Monday mornings couldn't exist if it weren't for some hot tea.,fun,worry
1751072291,live on stickam.com/itstyleryo COME CHAT!,enthusiasm,neutral
1694455195,Watching an episode of Friends during the lunch break,love,neutral
1751464622,"Yeah, I think we've earned it!",relief,happiness
1963479357,"@random_nexus he has to have a new suitcase, but he is just so bloody indecicive, everytime he wants to buy something it takes HOURS",boredom,worry
1964153435,@KellyCombs  I'm bummed to miss you.   Hope you enjoy your writing conf. tho!,sadness,love
1962850560,"just played like, 5 games of dota hahaha. I wanna go home",sadness,neutral
1694110484,"@shihadchick take it. mmm, definitely.",neutral,neutral
1752849321,@SJSharksfan haha i agree ! i am her test dummy. i just go in and say &quot;do whatever you want&quot; and i always love it.  she is magic!,happiness,love
1751465955,Is with our dog at the doggy park!,worry,worry
1964214443,is feeling Fab today and missing my boo,sadness,sadness
1753452861,"@Jenehhh Feeling inspired this evening, huh?",enthusiasm,worry
1963153542,@cbarrett just something different than all the text around it.  There's no difference whatsoever,worry,neutral
1694906723,"@tommcfly &quot;We never want to lose the fans that got us here!&quot; Thank you for saying that  Wish you and the others a nice day, greets",love,neutral
1965558834,We're going to panahra for dinner.  miss you guys.,sadness,worry
1751035798,Heading back home with a win!,relief,neutral
1965069721,so bored without a camera,sadness,worry
1695219958,@crafty Hope it went well! Was rooting for you both from the (not so) comfort(able world) of PhD application form-filling-in  xxx,relief,neutral
1957387445,A day of administrative jobs,worry,sadness
1965856015,AT&amp;T cheated the system and now I have no Green Day tickets  Damn you AT&amp;T!,sadness,worry
1753096538,I just received a mothers day card from my lovely daughter wishing my a happy mothers day  http://tr.im/kWK9,love,love
1753679966,I love how simple my Safari toolbar is!  http://twitpic.com/4wssc/full,love,love
1695248620,"I woke up at 5:45. Didn't have a full bladder, wasn't sick... And to top it off, I went for a run. Now I wanna go back to bed",hate,worry
1753694584,Kyneton for breakfast this morning at Slow Living. Noice. Such a beautiful sunny autumn day  Drove back to Melb via Daylesford,love,happiness
1965364971,ACK! Fast forward right through that Coldplay song.,neutral,worry
1753218339,"These nice boys realized that we were too short to see over them at the concert and moved   Ugggg, now it's time to pack.  Early flight.",worry,neutral
1694163209,@jlsears poker face,neutral,fun
1957639945,I wanna see the Jonas Brothers in concert..,fun,love
1961152655,Shower. Then back to bed. So sick still.,hate,sadness
1753743497,Just got home  interesting night,surprise,happiness
1962515157,@lowenstein @jerm_bob7 I'll update you. I had to leave him at the vet for tests and xrays.,worry,worry
1753219277,@poptrashmusic How's your dog?,surprise,happiness
1963157926,happy and sad  may her soul rest in peace,sadness,sadness
1961618615,@KarenAlloy I cried like a baby when we had to put our cat down 2 years ago...  For tears of happiness watch this http://bit.ly/qLwbe,worry,worry
1694181372,@annerondeau i love you,love,love
1960559820,MY PUFFFFY IS LEAVINGGGGGGG  NOOOOOOOOO,sadness,worry
1753821440,"Goodmorning twitter, oh my gosh, i woke up soooo nice, lol ... oh hai thar twitterverse. Happy #mothersday everybody  (especially mine)",neutral,happiness
1965816492,Bah a coworker ran into work late and her bag smacked into my knee  it really hurts now,sadness,worry
1695884011,"@Isapersefone D Well, if you got that DVD then you should get those books too!",happiness,neutral
1961126569,Female and Male 3 year old Labs looking for new home  Family is loosing their home. Both must stay together. Contact me if interested.,empty,neutral
1961455867,@KrystalNichole Pretty good!!! I think I overdid the gym yesterday... other than that just working,happiness,neutral
1752698007,@charleshope When are you and @gracepiper coming over so we can violently agree?,worry,worry
1958050811,i know i was wrong. maybe i shouldnt did all of those fuckin things like that,hate,worry
1695769111,I'm surrounded by negativity good thing there is a Fly Guy to give me hope that there is something better  thank u Jesus,sadness,neutral
1695251176,"@Lowri_Bones Four capital letters. Aye boy, same as that. I heart Justice.",neutral,neutral
1962390479,@vronmcintyre I want an espresso machine,worry,neutral
1963425781,"@LizzieGrubman have a great time in the Hamptons. Hope it's for some relaxation, not for work",neutral,worry
1752591038,"and goodnight, twitterland! hope all of your weekends are going great!",happiness,worry
1695845015,@Arizona_Abby Thank you. I will check that out,happiness,neutral
1960302289,@tommcfly I'm depressed ! I want to know you and kiss you all,worry,worry
1957461171,@roninreckless dude you didn't even say bye,surprise,neutral
1964738234,"@kabobbins nevermind....I kept reading and see ya'll r gonna be in Williamsburg   I'll mind my business now, lol",worry,neutral
1962983441,Thinking bout maddies comments,worry,neutral
1694549154,@OmariOfficial qood morninq,neutral,neutral
1963645883,argggggg car crash tv its just sooooooooo horrible to see her like that  #bgt,hate,worry
1958082492,"i hate the fact that it is so nice outsidee, and im inside doing revisionn",surprise,sadness
1752353818,@_catchfire Happy Birthday Chip's sister,enthusiasm,love
1694182534,@sevitzdotcom 'auto-resolve' is that a Geek/tech answer to most questions??,worry,neutral
1750964785,05/30 - first session  yay me!,fun,happiness
1751819719,@wethedan its my birthday too  but its the 10th of may right now for me.. and its probably the 9th for you.. happy birthday anyway,love,happiness
1694511518,IE8 nearing 6% according to my stats. FF 3.0.10 adoption rate amazes me,surprise,worry
1964378652,gots a headache now,neutral,worry
1751178146,@natashabrown brad's face when he saw that gift is priceless!! Thnx Nat!,happiness,happiness
1963462388,@Ms_AliceV No  None in the house and I'm not sure i should drive to the coffee stand. It's worse than I thought it would be.,worry,worry
1695441277,"@sabbymcguire aiyo! so poor thing eh you! nevrmine la, the night is still young",enthusiasm,worry
1694238100,@amreldib lets hope retirment is not cancelled for any reason,neutral,worry
1965558783,"@mitchelmusso  omg, I can't call you from england, this sucks!! Please say hi to me on here!! it will mean soo much!! =D",neutral,neutral
1963969363,&quot;Up&quot; is all sold out!!,surprise,neutral
1694219987,i wear a lot of white  http://tinyurl.com/dlbltg,neutral,worry
1696177672,Definition of senioritis: Me. About to go to chem II and calculus. Not good classes to feel like slackin,worry,worry
1752872947,"can't wait to see 'Transformers 2'.. C'me on, Shia! Yippiee!",fun,worry
1962851524,@lancearmstrong any chance of seeing you at a race in germany? unfortunately hardly any tv &amp; news coverage of cycling here anymore!,sadness,worry
1694768494,"aww, jon ryan bob and greta in one picture? how adorable  and it brightens my morning, ty jon walker",love,love
1694606576,"Woke up at 10am, my alarm didnt wake me up so @samm_xo did by sending me the best text!",worry,worry
1695411321,@DanielleBean peace &amp; quiet.  Enjoy it while it lasts!,happiness,happiness
1965257158,Oh..I'm so borin'.. why not play the computer?? My mom's say: because your makin' task..!!,empty,worry
1752443126,Waiting for my friend to arrive so I can eat and stay alive.,neutral,neutral
1965398942,@velvetella Hey! Polka dots or black dress. Both very glam. Mobile twitter's a bit crap at the mo.,hate,neutral
1964379662,@AndreaaaB ooops! the last link is the same as the first! sry my mistake,worry,neutral
1751952606,watching my baby on snl !  baby you look greaaaaat ;),love,happiness
1694745640,Good morning!!! Who wants breakfast??,happiness,neutral
1751644001,@glossymom yeah i am getting to that point. Need a new phone anyway so its gonna happen real soon!!,happiness,worry
1965408275,"FML.. today sucks.. i just hope the dance will bring my soul up.. i pray, but im still sad..i hateee todayyyyyy!!! &gt;;(",sadness,worry
1753416569,Pizza and gelato at Newport with hubby and boys,neutral,love
1753743628,@jmlares ...actually find something they'll like. it's easy to get a good gift with a lot of money tbh. nowhere near as personal though,relief,worry
1960609479,"Had to come in, was baking out there and have slight headache now",worry,neutral
1964556199,Back to the freaking homework.,sadness,worry
1957464811,Bout to knock out. Feelin a lil sick  peace y'all,worry,worry
1961110682,@godiegogo12 well atm anyway i'm only managing cos i have no musical talent ps horrible thing to say bout rove,sadness,worry
1753616129,looking at an insane view of hollyweird....in an altered state.,neutral,neutral
1752088375,@blathering lucky e went!  jealous!,worry,love
1957747226,"I was glorious at 6.50 when I went outside, so why has it gone cold and cloudy now",love,worry
1695108064,Good morning.,neutral,happiness
1963995581,Goin to work....,neutral,neutral
1957458462,I had my hair cut today and my boyfriend didn't notice....,worry,sadness
1963331641,@jamiexvx join the club.,enthusiasm,neutral
1753347865,Mama? you're the best thing that ever happen to me. thanks for everything  &amp; and sorry for hurting you... I LOVE YOU!  &lt;3,worry,worry
1957023842,twittascope is NOT rocking my socks - go away already!!,neutral,worry
1962410294,is pumped and bummed all at the same time.......,sadness,worry
1965252033,"@jennyowenyoungs i can't believe you're coming near me! but to a place that i can't get into.  i love you, Jenny!",love,worry
1751285985,@LeslieIN u can see I just twitted them if its the real xmsirius that is. Let me know any other contact info. Lets transmit this!,enthusiasm,neutral
1695475667,@tonyalangford It was pretty cool. The kids *and* the adults had fun.,fun,happiness
1695884370,http://twitpic.com/4jken - fire and urban at rock challenge,neutral,neutral
1694510338,I totally needed that sleep.  need to stretch and wash though now.,worry,worry
1751921609,@Jakpedz you should come out!!,happiness,neutral
1962717057,"@CourtJsallis  lolll, i cba to get the sun stuff and i forgot that the back of my leg wouldnt gwt tanned lol. it hurts sooo bad right now",hate,worry
1966353043,Going to the dirt track races w Aaron. Having a really good hair day! wish I could wear makeup though,sadness,worry
1964750830,I wish the sun would come out...I guess it doesn't matter since I'm at work and can't enjoy it anyways,sadness,worry
1964582411,"@Applecored its like a little adventure, only Im kinda worried about her, and I cant take the bus to where she is cos my oyster is broken",relief,worry
1753773956,"Rove Live in 3 mins, kinda excited.",sadness,happiness
1695512705,@FunderCats Munderday. I like that.,fun,worry
1696133800,@TheRealKeeks Not Pretty But one hell of a show  non the less,fun,worry
1964318867,My brother is planning on moving to vietnam and staying there forever..,neutral,neutral
1961417506,NW Macedonia: Few rainy days in a row.,sadness,neutral
1964890234,@halbpro it's called retro my dear and I wear fifties fashion sometimes....did you not see my birthday pictures?,surprise,neutral
1753009713,@idreamofjeanny Chowder is the shit!!!!!!,neutral,neutral
1964648313,i am on BLAZE and my head hurts.,worry,worry
1963428009,@KTVL I gave up following @KimSherrell - She seems really nice but clutters the hell out of my feed.  It got annoying.,love,worry
1963411064,@glennbeck My husband is loosing his GOVERMENT job due to downsizing-he is looking for a new job but can't find one in our small town,sadness,worry
1694275243,is eating chocolate ready break,happiness,neutral
1751288538,Movie is pretty interesting actually. Gonna finish watching it.  probably seeing star trek tomorrow. &lt;3 ZQ. lol,happiness,happiness
1752019441,@Carolina2676 lol... that's cool u can enjoy the show together! Tell him I said hi!,worry,happiness
1963859530,"Big Laptop is too big, so it's time to switch to the Eee.  Bye big guy",anger,neutral
1957380317,Its too early,sadness,worry
1965816400,@Deztini tolddd you there was thunder! ew now it's all rainy D: i'm scared!,worry,neutral
1957687122,I miss my peanut gallery,worry,sadness
1695765956,@sandsP Thanks for the FollowFriday suggestion!,happiness,happiness
1752563803,@jimmydouglas Thanks! I'll have to have you guys over once we have furniture.,neutral,neutral
1751215432,@monchalee *hugs* im glad you got to spend time with your mom.  if your free tonight drop by for some spaghetti,love,neutral
1965738959,Just got home from a work.. and not looking forward to it tomorrow morning! Oh and tomorrow night! Great,worry,neutral
1962392290,Been sitting in garden with my mummy and also got a text from the boy who i thought had GOT THE HINT    obviously not.,happiness,worry
1957215947,@MrsSOsbourne Ozzy isn't following you yet,neutral,neutral
1753383953,@DonnieWahlberg Ready and waiting Donnie   We love you too,love,love
1751749612,mrskutcher &amp; aplusk you two are to funny!,happiness,neutral
1963364867,mad traffic,sadness,hate
1960515884,"The weather is SO nice! And there were so many hot guys in town, I felt like a kid in a candy store. Except all the candies are straight",happiness,neutral
1960553547,FML. . .i have the worst paper cut on my knuckle from all the papers i was handling. i hat this damn research paper!!!,hate,worry
1694858858,I'm going to school...JOY! :/ 7:20 am! I've got to go!  BYE!,fun,worry
1751178104,@parislisbonne I'm glad you liked it   Want more?,happiness,love
1753854924,"watching #f1. I live near Montmelï¿½, I'm so excited about this race",happiness,happiness
1962783674,@FTSKirstin its taking forever to upload,neutral,neutral
1963048077,I came home thinking that maybe there was something good to eat. Apparently not.,sadness,worry
1695545985,@absolutraia that's precious,love,worry
1751034676,"@rockdrool second wife, what?",neutral,relief
1753615410,"@Misstaken77 did you go out last night???? My Girls' Night In was fab, everyone made an effort dressing up",happiness,neutral
1693957230,"@sai_shediddy lol , you gotta share too",happiness,love
1753854588,suivez moi  (=  follow me everybody,neutral,neutral
1751714671,@taylorswift13 i love Paramore!  welcome back,love,love
1961619032,"@serena_eliza ohhhh that makes sense then. 8D and i need to reread the lotr trilogy, i lost the three books a long time ago and i'm sad.",worry,worry
1753819674,@Bettyispretty yes please,neutral,neutral
1753291810,@asombroso bahahaha. I love Gabriel - absolutely fucking hilarious!!!,sadness,love
1751954119,You should retweet others good tweets at least 10 a day to get involved into things at twitter,happiness,neutral
1694812603,back to my interesting emails...,neutral,happiness
1694685682,"@osocash  Hi, Thx for following  I teach some Chinese lessons on youtube, pls feel free to have a look www.youtube.com/ChineseLearn",happiness,neutral
1962703924,would like to go back to bed. horrible headache pounding behind my eyes and all over my skull,worry,worry
1752415943,Happy mother's Day!!!! No gift to your mother can ever equal her gift to you - life,love,love
1753868796,@looosie Agfest? it was pretty awesome.. loads of people were there lol,happiness,happiness
1965515763,i think i have a fever,empty,worry
1753904668,good morning/midday nation!  FORMULA ONE IN ONE HOUR!,fun,neutral
1957009666,@melluffsyew Umm yeah. That's probably a pretty good note to self because eeeeeewwwwwwww.,hate,neutral
1694201335,@buguletzu thanks,surprise,happiness
1964764733,@lilithsativa POOOOOOOOR SHEEEEP!!!,fun,neutral
1693976069,Can't wait for SYTYCD tour with Ashleighhh &amp; Izzayyy,fun,happiness
1752895240,totally just got hit on by one of her bar guests! Ha ha...Yay me!,happiness,neutral
1961426774,"Oh god, a moth was living in a fucking power outlet!  (Actually, my PowerSquid.)",hate,neutral
1751430296,"@MeganWrappe Well, guess we just make a pretty great pair.  So, I don't think our birthday date is going to happen. :'(",worry,happiness
1965315067,LOVE @myfabolouslife LOVE him.  http://bit.ly/chLaV   @ that tease of Your Baby @ the end... boooooo. still luv tho.,love,love
1963704376,We are checking out and on our way home  I am rwady to be home!,neutral,neutral
1694382215,Yay! I just fixed my blog's CSS problem that messed up the design,worry,worry
1695376708,My goodbey pressents  http://mobypicture.com/?uqi0h2,neutral,sadness
1960489702,"pff, Life sucks sometimes!",sadness,sadness
1961475223,@tommcfly I'm starting to get really dizzy. Do a tour in the Philippines?  So we'd feel the bliss of knowing our efforts were worth it!,worry,worry
1753806179,@priyaflorence I'll say  Even I don't do Dominos anymore - I prefer Pizza Hut's crunchy fresh veggie pizzas,neutral,neutral
1694363878,"@MLimburg it's the small things in life that count, like being on a blur photograph of google streetview..  keep following !!!",surprise,worry
1966155823,I miss Vermont,worry,sadness
1694330696,@katcal always wanted to see that film never got round to it must get it on DVD tell me if its any good,worry,neutral
1753118799,off to a date with vaahedh! -_- well...atleast its the last one,happiness,neutral
1752774200,wants Friday to come quick! I want my beauty sleep and shopping...,neutral,worry
1751104823,causee not everyone can pass the challenge test duh,worry,neutral
1693976113,@KatiexCobraYo awww boo! I fucking lovee doing all the girly thingss,worry,love
1960458526,"gonna be in bed soon as Friday's over soon,   would like to plug in!!",neutral,neutral
1751783304,"@kirstiealley ROFLMFAO!!!! You love us better, don't you!",love,love
1961289509,Smart cars are the most worthless cars ever made. &amp; it makes me sad how many of them I see anymore.,sadness,worry
1961750476,"Another favorite local place bites the dust: Con Sabor Cubano, the place I go to for the most amazing Cuban sammiches, is closed",sadness,neutral
1962473264,@its_erincharde yea as an afterthought,neutral,neutral
1966230651,"at work.. missing my miami fam @anywayz, @abigaildsouza, @mrohboy32, carolina, jonathan, @Prtyprincess, @JessDosil &amp;&amp;&amp; more",sadness,sadness
1751920930,"@joelmchale Please give a shout out to my boyfriend Ron Griffin at 10pm show in Denver. He's in the nosebleeds, so really SHOUT out",love,neutral
1961654478,I have nothing witty to say,neutral,worry
1750931210,Haven't been on in foreverr!  Almost happy mother's dayy. Yay. :],happiness,neutral
1752193672,"@insaneboingo Oh, he's hilarious. I'm just commenting on the fact that he's there so much.",neutral,neutral
1966168179,Finally eating unagi I've been saving up for a while! +udon :] AGH I just realized the band playing at Bear Garden today is one I like!,happiness,neutral
1964949749,@kelleyviolet That sucks!    It's thundering here.  I'm getting ready to shut down.,sadness,worry
1962699865,Prayers for my family and my dog - Mozart is being put down this afternoon.   Pics of him at http://tinyurl.com/mozartdog,neutral,worry
1962425547,"3 live p2v migrates, 5 vmware vsp exams, and a magento config, a quiet weekend at party central",happiness,neutral
1962744193,@nmarshall23,neutral,neutral
1963480643,@kinahboo imma miss dem KObe nd Bron commrcials wen cleveland get knocked out doe  they wer funny,happiness,worry
1961741398,@thegoodhuman,neutral,neutral
1751818472,Summer is finally here! Graduation in a week!,relief,happiness
1695251005,Getting to play golf with our kickin' Leadership Team...I have a feeling they r gonna kick me on the golf course,sadness,worry
1966418313,@InNoSenseLost I know. But it won't be the same,worry,worry
1695136843,"@erlang Pigs catching Swine Flu and Avian Flu, risking the development of Flying Pig Flu? Awesomely funny",fun,worry
1695251041,Good Morning Tweeties,love,happiness
1694384198,@AnsamsKitchen  walah me 2 still i am not getting the full idea,worry,worry
1961038032,honestly i cannot figure this twitter thing out,neutral,worry
1753665001,@iheartrachael no its pre made jelly and its for me and bradie,neutral,neutral
1752505429,: Out to dinner for the fam and Grandma for Mother's Day.,neutral,happiness
1694531467,And in the Animal Action Area... Ferret Racing,neutral,worry
1961238994,The time is not my friend today,worry,sadness
1965517029,Whoa. UP is sad.,worry,neutral
1963552267,wtf come i need this day to go by,sadness,worry
1696177137,"And here goes my first Twitter from #TwitterBerry Application from my #BlackBerry Bold 9000..  Cheers, long live.. #SMR",neutral,neutral
1752590897,@FokusChicagoKid Ah....okay,worry,neutral
1964627736,mummy i need you,sadness,worry
1964146927,@ChuckGysi  oh sorry - I misunderstood. I'm not 100% sure but I'm thinking there isn't,worry,worry
1695003394,@BMartha hello there!,fun,neutral
1963822610,home with chocolate and peanut butter. stupid kids on my bus ruined my yearbook,sadness,sadness
1965842070,"@joyquality Yeah, but not always.",neutral,worry
1961277560,@getgood I missed out on carrot cake last night.  Hope you had fun @wxwm.,neutral,happiness
1961765317,@chamillionaire Wish I could go. Gotta work.,neutral,worry
1752287187,@mrskutcher Hi! Im Barb frm IA. New to tweetin. Enjoy reading ur tweets. U seem like a wonderful person..I KNOW ur a wonderful actress,love,happiness
1963785715,@sherryaperez  aww mamas... I hope all is well. Get some rest beautiful! Muah! Holla.,worry,worry
1963273129,"is missing training tonight, the lurgy is on my chest",worry,worry
1957184403,@sakshijuneja ok that's subtly saying i'm no longer a fave  temme 1 thing - did the firangs steal your vocab? ur eating words and how!,neutral,neutral
1696134814,Mmm wasabi coated peanuts! Burns so good,worry,neutral
1957007394,@taxidermi  I was watching Parental Control,neutral,worry
1694812911,@Brrridgett I already know what happens on Supernatural.,happiness,worry
1965985104,"@robluketic Shoot, Rob I missed it. Just got home.",neutral,sadness
1753852639,cleaning day!,happiness,neutral
1960169610,Attending Matthew's Senior Day for recognition and I'm so not ready for this.,worry,neutral
1958094009,"@philiplinden @secondlife Blake Sea should have been a water sandbox (a la Cordova), but we can't rez objects and autoreturn is 5 mins",neutral,neutral
1753273204,@simplyjesslee she's hot     What is up w/ all the unknown followers? I've got quite a few- no clue as to why they're following ME.,worry,worry
1752800538,@bloggingroach: re &quot;pot meet kettle&quot; not so sure of that equation.,surprise,neutral
1963572895,still no eat. still in office. and now i get sick throat 3 days before i leave for an air condition throat killing tour bus,sadness,worry
1751751538,I wasn't going to go out tonight but looks like I'll be heading over to Main Street,sadness,neutral
1753516037,"@wendy_fred6 Awww... :/ I guess that's both good and bad, moving is not an option I guess?  Mhm, so are you, hehe ;) (we have same time?)",fun,worry
1694685455,@fiendfyre Never ever smoking around you again.,sadness,neutral
1694035946,going to Glasgow...,neutral,worry
1695512693,has a new nick name - arosh ..i like i like,sadness,neutral
1963586602,someones dead on army wives. Dad just laughed and Mum got annoyed with him. I wanna watch Britains Got Talent,fun,worry
1961106227,kate is leaving me all by my lonesome,neutral,sadness
1752506015,just had an awesome Girl Scout Day at Dodger stadium with two awesome olympic athletes Joanna Hayes and Heather Bown!  And we won!,happiness,happiness
1753434472,"@smileindenial you're so much fun  Star Trek soon, ok? ;)",fun,happiness
1960629198,@getape I had bad net issues on Weds so couldn't broadcast  Am on tonight tho... tune in for new anthems and bad mixing!,sadness,worry
1752896036,I am now Vice President of Social and Cultural Affairs at Southwestern College,happiness,neutral
1753903262,Happy Mothers Day! allergies are gay. Oh and I hope Miller has a better day too,love,worry
1753648294,check on ya'll in a bit. im in for a Mother's day haircut. ciao!...,neutral,neutral
1962221088,some1 said if your not online your a no1...if you are online your a no1.. can't bloody win  lol,worry,neutral
1752795842,on the phone  !,neutral,neutral
1963391879,"@MissLordy If u don't win u can always roll on my pass lol, I don't have anyone to take",neutral,neutral
1694663891,Nugget bit Jack. I told him not to poke the poor hamster!,worry,worry
1695475727,@intelamber so how are you doing this morning ?,neutral,neutral
1965097923,its too early to be up! wishes i could sleep in today,neutral,worry
1751681395,goin to sleep busy day tmrw!,neutral,neutral
1962958667,@MrsNewlywed I am so sorry!!  That really sucks,worry,sadness
1753887762,greeting you all a happy mother's day!,happiness,love
1965249853,@MsStella damn. You could have just called or told me in person. You didn't have to humiliate me in front of the whole twitterverse.,hate,neutral
1960388281,@chellemariee I have my 830 class  fuckin school! what time you work wed? if jade comes ima have to get her in antioch at amtrak.,hate,worry
1965982750,@chaselongbeach at least she doesnt try to violently hump you like my (female) dog does,neutral,worry
1750930056,just bought a good chocolate and a magazine... Later I'll play comanche 4... My good saturday,neutral,happiness
1753482856,"Watching Rugrats  anndd Tweeting, of course!",happiness,fun
1694292480,"Great weekend, even though my site is not moved. Plenty other things to do and learn. Keeping the faith and looking to the future",enthusiasm,worry
1962899642,Have to run! I'll be on later and hopefully can catch everyone I missed today. Working on web is a bear and so I miss a lot.,neutral,worry
1963548888,MediaTemple (mt) has awful FTP service,sadness,worry
1957289252,I tried to dye my hair and all i got was a blond chunk in the front middle part of my hair. Dang.,anger,worry
1694013199,@mybellavita just clicked on your bio. You're in Cantazaro!? Have been to Italy several times. But never Calabria!,worry,neutral
1752124879,pretty tired after a nice full day.,relief,love
1694667923,@FotoWala wow! I've joined the photography scene pretty recently so this (large format) makes it even more interesting,neutral,happiness
1963343021,this sucks schools over and there is nothing to do,sadness,worry
1694975897,"@tsarnick I'm very passionate about my interests and go above and beyond  I mean, you've followed The Wiggles, right?",happiness,love
1961178410,@SheGotItSheBadd i've been up most of what normal ppl consider the night.  no problem going to sleep but nightmares been waking me up.,worry,worry
1960353551,I feel like such a failure this morning,sadness,worry
1695083493,waching gray's antomy,neutral,neutral
1966086691,@RaleighWood Raj wasn't on the list.  So Scoop or Bandit.,surprise,neutral
1696217294,@branchuchan Obviously not too bad,neutral,worry
1964157716,"@misspache  Ya, it was pretty bad. Not sure when I will get to go visit. We have been super busy lately.",worry,worry
1966123518,Suffering from  Hemorrhoids.,worry,worry
1963466004,The little wormy from labyrinth sadly passed away today but its ok as hes still around in a happy ghost form aww  http://twitpic.com/67aim,empty,worry
1962872216,I'm sick of being sick. The weekend is here and I'm ready to party,enthusiasm,worry
1694126686,finally leaving this place! woohoo! school time!,happiness,worry
1962745426,"@bhamboxset I saw them at a show a few weeks ago.  Hate to say I was not all that impressed    fun. and AS were good, though.",neutral,worry
1956998698,@jwillock EpiCentre Wheelock Place - tourists only..,neutral,neutral
1965759106,@cherylsayshi i thought it was just me that was like really hot. My room is too hot to sleep in,worry,worry
1961553499,"I'm going on an excursion this week, so I won't be twitting....",sadness,worry
1965936106,@Lady_Lynn @deanna_raquel ahh man  ok if y'all end up doin sumthin else let me kno so I can meet y'all 2 see wht yal gone do..,hate,neutral
1962948750,"@Katrinasummer Dude, I hear ya. I'll be 26 two weeks from tomorrow. I feel old.",sadness,worry
1960296139,"Still unbelievably shocked about the firing of THE best radio personality, Martin Streek",worry,worry
1694293816,"Rachel Allens date bars, so easy to make   http://twitpic.com/4jas7",fun,happiness
1694346371,learning how to use twitter,neutral,neutral
1958041874,"Feeling a little under the weather today  got a funny tummy - however, the sun is shining and I'm at home. Yay!",relief,happiness
1960909186,"TGIF I don't like 12 hour workdays  I need to stand up, run around 4 a while.... too much sitting!!! Plus, I have honest ade tea 2day! YAY",hate,neutral
1962909777,Wanna go out,neutral,neutral
1694240679,is tired on her friendster account.,sadness,worry
1752726129,@ashleythegreat I love you too baby  see i'm cool now!!!,love,love
1957728610,"my littelist fish, udon, is dearly departed",neutral,sadness
1960197672,@lkenner i ask myself that all the time.,worry,neutral
1694312508,"Going to body pump then yoga, then going to enjoy a lovely bbq with the family, loving the may day holiday",love,happiness
1753663528,"Shhhweeeet-jay-z, bros back from from prom",happiness,happiness
1965424523,@DanaBrunetti What up? Why no tweets. Are you also filming in a place w/ no signal?  .Hmmm.,surprise,neutral
1694587994,And happy star wars day,love,happiness
1753179070,@whoariley riley hacked my twitter!  hahaha :],neutral,worry
1695220685,Screw it I'm going shopping. I'll be back by like 3 anyway and then I'll do hard core revision,neutral,neutral
1694422465,"@tommcfly happy #juddday, tom",happiness,happiness
1957717288,@SmileDaily I wish I was getting pancakes  booooooooo,surprise,happiness
1695961519,@CourvidLove4Eva  FC is back dear.,happiness,neutral
1695311411,@soundeffect haha that's awesome!!! Would be cool in a horror movie death scene  Maybe not cool....but amusingly ironic,happiness,worry
1751250830,"@Malunis A couple of other guys did similar mods, so it may not have been mine that @Artoni saw. I think mine's the best, but I'm biased",fun,worry
1753681183,@LLC1983 Thanks,worry,happiness
1964219963,"Happy Friday Dance, no rain and I'm about outta here..till 2morrow  I sat the saturday morning shift, but its still all good",relief,neutral
1963480715,I don't want to go to the 3-hour lecture,worry,worry
1694665067,another lazy day i supposee,worry,sadness
1751252012,I'm going to obu for the night.,enthusiasm,neutral
1753534613,Good Morning good old Germany - I wanna say hello to New York.  I'm not in love. . .not really.,neutral,neutral
1961930949,I hate going online and looking at the balance in the bank.  its always a lot lower than I need it to be.,worry,worry
1960140664,I forget how much I miss my tribe til I have limited access to talking to them. Spotty internet in the country so I won't be here long.,sadness,worry
1750964545,I &lt;3 Owl City.,love,neutral
1753380779,@hollywills   hi holly  i'll volunteer to try it out first for u! hope ur having a fab weekend xoxox...,empty,happiness
1960135656,My tummy hurts...again,worry,worry
1961062879,"i've locked up a mac once or twice in my time. ok, literally once or twice.",neutral,neutral
1751537432,Having fun with all my dolls  tequillla...carne asada....and my mom dancing funny!,happiness,happiness
1694383158,"Great day yesterday. Good win for Forest, some celebratory 'staying up' drinks, a trip to an unsuccesful bbq and ï¿½1.50 Stellas in Scream",worry,happiness
1965967245,counting down the hours until I can finally drink this blossom hill  stupid work,neutral,neutral
1694792198,@emzyjonas My favourite TV show when i was a kid was.. Bananas In Pyjamas and Teletubbies.  lol Luckyy youuuu going to a JB concert! haha.,happiness,worry
1753031456,"@jamie_oliver whats for breaky then, russtle something up for my hangover please our jamie lmao",sadness,worry
1695581715,"Is at Panera eating a bacon, egg and cheese with a coffee!  http://twitpic.com/4jip9",sadness,neutral
1694312273,@FiiFiiii ahahahaha you love Twilight don't liee!!!  and we all know I love Robert Pattinson!!,fun,love
1694978736,Good morning Sunshine   Tiime for $chooooL ! lol . BBL`,enthusiasm,happiness
1695921857,@r_petty I'm leaving community college with a bang!,worry,worry
1752673921,@political_queen like it,love,neutral
1695475445,"@dirkstanley also: is there a strategic IT plan that maps to the bus strategic needs, that deliver value over time? No more waterfall",surprise,neutral
1965497203,"@NikkiCSWS OWW! that girl needs her meds. I feel her, though. Adam got cheated",hate,worry
1752844948,"@Meylanie what about the dilfs? Oh wait, wrong month....HAPPY MOTHERS DAY",love,worry
1962439166,"@tashababyyy i'm getting them this weekend. aw, i really want you to!",happiness,worry
1694550733,"@lizzie4berries also bored at school, its my third freelesson( freistunde )",empty,worry
1752672676,@Epic_War_MT I'm no longer blue,sadness,neutral
1962830908,melissa_leah: my car wont start.......,sadness,worry
1957638860,@Beckinelson idkk if il get to see it again,sadness,worry
1962565085,@AndySquirrel now if I still lived that way you could pop in and see me  but I don't so you can't,relief,worry
1962862124,"hurt my arm  can't write, hope it will be over for june the 5th",worry,worry
1965458079,I can't keep it,neutral,worry
1965907542,"@rosegraymusic Tuned to listen, but had a 1:30 meeting. Now know that my high school/college French doesn't cut it anymore.",sadness,worry
1694328044,Off to see the Doc in a bit to get the knee checked out,neutral,worry
1963092854,"@jeffieruth OMG, POOR Jack.  That happened to @jisbellemtp 's dog one time. Hope he gets better soon.",worry,worry
1694726025,@x3f  dude they renamed it to something no one will remember &amp; find even harder 2 joke about. Its a myth  to keep u scared,worry,neutral
1962930069,"Worried about Bry, he has bronchitis and a sinus infection   Poor baby.",worry,worry
1751001098,"Nanay cried after reading the card I gave her. Hugged her and next thing I knew, I was crying, too! Haha We're such cry babies. Love her.",sadness,love
1753216855,In this exact moment i have decided that in some point in my life.. i am going to adopt a child,neutral,worry
1695580414,@jacynthe c'est demain le lancement de Chinatown!  pas mercredi!!!!,empty,neutral
1963587689,wondering if my local Borders is going to make it. Lots of bare shelves... It makes me sad,surprise,worry
1752700779,@Mandixy ahaha thats okay and thanks,neutral,neutral
1957663637,@alexlomas Bastard! I want to be at the beach in the sun,hate,neutral
1752943449,my gawwddd ! 6 headshotss inna row? im on fyaaahhh!,anger,worry
1963319054,@awaisnaseer Cover the tomm. event baby! Id like a live blogging on it,enthusiasm,neutral
1752124327,@edwardharran agree completely. it's all about attitude &amp; chutzpah,surprise,neutral
1694494965,@rosehwang Always welcome sweetie! *HUGS*,love,love
1961657142,"@theOlsens Aww, that's sad.  I miss seeing you guys on the big screen.",neutral,love
1957292590,@OXtravaganza and I was just gonna ask you if you wanted to go to CLUB Hidden House on sat night. hehe.,fun,neutral
1957201670,I miss the old healthy me and I am loosing faith that I ever will be again,worry,worry
1753679205,Remmber time crisis ? Try it on the #iPhone,worry,worry
1963543397,Its so dead,neutral,sadness
1965097888,"@TheMikeKelly Sorry Mike, was assuming it was music that was missing..I don't know then.. a mystery..",sadness,worry
1751288387,it's Mothers Day today,surprise,love
1753094734,Oh Mother - Christina Aguilera. Happy Mothers' Day to all the mamas!  ilovemymommy! &lt;3,love,love
1957425437,home form school...its a long weekend  most ppl would be happy but im not...im still mad and sad about him,worry,worry
1753348836,I can has cheeseburger,neutral,happiness
1752225335,"tiiiiiiired! Going to bed! Drinking leads to making out with boys, who you later forget their names.... Don't drink kids. Goodnight",happiness,neutral
1752416233,@JohnLloydTaylor I love my mom tooo,surprise,love
1963610822,#bgt not the best song for her,neutral,love
1695374865,Came home early from school to catch up on my lack of sleep. Thanks @thebamboozle,relief,neutral
1961505615,The portuguese national library could use it also. Right now they seem to be stuck somewhere circa 1995. Example http://u.nu/7y68,neutral,neutral
1962970496,Still not feeling well,sadness,worry
1966300926,Feeling like Romeo and Juliet with Bryant and Wallinwood as the Montagues and Capulets...   #fb,happiness,neutral
1957272756,@mvermut translation = complicated sh-t that someone is going to have to teach me,neutral,worry
1752847858,"Watched Adaptation, Interiors, and The Women (1939). All in all, good movie night. Breakfast with dad and kelley in the morning",happiness,neutral
1752158127,Justin is too funny on SNL... Ciara finna perform,love,happiness
1957601055,@moneymakn1 Thats actually not that fun as you would think... I was hurting for a week after a similar experience.,happiness,worry
1960147599,Today just fucking sucks for me!!,worry,hate
1963038130,FML not having a car is prohibiting finding a job,hate,worry
1965993780,Xfiles disc doesn't work.. Rippin,sadness,sadness
1962382934,woke up to boxes to the ceiling and now he can't find his yerba mate or coffee beans.,worry,neutral
1962846283,"Just sneezed three times in quick succession. But three is not four, so no record.",neutral,worry
1753139045,"first day on new job,, bought a new clothes already and it was 40% off for employee discount!",happiness,neutral
1964251100,in San Jose.   having good time w/ bros.  Also helped dad edit next  Holy Land brochure. wish I could go!,neutral,neutral
1958070022,wished didnt spend money last night,sadness,sadness
1694512380,Joining twitter! Just added a random person,happiness,neutral
1694568896,@forrrrrrrrrrest http://twitpic.com/4jazs - Congratulations! You two are adorable. Beautiful ring too!,worry,happiness
1960386429,"I've got a bit of neckache after going hard (not going home) at Alternative night. I mean I have to, it's nearly all over",happiness,worry
1963863054,shack idol today(: can't wait. it's gonna be funnn poor cameron. he fell ON A BAR in speech today. i felt so bad for him,worry,worry
1753632526,awake and ready to learn a little more,enthusiasm,neutral
1965373415,@casablancadonna Glad TS brought it! Sorry about ur foot shorty...ur gonna have to relax wit the heels,worry,worry
1753584606,YES. and then they should in non test conditions!,worry,neutral
1963367575,turning in.  it's been a loooong day.  just got my new US edition Esquire so going to fantasize that I could one day look like Megan Fox.,love,happiness
1695618416,@Storagezilla and the grease drip pan doubles as a butter dish (in a pinch),neutral,neutral
1751641817,umm i failed 3 classes - mom's beating my ass in school on monday . RIP Nira .  &quot; yayyy &quot; (the &quot;yay&quot; was a sense of sarcasm) -___-,worry,worry
1961963142,"hurt my left knee somehow last night, hurts to walk",worry,worry
1751501493,@JusticeJuice  That's alright. Add your egg and maybe some sort of leftover meat and it's not so bad &lt;3,neutral,worry
1750999091,Happy Mother's Day to all the Mums,love,love
1965987495,@verwon nice .. I can't ever get that from my ex!,worry,happiness
1965070014,Sitting in on a Friday Night Bored,empty,neutral
1965429221,@monkeymad2 nooooooo!! not the receipt!!  don't break my heart,sadness,worry
1958134444,I have too much homework to do today,worry,neutral
1751359875,@jtimberlake wweeeeooo! snl soon,fun,happiness
1957516437,"Morning twitties! Heading to college, just back from the docs, god I'm hungry  streching my ears again today! 10mm ;) payday I love you!",happiness,happiness
1753804027,happy mom's day,love,happiness
1696087176,"@JasonSobel Since part of your job is predicting what will happen on the golf course, what are you going to shoot?",neutral,neutral
1753178417,"ending my evening on the best note.  i will love you forever, tweets.",love,love
1964627232,@TheCre8ive  Glad you're ok!,neutral,relief
1958100100,@ilicco I don't have an invite  i might try Mr P Bale for an invite,neutral,neutral
1957549337,All of you can have fun tweeting all day while im cleaning hair  LOL,love,happiness
1753073650,@AnnaMariaPdT Hey!  Who are you closest to among all the Disney stars?  [I'm a Filipno too. D],neutral,neutral
1965536596,bed rest for all weekend and next week  neomonia suck,sadness,neutral
1753696593,That's cause you are old mate hehe,neutral,neutral
1961741993,@cwpicketandco It's pretty warm out now! I forgot K was sick though.,love,worry
1962065447,@emclev yeah I can imagine!  Not nice   How much longer is your shift?,neutral,neutral
1963309523,"@sthig, you make baby jeebus cry",worry,love
1964617614,@ItsIan ohhh your soo lucky it is nice out. Here it is rainy and humid.,enthusiasm,happiness
1961486491,@lets_eat_out,worry,neutral
1963974712,my stomach is bleh!,worry,worry
1753138605,"@chaosd1 I love you, baby",love,love
1963154423,@ericcanaday is a no show for lunch. Eating solo at noodles,sadness,neutral
1695280237,@AreonLee Then you should check out http://twittersucks.com and connect with other tweeple who hate twitter,neutral,neutral
1695653918,"@mangamaniac  The Wilshire.  (it is where I stayed last year, too",neutral,sadness
1961434882,....... and I never got to see it on print,neutral,neutral
1752645825,@zendoc pretty soon gonna have to unfollow myself from @tweet_words to cut the quickly growing &quot;habit&quot; ... but I do love the challenge!,love,worry
1694928130,is taking the dog to the vet then a play date with Annabelle,worry,neutral
1957112696,@charlieboy808 thanks for the rt and sorry about your new place with the domestics,relief,neutral
1966056478,Trying to go to sleep but no luck  I think i'm sick... =S,worry,worry
1962913751,@brandystrippers Oh No! Oprah jumped in front again,neutral,happiness
1694905214,In hysterics at Yaas' email &lt;3 Am writing a speech for Speakers' and doing Food Technology...damn it's good to be off school on a Monday,worry,neutral
1962299876,been shoppin all day and got a headache (which i still have) i got 1 boyfriend style shirt and didnt find a new bracelet 2 wear,worry,neutral
1961035377,@sarahchambers19 Ooo you is back!  Good time? and argh! It hurtssssssssssssssssssssssssssssssssss!  Xx Hate headaches!,hate,love
1753710920,@KimmiMcFly i think it starts at  7.30 with that david archuleta  i might just throw glitter all over myself aha xx,happiness,neutral
1962690558,Cell is dying.hafta plug it up every night now.,worry,neutral
1963169728,last real seventh hour,relief,sadness
1752942987,"@skinnylatte many! mine included. ahem. shld have known better back then, wldn't have missed so many opportunities haha",surprise,worry
1695545833,Talk at you all lates!,empty,neutral
1753775873,going to program now  haven't programmed for a long time now,fun,neutral
1961291543,is still craving for a cheeseburger.,neutral,neutral
1957266295,i lost mx way,worry,sadness
1964218496,I always want to be perfect. Thatï¿½s so hard cause I even know that itï¿½s impossible. ...,hate,worry
1963744190,Checking out Twitter Trying to find people I know....Unfortunately no one I know uses this website,worry,neutral
1693974670,endless streams of tea~~~~... it's a holiday day here... how do I know? it's raining,surprise,worry
1694401138,@Irish1974 Its Bank Holiday here so day off,happiness,happiness
1752593015,"@JonathanRKnight Aw..see that, right there is why we all ? you Jon!  Give your mamma a hug tomorrow! Much love ~ Jamie",love,love
1961577683,"ebay should just die! after not using my account for 4 years, i cant unlock it. and their support is dead, aka: auto-hello-scripts",hate,neutral
1966273937,@LOPchelle @marchie1 in chicago until 8:20  ...just landed xoxo,neutral,happiness
1957103680,"@vocabularies i know, don't tell anyone  i dont know if my dad told the famz yet. i think i'm taking it online.",worry,worry
1961475719,"#3wordsaftersex  Ow, rug burns",worry,worry
1962715029,@BiffBarker Ohhhhh how I miss the Brunch,sadness,sadness
1695618280,"New pic.... Twitter is finally letting me change my pic.  For those that missed it, Fannish Inquisition is now @Fannish please follow",worry,neutral
1960467838,"@capitaln Um...no  We will most likely be inside a lot, maybe the skirt will work!",enthusiasm,neutral
1751323173,"It is so warm out this evening!  And I just met my new neighbors, they're so nice.",happiness,neutral
1753584459,goodnight!,neutral,neutral
1957577809,it says not in stock,neutral,worry
1752087707,"Multiply's getting boring :| I wish Reichelle has twitter. @isaofoz, convince recruit herr, will ya?",fun,worry
1753415569,COTTIN WITH EMILYYYYYYYY,neutral,happiness
1965295758,Trying to install a vodafone internet key an an eeepc. I remember once it worked out of the box. But today it doesn't want to work,sadness,neutral
1963127832,had to turn down the near perfect mini break,neutral,worry
1753680257,Njoying sunday @netrockers plce and learning abt more in joomla,worry,neutral
1960540951,"Oh, my God..... The end of the first course))) don't believe in it) but, yeh, so many exams  La-la-la// everything is wonderful!!!!!!!!!!",relief,worry
1963363523,@CrypticIrnAngel Sad  nothing.,sadness,sadness
1751143511,@konghee Have a good time with Sun &amp; Dayan there at NY!,happiness,happiness
1694237975,tired tired tired ! Freefest today,neutral,sadness
1961125306,Cran-Grape for lunch,neutral,neutral
1694438427,I'm tired from walking my dog hmm maybe a quick snooze,neutral,worry
1961653756,@Kel_Kel_17 ehh carnt stand hot weather,worry,hate
1694221146,@angryfeet Ooh that is good... will wait a little bit to see how the money/job situation goes but thanks for that,relief,worry
1961036974,sad day*Lakers please make me happy with a W,worry,worry
1957678919,@gulpanag unfortunately I choose sleep over gym almost everyday  trying to get over it!,worry,worry
1960197782,@memow what did you think of the finale?  I thought it was kind of a cheap way out,boredom,worry
1694646200,"@limburger2001 Yes, sir!   See here http://is.gd/wz2K",neutral,happiness
1961453796,I have to start eating healthy,neutral,neutral
1957469109,going down the post office to try and sort this whole ebay hacker thing,sadness,neutral
1695693950,'You Are What U Eat' isn't EXACTLY true.. 'You Are What U Digest' TodayISaProsperous &amp;Productive Day! ThankUJesus!  BeYEBlessed! hee hee,neutral,surprise
1694014782,"time to relieve stress at the gym!! Someone should write speeches, take exams and do research for me",neutral,worry
1694110764,nice weather today in Alex,happiness,happiness
1964849890,Using a temporary mouse since my trackball is breaking down. I can feel the RSI crawling up my wrist already  .,hate,worry
1960757474,@sirpopey I'm not part of that generation unfortunately.  This is really good though,neutral,worry
1751574361,"@theWaif I was wondering about your sanity for a bit there, dear",worry,worry
1753757259,@richa_august84 I think Chrony meant an ape called TR Rajendran. Not Russell Peters.,neutral,neutral
1966304727,just got outta work.  ....... Frankie's house.,neutral,worry
1963219839,"Sitting in an almost empty dorm, waiting for jordan to come to take some last things and say good bye. He graduates tomorrow.",sadness,worry
1962112295,"Going to an engagement party tommorrow night - it should be mine, but its NOT!  Stepping off the soapbox.",sadness,neutral
1961365526,Had to take my bad ass dog to the pet hotel....so sad,worry,sadness
1694421800,"@A_warwounds_C I feel ya pain, I've got myself a nasty cold too. Get better soon",worry,worry
1753568229,#f1 in a few hours guess who is sleepin in the living room,neutral,neutral
1752918644,@alyxandracouch what was itt!?,surprise,surprise
1965419077,@BOYWALT409 actually tear induced,neutral,worry
1753292184,Day dreaming of Fuzzball and SNL  http://fuzz-ball.com/twitter,fun,happiness
1694292207,@runsenorun that frenchfry-corndog looks so delish! I WANT!!  Welcome back to Seattle!,enthusiasm,happiness
1965898005,new favorite group has to be J*Davey Hi&amp;Low is my shit. why don't the really flygroups come to Miami hell Florida? And no Rock The Bells,happiness,neutral
1696045550,@nickdaigle too short as usual...  but was awesome,fun,happiness
1961475840,i would like some macaroni and cheese please....no?,empty,neutral
1751502191,"@lunaliu  You are such a positive thinker, I am for sure keeping you around!",happiness,neutral
1694107847,@jonorossi in between,neutral,worry
1694090164,But on the bright side...no school,relief,neutral
1961190858,It's 82 degrees and gorgeous out.. And I'm stuck in the library because I have a midterm in 2 hours.. so lame!!,worry,neutral
1966218209,epic fail with the chocolate fountain that got CLOGGED,sadness,worry
1753804741,Sunglasses whores   http://twitpic.com/4wtzj,hate,hate
1962138498,"hillsong tom. night, and dad's birthday! i wish i could see him on his bday though.",sadness,love
1694052566,"LOL! Made a huge mess of my school shirt, was using charcoal sticks in 2D art",worry,neutral
1966412179,just took my shirt off and my back is COVERED in blisters  http://bit.ly/vUiXG,worry,worry
1964808062,@kristenyt  that's why I need to be there...To represent the Blackberries,enthusiasm,neutral
1957660486,SAD day! love you Maï¿½ (8 years ago!) miss you so much!!!!,love,love
1957568998,@Pyroezra i know hella  i wish i could be how my mom was and just move across the usa!,neutral,worry
1960470367,Damnation. I just woke up.,surprise,worry
1966428579,screw it lemme click on a ticket. preetttty sure i can make it. might not make it for vermillion lies opening tho,relief,neutral
1752157060,"@ReBeLR My day was cool, a lil twisted...  I won't spam twitter like I did last week tho.",neutral,worry
1965440946,"Bah DHCP server, why must you keep falling on your face",worry,neutral
1751287669,chillen trying to figure this thing out gettin drunk,neutral,worry
1961369742,favorite shirt ruined:death by bleach  #fb,sadness,neutral
1751503830,@Strabismus You are too kind! I swear I'm always feeding someone!,relief,neutral
1753274705,words to live by  ? http://blip.fm/~5z3ij,worry,neutral
1694744808,@MissxMarisa haha!! someone with an axe just popped up at you Scenie!! what did you do???,surprise,neutral
1694813800,@miraaaaa hahaha. you should eat then!,happiness,neutral
1965254930,so tired.   only need to be here another 30 minutes.,sadness,neutral
1695728240,"Beer, Smoki and Lucky Strike...good times, good times   At work...drawing stuff",happiness,happiness
1694769065,@JennaFBN Yay I love it when you host Money For Breakfast Jenna Lee  4hrs of you the amazing and so pretty and sexy Jenna Lee yay.,love,love
1753632881,@itslauraaa Yeah i like it,fun,neutral
1753399576,@kaleidoscopeFTW But he got to do it with Effy!,worry,worry
1960811552,"Plane tickets to UK and everywhere to Europe are BEYOND cheap (for June-Oct!!), but there's NO gig in the near future announced yet",neutral,worry
1962714445,spending most of the weekend working.. that doesn't even sound fun,sadness,neutral
1753253011,Good morning to another too late sleeper @DesignsbyValeri.  One of my excellent designers is Valerie (see @BooneWallbeds) picture,fun,neutral
1693957402,I cannot wait to go to FLORIDA!!,fun,worry
1965216405,"@clio_jlh LOL That's a special kind of magic, though! ;)  And did you see the special on Discovery?  They think Nessie died.",happiness,happiness
1752256208,"Talking to my good friend Neika on myspace... I used to be friends with her, then hated her, and now am great friends with her again!!",love,happiness
1964839687,"has to be in cockermouth for 8:45 tomorrow morning, jesus christ i want sleep",worry,worry
1963277008,I just ate some burgers from Jack In The Box and im not sure if I want to continue eating burgers,hate,neutral
1694384098,@work again thanks to my dear neighboor who also gave me coffee when I needed it. She is the best,happiness,neutral
1964830593,"@mops_beyond I told you people in indiana were batshit. I lived there, after all. I feel like I escaped from that Orwell book everyday...",relief,worry
1694929441,Shared Kim Hï¿½ltermand - Portfolio: Shared by Kaare Finally a dane  IÂ´ve got the honor to do the amazing.. http://tinyurl.com/coypsl,neutral,happiness
1962711781,OH NO! MY FAN BROKE  NOOOOOOOOOOOO! great now i have to swelter in the heat. i like heat-ish but it hot! my laptop warm as well.,worry,worry
1958114034,ooooh.... I have a headache.  Got to go to work now,worry,neutral
1694814334,"Baq to sleep i go  no the headach starts , if its not 1 its da other",love,neutral
1696178900,high &amp; dry goin to have an ice cream now with my best friend.,fun,happiness
1695692069,@klm I knew that. I attended an innovation seminar at Picnic 2007.,empty,happiness
1961525216,getting my hair cut todayyyy! i'm nerrrvous,worry,worry
1694492660,@NiaBassett oh that's Star Trek  going on the 7th already. Woo!,neutral,happiness
1966327986,@bgoldy and sitting in traffic trying to escape campus is feeling just as hellish,sadness,worry
1962306413,I forgot to charge my cell last night and now it's dead,worry,worry
1964765802,@shivface oh my god im sooooooooo sick  help me,worry,worry
1964368780,"Hmm, had first pizza in ages and feel a bit sick now  That'll teach me!",worry,worry
1696217808,"If you carry your childhood with you,  you never become old..A. Sutzkever",worry,neutral
1961000803,@trvsbrkr it's not working here,hate,neutral
1694530235,@scaree  I hope today just flows through and lots of nice things happen at work so you come home happy,relief,neutral
1964591435,"Cupcakes, creme brulee, tiramisu~ I want some sugar",love,neutral
1753632291,"@NiftyKnits I was saying the same thing yesterday! So I droped 120 tweets! No the smarted thing bussiness wise, but can find real people!",neutral,worry
1753551179,@sweethoneyguy awww THANK YOU!  you are a great guy too  how's ur weekend been so far?  hugs xxx,relief,love
1752821789,"Happy Mother's Day! --  http://bit.ly/LRSnG  Mother Lover - J-Tim &amp; Andy Samberg video, hilarious",love,love
1965941717,"... And, I was the only person who stood up for them. The world is full if spineless cunts. This makes me sad",sadness,worry
1957451066,@MrDix ugly. What programmes do you have open?,worry,neutral
1693977357,@Tittch Just file me under *seduced* sweetie...,neutral,neutral
1753176676,"@SheriRocks Aww   I know, we used to chat but you became too cool for me ;)",neutral,happiness
1695222337,went twitter crazy! last nigh :p well thats what happens when u got nothin ta do at 2 o'clock in da mornin,neutral,neutral
1694200988,ready for a new week,neutral,happiness
1695279967,is at her nan's house eating fish and chips and watching Top Gear. Good times.,neutral,neutral
1752723843,@shaevvv,neutral,neutral
1960577964,I really need to lose weight. Anybody wanna be my exercise-buddy?,worry,worry
1753500035,"Yesterday was AWESOME ! Sunny day, best friends, good food &amp; tons of fun - what more could you ask for ?",happiness,happiness
1966239946,At an 80''S retro prom wishing HE was here to dance with!  I'm gonna miss his great dancing 2nite  but still having a blast &amp; a few drinks,sadness,happiness
1957650618,@wizofozgurl I think I'm going to be the only lame person to cry for Jay's last episode...lol... I wish I were able to go,worry,worry
1695768329,ok gotta get my sub before everyone wakes up,neutral,worry
1753237541,be back later!  HAPPY MOTHER'S DAY TO ALL THE MOTHERS IN THE WORLD! ï¿½ GOD LOVES US ALL!,enthusiasm,love
1965977856,@selenagomez don't leave us,worry,sadness
1964629068,did crossfit running today...agitated my right leg,sadness,worry
1960377015,Finally finished exams &amp; home not watch Otalia &amp; the PBP on BPD - no Otalia today  hmm! via http://twib.es/COP,sadness,neutral
1752823109,"Limo Rides into the City for Dinner, Cruises on the Harbour, Makeovers &amp; Foot/Back Massages *yay* .. hope the fellas can get some of that",happiness,neutral
1752385217,"Eh, I've had better. I'm excited to see ryan hurley tomorrow",neutral,happiness
1753902379,cook ; do you wanna measure my dick? its daddy-size.,neutral,neutral
1964561850,"Have to wait till Friday to pick up my Visa for China- not as expedited as I would have hoped, but at it's done   #geeksonaplane",relief,worry
1751572387,Okay now that i will not be able to sleep tonight what should we do,worry,neutral
1694928961,"Baby baby, it's gonna be all right when I'm by your side and the whole world turns against you... I ? it when my Ipod randoms BSB songs",worry,neutral
1963481349,"@stephanie_hall no  i was gutted when he wasn't. lmao. i think i'm obsessed with him, bahaha.",happiness,worry
1964597612,@Coffee_Brown theres a holy version of hell? lol...i cant stop. i need for it to be a trending topic!  be nice (*whispering #redmango)lol,love,neutral
1957043241,I dont feel good AT ALL. fuckkk,sadness,worry
1964320552,Sick at home and so bored  I want to get better already so I can enjoy being a college grad!,sadness,worry
1957504449,@GGSerena boo you didnt answer my text,hate,neutral
1961864167,Im only failing 1 class.... Algebra 2 damn it that shit is hard!,worry,worry
1962176400,"@SPACASSO Hey, Maria! I'm so sorry!  I think I accidentally disconnected you.     Thank you SO much for trying. Headed to your site soon.",worry,worry
1694768796,School -.- I'm arrange for the design of the blog to a friend! I think it's looks good  http://xoxoeternity.blogg.no/,happiness,neutral
1753401917,"@Health4UandPets Hi Lisa, you have the most BEAUTIFUL pups! HAPPY MOTHERS DAY!2 Raven, Rio&amp; Thors WONDERFUR mama!!  *kittykisses*",love,love
1957403824,@yukihoang and of course it happens on the day I got a carwash.,worry,neutral
1957000290,"I cant sleep, but im too sore to move",worry,worry
1957170358,says good (or should i say bad?) afternoon!  http://plurk.com/p/wxpdj,neutral,neutral
1694181418,http://twitpic.com/4ja4b - me &amp; raj SQUAD UP! @targetsquad,empty,neutral
1696088865,"@cosita Morning! If I get to see it, I'll let you know. Right now, I'm going to go see Wolverine.",neutral,neutral
1695691827,"@gfalcone601 Salt &amp; Vinegar, dont smell as bad afterward haha!",neutral,worry
1694088973,@honey_buns awesome! thank you,surprise,love
1752053792,"@alekandsteph thanks for adding me, glad to have you",surprise,happiness
1695477766,@eric_andersen thank you Eric!  glad u appreciate that!,happiness,love
1695580996,@jjujuu yeah i did,neutral,worry
1962063225,"@MetromixOrlando ok cause the one  S orange is still open. Whew, you just scared me. Sorry the one by you closed",surprise,worry
1695582656,@andysowards andy!! It's great this am. About to wall over to the first day of An Event Apart! So exciiiiiiiting.  How r u mate?,happiness,happiness
1694240395,"Vote Goal 10, help me win goal of the month  http://tinyurl.com/dlrcqk",neutral,neutral
1964122474,put a pot of eggs on the stove to boil..and forgot about them..then remembered them 45 min later! wonder if they'll still b good,worry,neutral
1753115264,"Bye. Tekzilla, then revision.",worry,neutral
1694928294,@Jonasbrothers awwwwweeee nick,neutral,love
1962476801,"feeling sorry for Ian. He broke up with his gf, i feel reali sad cos he feels down!  wish i can give him a huge hug right now",worry,worry
1963346761,"@ronskea Gleneagles then champagne receptions....can't beat it! I'm in alone, my tea was rubbish and Ive been doing housework",neutral,neutral
1694311030,In a Drill Sergeant's voice: everybody wake the fuck UP!!! *flicks on everyone's lights* it's 500 est rise and shine beetches!! Lol JK,fun,neutral
1965475655,Waaaaaaaa they kicked us out of the bank. Getting it until monday  OMG Chilito,sadness,worry
1694494408,Just got home from school. Doing assignments.,neutral,neutral
1964951081,Anyway. Can't take this shit no longer. Or my mind will blow off.,worry,worry
1964689065,Rainy day in Philly  looks like it's gonna be a movie night.,sadness,happiness
1752051832,just watched yes man. bahaha. that movie is messed up,happiness,neutral
1694091510,working on short story...totally loving one of my secondary characters,love,love
1753138719,...WITH PENNEY! thank you for letting me in at 11 at night,relief,neutral
1753853198,@ClaytonMorris Thank You Clayton. Going to my favorite Greek Resturant after church for mom's Day!!!!  Loved you on Huckabee,love,happiness
1693978976,its my bday!!! I'm gettin older!,relief,worry
1965373635,@ClaudeKelly What day is it? What's #FF? I'm worst than you,surprise,worry
1964119839,Why is it hot in herrrre all of a sudden?,worry,neutral
1695962716,Goooooooood Mornin Tweeps! It's going to be an Awesome Monday - I can already tell... not even 8am and my inbox is clean,surprise,worry
1753349370,Morning all. Up and about and about to wash the car. Remind me; Why did I choose white again??  http://bit.ly/Y92Mb,sadness,neutral
1960758721,@yoitsbooty ) NICE. I want it. I'll get the pirated. ) I MISS YOU,fun,worry
1965442886,@karleigh and @katiesantry there is no top 40 radio station in fresno!,neutral,neutral
1695409944,@piginthepoke sounds like a plan,neutral,neutral
1752088666,Goodnight,neutral,neutral
1753367308,@johncmayer or lester....pitcher for the red sox,worry,neutral
1962701076,"For some dumb reason my dresser is sticky on top. And for another reason, a family history book got attached to it  Now the back is jacked",hate,neutral
1753663731,just had the most emo moment too many tears love my family and sorors,sadness,sadness
1960999015,@ameeface  What's wrong with her?,worry,worry
1695766339,You know who helps me almost everyday?  @gilv,love,neutral
1695803185,@davechapman A new baby? How exciting  Congrats in advance,happiness,happiness
1753820936,@Robert_Houdin blind faith. Thats a crack-up,neutral,hate
1957398720,Hitting the docks soon.,neutral,hate
1963044742,Twitter is slowing me down today.,worry,neutral
1696044663,"@emmaemelie haha thanx.. now, twitter is a lot more public at YBC than i presumed",fun,worry
1752053783,Heading downtown! Drinks and dancing!!,happiness,fun
1751851434,@elissa_10807 I'm watching the 4th harry potter movieee,neutral,neutral
1961832611,on no bsg might just have made me cry,neutral,worry
1695281479,"@nuttychris Greatings from planet shannan, we have laded once again on your lanet &amp; hopefull we come in peace =/ Hmm...Haiaa",fun,happiness
1696086576,@maenad_au see i never got kyile.. not then not now ... see I must have some taste,hate,worry
1694258386,Someone in UNITED STATES liked Eleminis http://tinyurl.com/dhlq5t,neutral,love
1964805455,Can't stop coughing,worry,worry
1694457959,@fruityalexia what did you decide on for din-dins?,neutral,neutral
1965435710,"Two months ago, I became irrelevant.",sadness,worry
1694857363,"@bmthofficial  good as, cya in melbourne",fun,happiness
1752942907,Making a milo,neutral,neutral
1965946073,My birthday is on Wednesday. I'm too young to feel this old.,worry,worry
1960456096,Me + court =,neutral,neutral
1960320160,back to br,neutral,neutral
1695476268,@AliNichole0619 I am thinking about reading that too! She is talking about it on the View too! Not that you miss it often,neutral,worry
1965688043,"@mellalicious I have to call stevie to reschedule!!  I won a competition yesterday to the launch of sims 3 at Luna park, same day at 6pm",happiness,neutral
1960448597,Anyone ever had that heavy feeling of sadness in their hearts? Thats my case rite now.,sadness,worry
1963233938,@LiverpoolMich funny you should mention that. I have a full unopened jar of nesscafï¿½ on my cupboard. But no milk,neutral,worry
1965403946,I need a blackberry,neutral,worry
1695768712,@pperiklis because i stopped today :S wish me luck.....  (had to overload first),worry,sadness
1695081068,Morning!! how is everyone,neutral,neutral
1752918469,@rjramos very cool,happiness,happiness
1693997992,@carlosefonseca I can give you the contact of the person who makes those cheesecakes!,neutral,neutral
1963227233,Just got Dailybooth and not sure what to do. It's confusing!,worry,worry
1965372531,playing singstar without my fave duetter,worry,love
1966058461,Sometimes black girls just piss me off like a mother fucker!,hate,worry
1964331624,Gees can this week get anymore horrible....now i cant go to spain,worry,worry
1752723992,@cindyasuen - JT on SNL tonight.,neutral,neutral
1751250599,Ahhhhh now If You Go Away  by @nkotb is on @retrorewind YAY my other fav song of theirs,happiness,neutral
1694589111,grinning like a Cheshire cat.... ....happy as hell. they made my day  ??,neutral,happiness
1965737496,My head hurts,sadness,sadness
1965291864,3 day weekend and all I can think of is work waiting to ambush me on Tuesday!   Damn you work!!!,surprise,worry
1961619276,"I am up, and having to deal with another rainy day  What the hell happened to summer, its so freakin cold!",hate,worry
1962403796,@mommypages I wish our @COSICols didn't close,worry,worry
1694905898,Good Morning! - Court - Crossfit - Bible Study - Someone very special's house  http://tinyurl.com/cjs668,relief,neutral
1964544908,@Amanduuhhh Omg same here! They hurt so much,sadness,worry
1751920213,Ready to chill on the couch and watch a movie,worry,neutral
1751681434,@debtguide Cool Guide.. My best Tip.. Do NOT Use Them Unless Absolutely Needed !!!,worry,worry
1696216980,@Jonasbrothers i can't wait! its most definately going to be amazing.  &lt;3 michelle,happiness,worry
1966419547,U know I didn't care for that wolverine movie and I'm a xmen fanatic. That joint sucked to me.,hate,worry
1963935825,"@krithin btw, short notice I know, but we're RSVPing no for your party- thanks so much for the invitation, though!  I'm out for 2nite too",neutral,worry
1960256999,@Rainbowcentre No  sadly its not  bit disappointed will try again later see if i change my mind,sadness,worry
1963370225,@arian_marie hey girl i'm sorry about your loss. best wishes,love,worry
1961174539,"I've got sunburnt knees... it's funny now, but I bet they'll sting later   Had a fab day though  x",fun,worry
1956995762,Allergies suck ducks nuts.     &lt;=====8@8=====&gt;,sadness,hate
1957331850,@Radio702 Tshwane wants double rates but try and phone to get service - endless loop #fail,worry,worry
1694955204,Facebook Group: World Leaders  http://www.theatlantic.com/a/facebookhumor.mhtml,neutral,neutral
1966110303,"Almost made it out of the Apple Store with my MBP, but they didn't have the replacement fan in-stock.",neutral,neutral
1752772647,@SassyPQ soo like when this shows up on your wall....go to the right side of the post and a reply will show up  TwEeT,neutral,neutral
1753839346,@Mariment @macangel @VisionaryEyes Thanks so much!,love,happiness
1695767508,@beetee Love that book! My VW I'm about to turn in is named Scout.,love,love
1753727830,"hmmm dollhouse sounds pretty good, http://bit.ly/z3aZv  i think ima download it and try watching it",fun,neutral
1695444037,so most kids love my dark hair some say that I dye it too much and they never know what color its going to be  yea me hahahahaha,fun,worry
1751142181,I am officially a kindergarten cop,happiness,sadness
1957459568,"Gone r the days wen we used to sit 4 exams.. no more exams, no more classes, no more bunking n no more fun..",worry,neutral
1753501199,This is a status update to twitter from ICE  Timestamp: Sun May 10 10:57:44 CEST 2009,empty,neutral
1964596346,oh my god!!! i cried so much!!! watch this guys from BGT  http://bit.ly/5t5Xz,sadness,sadness
1963483174,There is nothing for me to do here @ wk i should just go home... Or i can go look at bathing suits  bah humbug lol,empty,neutral
1695964094,"@Principled I'm grateful that my kids also don't like them, lol.  Textbooks are a tool, not the sole means of education",relief,worry
1753135100,@gatorayd I sawn it three times,neutral,neutral
1751750587,@moonfrye I thought I was the only one with the tags on the outside of my shirt,relief,worry
1962897758,not sure where the real state market is moving  confused either hold or go ahead with the plans?,sadness,worry
1964215219,@msmiya127 did your car get towed? Thats what happened to redgie's car last time he went there  another reason why i don't like splashtown,hate,worry
1957474522,Memphis just can't catch a break these days. My poor Tigers,worry,worry
1963374129,@hollie__ Thanks. It's SO annoying!,love,sadness
1752845779,@NathanFillion Where DO you get all those wonderful toys?,surprise,love
1694110597,went to eastgardens and saw a lot of hillsong pastors there Now im going to Nicks for dinner. Cant wait to talk to you soon @sherrymacs,happiness,worry
1957593508,"http://is.gd/IQ03 Microsoft has released Zune also in Europe, no HD for us",neutral,neutral
1964159582,@Timothy_Carroll i want a marty mcflyy t-shirt.,neutral,neutral
1964293213,@dressjunkie oh no!! don't be horrible  lol no but she was a better singer even if she didn't cry... don't u think? she made me cry haha!,happiness,worry
1963043496,@dougiemcfly join the club dougie i have a cold too  x,worry,sadness
1965390275,seriously why did mum make me eat yeah i have a weird eating habit of not eating all day but really,anger,worry
1961043129,@LambdaCalculus: How was the HN meetup? I thought about going but decided to bail at the last second,neutral,worry
1695279489,"@ikostar well, if Twitter was $1 a year, I think it'd be a lot easier to monetize than at $30  Less need for differentiated pay/nopay.",happiness,neutral
1751465158,@SalioElSol08 Haha most def ^__^ Rob a bank with me so i could get all the swedish fishes in the world,worry,neutral
1694181581,@wolf_gregor Great avatar,enthusiasm,happiness
1752699222,@jasonmitchener Yes sir...I just acquired a Master of Arts in Christian Ministry-a loooooong journey completed today...so thankful!,happiness,neutral
1965842296,my puppy is sick,sadness,worry
1965910871,my sister just ripped my heart outta myy fukkn chest.  im super hurt right now. she's all i ever needed in this life.,surprise,worry
1960455495,"is HOT. Just done some late spring cleaning! About to settle down with a book i can barely read, left my glasses at my mums",relief,worry
1752225978,"@marcelatanaka You are welcome, xuxu",worry,neutral
1961002981,"@JaredDouglas i'm still awake, coulnd't go back to sleep",worry,neutral
1694793028,@Sophhs &amp; i are lucas till &amp; david henrie lovers. both boys are very cute  but @Sophhs you can have lucas &amp; ill have henrie  DEAL,love,love
1695474823,@XarkGirl pooof .nirvana. Did that work?  http://myloc.me/tDl,neutral,worry
1695475595,Hey @robluketic wow cheers for the insight ppl  looks FUN oh im just stunned..it's AWEOMSE!!!   (robluketic live &gt; http://ustre.am/2w5v),happiness,happiness
1751212512,@ijustine ... like you're stuff!  Strange voicemails! http://bit.ly/yKxms,surprise,worry
1696085764,found rollo! and got happy  hmmm.. guess i really do need to be inserted back into the matrix 0_o,happiness,worry
1960666137,I AM SUCH A CREEPER  I feel disappointed because of it. Damn my cyberstalking skills   the internet = no more privacy.,sadness,worry
1752089552,At the wedding reception. Having more fun than I thought,worry,happiness
1961871203,@jonhatesyou aw my dear i'm sorry,worry,worry
1751818343,diiinner  its sooo cold right here D:,worry,sadness
1960510606,@Dojie oooh lush. i cant sunbathe i burn way to easily even with sun cream  @sofisticat im great thanks lovely sunny day no?,empty,happiness
1964299328,Laina has her recital tonight. Not going but going to the second one tomorrow. Home all alone,neutral,worry
1752160677,@tayl0rmichael i know. But you messed up silly,hate,worry
1964723834,@misskristelle Love to but can't swing the 11 am  I would more than likely do an evening tweetup in the future!,neutral,neutral
1962740076,"http://bit.ly/253ce  :: I got bit in the face by a doberman when I was four years old, I just wanted a kiss   My neighbor had about 13 ...",sadness,worry
1752053331,@cjusk im excited for those pics  send me urs w/ him too  i &lt;3 photoshop lol,hate,happiness
1957325431,i got no followers i only have like 2  someone follow Me please?,neutral,neutral
1957261950,@tiataquito you stop it,sadness,neutral
1753727577,@BurT_E  It's an honour being your friend!!!! http://bit.ly/LhgZ2,love,neutral
1753617188,Happy mothers day to all u milfs out there.,happiness,love
1957153898,ohh shit i just realized she still not talking to me  it b like dat some times..,worry,worry
1962029586,@rayrayyyyy &quot;now or never&quot; makes me cry everytime  lol.,happiness,worry
1960591078,@DoperahStyles chillin promoting muzik...not eating  lmaao,happiness,happiness
1960579271,@iamchrisc pleeease reply !,worry,neutral
1957496061,10 days to recover from ligament damage (from now) will give me about 3 days to train for the 5k,neutral,worry
1694529577,On the way to sthlm - it will maybe be a movie   // cool http://gykd.net,relief,neutral
1966290287,Spoke about culture to some of our Rackers over at the Castle. Now time for some awesome Mexican food. No drinking--antibiotics.,neutral,happiness
1965592721,Ouch...waited to long to get eyebrows waxed,worry,happiness
1957452660,also i hit my chin on something when i fell down and it hurts  ugh... work is gonna suck,sadness,worry
1961877784,Well done doing blood work..its hot out again,surprise,neutral
1753710843,"Went on a short flight around the Geelong waterfront.  Surprised at how well I handled it, as I'm still exhausted from last weeks meetup",love,neutral
1957403743,Off to get ready for toms..  gotta go make sure he's not done anything stupid  ill tweet later.,worry,worry
1751642320,"@Lawrence_n_DC amendment 4.5: the right to be big pimpin? Because gotta say, a positive right at best. Man, 2nd time tonight w/ this thrd",enthusiasm,neutral
1695375304,"I'm at work, hoping to enjoy the day!!  Fingers are crossed!!",neutral,happiness
1962397669,@te0h hahah no not that valley. that's cool valley. texas valley. like...rio grande valley. ahhaha i wish i lived in california valley,relief,neutral
1957086920,@mygoldmask did you guys keep a set list? I forgot to ask for one  xx,neutral,neutral
1694568576,Loving my new HR monitor,love,love
1963902810,Rele doesnt want to leave lfpa.,love,worry
1751358127,i now know that we've made a difference in each others lives...i feel proud.,worry,neutral
1961643441,Damn. Stephane doesn't even feel sorry for me. Off to work then,sadness,worry
1961768063,"@Peapods ooow those look painful, poor bb",worry,worry
1965805629,enchiladas weren't as good as I thought they would be     now I know why I don't eat mexican,worry,worry
1962866132,@Mileycyrus I tried 2 vote 4 u the other day but I couldn't figure out how 2 do it  help? Lol,neutral,worry
1964686205,"Ugh. I hate bad grades. 1st time I've ever failed a class and no As- B, B, D, W, I, I! Not like me at all",hate,sadness
1960466847,@BrittanyHauff Jz local movie here. The title's virgin 2 :p actually i feel not so good. So tired n dizzy,worry,worry
1753138062,@jacquelinesteps Haha you're welcome! I was honestly going crazy too. Have a great night as well,love,happiness
1751610471,Is responding to an email.,worry,neutral
1965077042,Harley Quinn cstm  hehehehe  not going to the prom buaa,fun,neutral
1694457188,"I am saving for a Ipod Touch, a 1TB external and a RAM upgrade. No more morning coffees",neutral,neutral
1963176613,does not like ups much today...,hate,worry
1957115476,@zaharh that sucks!  how old are you actually?,neutral,worry
1751952718,my skype is - laqueshaa (just cuz everyone else is saying theirs  and i'm such a loner D,neutral,worry
1753328721,"@calypsominerals haha well, kinda! I'm Mommy to my lil' pom-chi  hehe  thank you! ;)",relief,happiness
1962387240,@SilveryBeing  *hug*,love,neutral
1961456147,"What a day! #dayofservice completed, and now aching all over! Clearing trees around a beautiful lake. Splitting headache now tho",surprise,worry
1957311522,Time to do house chores! Ugh!,sadness,neutral
1752321848,@aramos82 yes! the pool opened this weekend,fun,happiness
1751464397,Massive morning.. I'm stuffed now,enthusiasm,surprise
1962429047,Another interview... Please somebody hire me?! But I'm late,worry,worry
1963596370,@tommcfly say a hi to me tom  please please,worry,neutral
1696044159,"one of my favorite, most relaxing songs to wake up to: http://tinyurl.com/c8fr3e Good morning.",happiness,happiness
1962832146,@danisometimes  sadness. you could hang out with me and feel less apathetic.,sadness,worry
1693976225,@ifixitlive Hey never realized that you also get a Twitter account.  Your guides are truly many times a lifesaver to me.,worry,neutral
1694034056,9100 tweets....just living the rockstar life one tweet at a time.,happiness,neutral
1694705691,Digging the ideas behind railsbridge (http://railsbridge.org/),happiness,neutral
1751537649,@MarcusG704 why are you surprised?,surprise,worry
1962398157,just got the dreaded call from babysitter - little H has bumped her head  Sitter says she's fine and goose egg is going down fast,enthusiasm,worry
1752444191,"@TXP2 hi there, nice to meet you",happiness,happiness
1753788118,@pretentiousgit what a cute dog,happiness,love
1753790782,@Jo3ll3 going to bed for real this time. Have a good day,relief,neutral
1961998637,has today off! But has to work tomorrow,sadness,neutral
1966440062,my PC just died... again. now i have to find a firewire to save all those photos i havent backed up to the mac yet,worry,neutral
1964556138,cof Cof Cof!,neutral,neutral
1695055157,"Good morning, everyone!  Just finished breakfast, and getting ready to see what this wonderful day has in store for me!",fun,happiness
1753198151,@tooshort55 it'll probably come out like I'm drunk or something...I'll be so nervous!! LOL...thats why we will be there to help eachother,worry,worry
1753790645,morning im up and ready weeee its a sunday,happiness,neutral
1753904799,@BuddingGenius you dont say,surprise,neutral
1751918860,@mrskutcher http://twitpic.com/4w9zb - must... stick.. my... thumb.. in .. chin... dimple!! lol  my hubby has one lol  but his is un ...,worry,worry
1961761952,"baby i need you , right here , right now",enthusiasm,neutral
1753218064,i had a vivid dream last night! i was crooning away,worry,worry
1957019458,#3wordsaftersex it never started...,neutral,sadness
1960259597,Dubai!!! Still trying to settle down,enthusiasm,neutral
1694568846,Tweet Later! Byee,neutral,neutral
1694531143,"@se7en.up cï¿½m on anh  ko the chiu no~i noi nhï¿½ Tifa roi :-D, thang Cloud danh dam gi mac ke no :&quot;&gt;",sadness,neutral
1752352883,"@KatieKatPink it's not a test to find cancer, it's just some stuff in regards to; in this case, positive results would be a good thing",relief,neutral
1753532826,@bensholk Yeah it is. Thanks,neutral,happiness
1751885475,"@superfro432 Is it bad that I'm sitting here watching a #Pens replay and getting excited? I think it's the coffee, but... Who knows.",worry,worry
1966085421,Waiting for the Denver game to come on.. but i dont think their gonna win it  Lakers suck lol :p,sadness,neutral
1965441266,Did NOT get paid today.,hate,neutral
1963173722,Cats: unimpressed by thunderstorm. Dog: wishes @dataangel would come home,neutral,worry
1694834767,"@sebby_peek mkay :/ did you tell him on msn? bfgurelgbsr yeah, i guess so, i don't know if i like it, i'll wait till i get your opinion",worry,worry
1753633764,"@SubClub I was, I took your advice and it was most enjoyable  I am too small to be out alone or I would've just come over lol",happiness,worry
1693977353,@antsrants it's driving me insane!  all i want is a lie in!!!,happiness,worry
1752018133,@Blueeyes31 I will be uploading soon!    http://myloc.me/FEb,love,neutral
1753532693,"NAPLAN testing, tuesday, wednesday &amp; thursday. i'm afraid about the maths one, english ,not so much",worry,worry
1957661225,why do i turn red,neutral,worry
1960907587,heading down to beach! still no fone....woo!,surprise,neutral
1753905153,going to watch boy in the striped pj's hope i don't cry,happiness,worry
1957591739,is wondering where all her friends went...,happiness,worry
1961872601,"never thought i'd say this, but i miss my 9-5 job, the commute, my cubicle, free food &amp; coffee and being downtown. why did i quit?",sadness,worry
1963348647,@tommcfly apparently were not as good as the Brazillians tho',worry,neutral
1695003689,first compree over .. completed the exam in 2 hrs instead of the alloted 3,happiness,neutral
1694551929,@thorsonb well.. i dont have to do any resits... lol... so its MY last exam,relief,worry
1753381402,"Mmmm, shower.",surprise,neutral
1752824381,@DawnRichard beautiful inside and out kids like you and que.. ILY guyz  wish i could have met you while you are here in houston...,love,neutral
1960128670,baaaaaaaah!!!! there's a MEGA cockroach in the kitchen and i have no one to kill it!  heeeeelp me!!!! haha my retarded cats are no help!,worry,worry
1966436620,Im so down! The AC in my house just broke,worry,worry
1752123693,@retrorewind Hey  how about some Tommy Page or PM Dawn! I'm new to this whole retro rewind thing!,neutral,neutral
1962374307,"The sun just came out!!! Pray for me guys!!!  Writing skills test   No pass, no class, no graduate -.-",worry,neutral
1961890693,"Damn, looks like the USB card reader that I got from Dealextreme doesn't work. I can see the files on the card but they are read only",worry,worry
1963202849,@Juggernautt I broke my ipod,worry,worry
1694976606,@J_Stathamfans1  You sure are dedicated...Gotta love that!!!  Have a great &amp; productive day,neutral,love
1695376541,Hell yeah Kellynn got a Twitter. Finally.,love,happiness
1752159304,@AlliWorthington hi Ms. Fussy  *waves*,neutral,neutral
1961109405,Is wondering if my ankle will ever stop hurting,worry,worry
1753757880,@itsonlywords You're welcome!,happiness,surprise
1961248792,I wanna be out in the sunshineeeeeee,sadness,worry
1964867345,@kiyoshimartinez - 05/31 marks the end of our roommate era. And you never made me empanadas again.,worry,worry
1753313052,Happy Mother's Day to all the mothers!!,happiness,love
1694437697,"@jeffreecuntstar decent Australian guys are hard to find...trust me, you're better off with an American one",worry,neutral
1753072905,back from melly's party... i had fun...  i'm sleepy now...,love,worry
1958079779,trying to draw some manga/anime for our new website ... very bad idea!   http://bit.ly/k6iOv,hate,worry
1696216965,@esmeeworld Good luck tonight! have fun,happiness,happiness
1962109952,Shit. My friend's in such a state and I don't know how to help him. Nothing I say seems to be helping and I wish I knew what to say,hate,worry
1963003799,@MovieTFan: Well that is just completely lame. I'm sorry dude.,sadness,worry
1964492385,"@Amanda_Holden I must admit though, part of me didn't want her to get through so she wouldn't have to put herself through all that again.",worry,worry
1964700490,Farewell dinner with my kimmy. Last time i'll see her in a while,love,happiness
1752962240,"is eating lunch at Sushi Tei, Sency yum! met Ghina earlier",happiness,happiness
1752382696,@flomingo that sounds cool! post video!!,enthusiasm,neutral
1753349218,going out for dinnerr soon. thai,neutral,neutral
1964557020,@joenkobema73 what's wrong? How come u in pain?,sadness,neutral
1962661107,"Have I ever told you I absolutly hate writing emails, status pdates are fine but emails have so much...finality...to them",sadness,worry
1695509776,@Poshpinkla goodmorning,neutral,neutral
1751886351,@zeenell when we were poor and lived in Germany it was our favourite cheap Saturday. Now we have one 20min away.,relief,worry
1751431971,@Linz__marie lol..french toast sticks too!,relief,happiness
1964586223,"wow my grandma passed away....I'm too sick to even think, I know she's in a better place now",worry,worry
1956996385,@freepbx sounds good. Appreciate the suggestion. Been a week now and we're still offline  Time to ask for a refund...,love,neutral
1957205389,@Bam_Hall Is that why you aint answer my call? Thought we were homies!?,worry,worry
1965555190,"@fifleaona I work in a room in the middle of the office, thus no windows. We call it the programmer cave, I  can only imagine the sky.",fun,neutral
1957170158,@keytar @badtwin BUT THEY ARE EXPENSIVE.,worry,worry
1752087608,"GREEN DAY IS PERFORMING ON SNL NEXT WEEK!  sorry, that made me happy and i'm still all ditzy from the Justin Timberlake skits",sadness,neutral
1957728058,@sotongs Sigh,enthusiasm,sadness
1753138421,@MichelleZen you need to follow me so I could send you a direct message.,neutral,neutral
1753535660,rsvp-ed qiuqiu's wedding invitation,happiness,happiness
1751358148,Caps lost. ARGH! But HP game evening was much fun,fun,happiness
1694904697,@MCRIsAPleasure really?  wooooo! I wish i could go to indonesia! Lol. Hopefully next summer.,fun,worry
1753838615,"@gracechareas Okay. Are you still out? If not, how was dinner?",neutral,worry
1751501247,is almost over the legal limit of db at the garage.,worry,neutral
1964143122,I'm being a lazy bum..boo for jack he always works on fridays,worry,neutral
1694382598,Found out that one great thing about living in Switzerland is the delicious bread - sometimes little things can make a difference,neutral,neutral
1962404828,such.a.tease.,happiness,neutral
1751573106,"This is my new College project, i just wanted to share it  Hey Mr Bartender - College Project http://bit.ly/Ba3Nf",neutral,neutral
1752824722,"@darkgracie nice song, where did it come from ?",happiness,neutral
1695250606,http://www.mmemarko.schilderweb.nl/ for my homepage,love,neutral
1752821774,"@vautrin i think in the end, remembering the poetry and feeling behind something is far more important than the name.",neutral,worry
1694857087,@joshcoop Absolutely!  When we hit bottom there is only one way to go.,enthusiasm,neutral
1957515026,@kimberly__joy i feel like red lea now,fun,worry
1963158341,@EricaMcGraw hi!! im glad you had fun at tennis! im about to go see dr dorfman   last visit though!!,happiness,happiness
1957558770,hates karma down. bakit kse nilagnat aq khpon?  http://plurk.com/p/wy4ju,neutral,hate
1753773749,couldn't resist ? http://blip.fm/~5z7v3,happiness,sadness
1957158993,Nursing bruises from motorbike crash on Wednesday night leaving London workplace. The ground is so much harder the older you get,worry,worry
1694292955,@Rove1974 If you mention this twitter group to your followers I would be very grateful,relief,neutral
1751070901,"@aliceqfoodie Wow, you mom has a lot of energy. I'm getting tired just reading your tweet and ur living it.",sadness,neutral
1960818727,"&quot;Isn't she lovely? Isn't she beautiful?&quot; Sorry Stevie, you're not really in a position to make that judgement  #steviewonder",worry,worry
1753902732,@ascrivner come over to my place for a cup of tea,enthusiasm,happiness
1753548041,But I do know is that I am extremely happy with him and wouldn't change him for the world and don't want anybody else.,neutral,worry
1753499690,"@mariancall I'm just glad that you didn't think that Star Trek didn't live up to its hype, and wasn't a waste of your time and money.",worry,worry
1753680170,watching finding nemo with my nephew so cute!,fun,happiness
1962833540,@BonesNeko_UK That sucks! I had my exams be4 half term so It's all good. Although they were major subjects now I have languages and stuff,neutral,worry
1752444101,@kel7alpha I only happened to look on a random chance. Timing is everything.,neutral,worry
1753728637,"@_ado I don't think it's still that one  I've had this one for about six years though, so with Moore's law taken into account...",neutral,worry
1694202689,thank god i havent quit my day job  ps. turning 27 tomorrow. i just round up to 30 now.,relief,worry
1965251257,"throat is reallyyyyy sore , i can barely talk",worry,worry
1694239351,"@mashable Thanks to TweetStats, I confirmed what I long suspected: Twitter is keeping me up way too late!  http://tr.im/kpc1 @tweetstats",worry,neutral
1957179532,@n3rin3 Ur pic is gone,neutral,neutral
1753451849,@anamoorz yeh i do like playing sk8 but i dont own it . i dont even own xbox 360 lol. i skate down at the skateprk tho,fun,worry
1695106851,afternoon. have the first rehearsal with this (extremely talented) singer-songwriter today. wish me luck,happiness,neutral
1962867632,@cfuess is making me hungry.  i had a bowl of cereal,neutral,neutral
1966107136,Writing reports....,neutral,neutral
1753710959,"@HairBoutique Thanks, btw which men's hairstyles are in right now? I'm growing my hair long  anyway hope you are having a good weekend!",happiness,worry
1964089603,@mayankdhingra yeah... i guess my password was also changed... i was not able to login my FB  cahnge my pw again ...ufff,worry,neutral
1964503268,@TheNewMachine Haha. Yep. Ya got me,fun,neutral
1753330066,just relax,neutral,relief
1957469877,"@abduzeedo something wrong, layout of abduzzeedo site looks no good today, anyone?",worry,neutral
1752052937,@burnthatbox  There's also a fairly recent (w/in past 10 years) quasi-sequel. Plot not as good but v. pretty in terms of art.,neutral,neutral
1966132160,@StanGill Uh.... what does that mean?,sadness,worry
1753196493,"@heidimontag - Bless you as well sweetie, and i hope you have a wonderful weekend",relief,happiness
1963969751,@stackmack I wish I couldn't wrap my head around it  Hopefully it'll wake up some people that say/think &quot;racism doesn't exist anymore&quot;,worry,worry
1960601566,@acmaurer No wonder I didn't get into Urbana,sadness,worry
1957448963,I think I should hire one of those tranlsators.. because no one ever understands me....,worry,worry
1694401275,@twinklette Hope you  feel better soon little Magic Girl,neutral,worry
1966332783,@toywatch I didnt win  but I will continue to try keep giving away those fabulous watches cant wait to win1,surprise,neutral
1964378107,wishes it was this time last week,neutral,sadness
1694686924,@leeshay Just this random quote! I love stuff like that...,love,love
1965914946,"@dougiemcfly get better omg i still dont believe that i didn'tgot a picture with you  it's soo sad, i don't now when i'm gonna see u again",surprise,worry
1965474095,"Malibu make me sleepy  and he doesn't want to text me when i'm drinking, silly him. Maybe i'll ring you later ;-)",neutral,neutral
1957013895,@tiffalo cuz airlines are super lame.,hate,happiness
1966409291,"hmm, do not feel like writing monthly reports tonight!  probably should get started though...",worry,worry
1961293363,let me out,empty,neutral
1957364986,"@lisisilveira   I sent my donation to #Eric and wanted to put the banner on, but my avatar disappeared when I tried ~",worry,neutral
1960506737,"Overslept. While the extra sleep was nice, it does play havoc with the days to-do list.",sadness,neutral
1965942552,@danipoynterjudd yeah but i missed it 2nite,neutral,sadness
1962022966,awesome i just ruined all my white clothes i never remember to separate,neutral,sadness
1958084886,awe.. gotta go.. my mom commands me to sleep already..,sadness,worry
1753585221,@Jadeyyg http://twitpic.com/4wrxq - whens your little gingg getting twitter ? from g + j,happiness,neutral
1962609829,@citygirllife I'm so ready for the weekend. Did you see all the flash flood warnings for around here?,sadness,neutral
1962264862,"Gosh I miss singer's theater.  I miss learning music, doing acting exercises, n I ESPECIALLY miss being onstage.",sadness,sadness
1964584930,@Shamoneyy I wish my mouth wud lemme chew all tht.. Pause...I def wud love some of that..,worry,love
1962058867,Is concerned about @pixiefish,neutral,worry
1964376606,"BGT was just amazing tonight, and threee amazing acts got sent home",fun,happiness
1965214428,"@rawr_333 Yeah.    I couldn't call my Dad, Mom, or brother either.  Mom = On the phone.  Dad = Phone card expired.  Brother = At work.",sadness,worry
1695137873,"@wilw &quot;phlegmily green house...&quot; That was clever, but ever sooooooo ...... eeeeewwwwww. [more slow clapping] Get well soon.",relief,worry
1753518355,My mom doesn't have twitter but imma post this anyway ..... I love you mommy,love,love
1752415083,migraine and leg pain and woe ): should go to bed but it is 2 flights of stairs away. Happy mother's day,love,worry
1964300584,@yelyahwilliams  but i love your haaaaair!,happiness,love
1695654560,Star Trek in HD.... I'm impressed.... Beam me up Spotty!,happiness,happiness
1965476607,"RIP Attack Attack!  MTV headbangersball? really? and now you are inside the &quot;goth&quot; genre, wow, I'll still be seein you at @warped09 :/",fun,worry
1966329754,@babymakes7 no.  I lost the link you sent when I had to pull my battery.,sadness,worry
1965659131,@m_longman yes i am.  but she didn't follow me,worry,neutral
1965219511,One of the most random phone calls ever. My god kill me now.,sadness,hate
1964640377,sooo reluctant to study for finals right now.... but i have to,empty,worry
1694383860,on my tea break  cant wait to drive home tonite!!,neutral,neutral
1753433399,@jasonperryrock Is you cat clean again?  Hope so ;) Xx,happiness,neutral
1694382676,@chishiki Welcome back to Japan,surprise,happiness
1961140938,I need to go to sleep before 4am tonight...  ... So exhausted.,neutral,worry
1961299367,WALC-ers are you ready to cry? its going to be a long day of reminiscing,sadness,happiness
1694327901,"@NikkiPilkington You seem nice, you're generous and you know your stuff",fun,neutral
1962891215,@Puddynface2 I just heard from Brendan (DJ) that there isn't a party on the boat this weekend,neutral,neutral
1753820552,@dannywood we standing here meeting up with everbody!!!! Let us kno u kno where here! Love ya!,love,neutral
1694222737,@thatboyBryant dont cry for me! i will see u tomorrow.  muah.,fun,neutral
1961969490,"@RedPumpProj i would direct message you regarding blogging while brown, but a sista hasn't mastered that technique yet  ..lol",worry,neutral
1961745324,i am so stressed and sad about pugsly missing. i hope hes okay. i am stuck at otrip and cant look for him  someone post his pic on FB 4 me,worry,worry
1753854607,@zjelektra that's how it is supposed to be and sometimes we get too busy to recognize that but always family after God,neutral,worry
1694859484,Morning. Off to school... Ickkk!,neutral,neutral
1752984495,@souljaboytellem my name too    (Soulja Boy Tell 'Em LIVE live &gt; http://ustre.am/2UhS),neutral,neutral
1753432586,is TATTEDDDDD!!!!!!!!!!!!!,neutral,neutral
1752503200,@TheSpencerSmith hush...stop teasing,sadness,fun
1752564785,@DanielJeffreys we won't be home till like next month,surprise,neutral
1962952689,"@properhardcore Sorry, not getting the reference/meme",neutral,worry
1962825816,"@dietsch Union Square? Somerville? You're better off with the 87. That probably helps you zero at this point, though.",neutral,neutral
1750895499,Awww I wonder when ima get married. Shawna and Damon are so cute,sadness,worry
1961688999,@moossacre lol - funny thing is - I don't even know what class or even race half of the people in our group are   yes - I am THAT clueless,neutral,worry
1957328258,i'm so sick   bad throat and the WORST toothache.  good thing i work in a pharmacy.  load me up with drugs!!,hate,worry
1753398551,@caarooliineex3 I love the guy that was standing behind me,love,love
1965370419,Stuck on the 710 ... Going to my 2nd job ...  ... Why can't I find a good office job???,sadness,worry
1753029182,"@Movin925fm When I heard &quot;No One&quot; from Alicia Keys like, 10 minutes ago? You made my night",surprise,neutral
1957338393,"@philcampbell blue skies? where, it's still grey and hazy out of my window",neutral,worry
1751177637,At the fashion show supporting my allison,love,neutral
1963596992,"Boa tarde, chegay",neutral,worry
1961750934,@MissJo_Jo I took pics but I cant find my camera chord to upload them  my cell phone doesnt do justice. It feels like nothings on,worry,worry
1752352769,#snl...you've gotten better  keep it up,enthusiasm,worry
1695510744,"Ok, seems I need to remember what account I'm posting as..... That last tweet was a @Geelong_FC tweet!",enthusiasm,neutral
1694951901,@youmeatsix haha i love the auditions new album,worry,love
1753254488,@sunmee hope the studyin went well,happiness,happiness
1752895736,"@ChicagoGirl Gotcha.  My place is Atlantic side.  Better for surfing   Plus I like to be close to the crazy foreign restaurants. Mmm, FL.",happiness,neutral
1752224595,@PaulReid and sorry that sounded like a 13 year old texting!!! Just tried TweetShrinking built into Tweed Deck  Just another cool feature.,neutral,neutral
1964598032,@mareyachristina haha i shaved all my facial hair off except for my moustache cause i thought it would be cool! But it made me look gross,worry,neutral
1753365785,thinks Aaron is pretty darn awesome,love,happiness
1957219264,i miss seeing fireflies.....,sadness,sadness
1752749131,Tabu. How ive missed you,love,sadness
1966086989,@Peter5tewart yeah.. I left cause my pc can't run the client anymore. I had thought I would have a new one by now..,neutral,worry
1694493595,"@jdennes thank you, you are my first follower",surprise,love
1963084133,@LIL_MISS_CBW Sorry!  It's been one hell of a day.  I has flooding,worry,worry
1962883058,Only have 80  followers... So sad.,sadness,sadness
1965573739,"@maggit talk to their creators yesterday no date for public release, just developers",neutral,neutral
1694549521,i just reading a magazine,neutral,happiness
1753869024,"@JamesHancox i don't know why but, i can only find miss matched socks during winter. i mean, where do they all go?",worry,worry
1965933183,Misses her work peeps,worry,sadness
1961458586,"@simonprobert yep, supposed to last all weekend. filthy weather",sadness,hate
1966175506,"missing my granpa, goingo to church, its been two hard months without him!!",neutral,worry
1964298986,Time i get into The Game they cancel it there will not be a 4th season  i like that show!,sadness,worry
1957416857,I only hve 9followers,worry,worry
1695310930,@johnlegend  Thats charmingly funny,happiness,happiness
1694929230,"@ShannonLeto The best bike for the best guy! I love the Ducati sound. I think itï¿½s unnecessary to ask for a ride, isnï¿½t it? Nice vid ...",relief,love
1695691824,End of the academic year brings in a lot of mood swings ... Just recovered from some serious hypertension,worry,worry
1752848122,Watching cartoons.....,neutral,neutral
1966029802,My poor little 7mth old was taken to hospital yesterday. We are syringe feeding him at home because he doesn't want to drink.,worry,worry
1957745434,@cutiemoet u think its fair...... k den i guess m wrng.... still i feel its not at all fair....,worry,worry
1695580405,@Tatuaje1 i've been using polarash7 for quite some time.  Love of polar bears + my nickname + my favorite number.   What about you?,neutral,love
1694327058,http://twitpic.com/4jb0q - And a few more,neutral,neutral
1957753219,itï¿½s raining... I hate rain...  going to shop and drink coffee all day.,sadness,neutral
1753633295,"Omg,... just had the best roast ever! but now im full haha,..",happiness,happiness
1963019708,wish i could go rink sorry kayleigh  xx,worry,sadness
1966416386,Out for an evening on the town with jeremy. Sad Carrie can't come,sadness,sadness
1751001384,Night of the cookers with my dad,fun,neutral
1961145215,Sorry I'm not using tweetdeck it's not letting me tweet today,neutral,worry
1965572265,I am SO MAD that Glee won't premiere till Fall,sadness,worry
1961192766,I didn't get the job  but I will keep applying to other school.....I do want to teach!!!,neutral,worry
1963419699,"@SteamPowered damn, so many good deals...you guys have a conspiracy to steal all my money",neutral,worry
1963351312,saying goodbye to my parents at the airport.  it was great having them around.,love,happiness
1752795821,"Well, at least it's not as bad as I thought. Found a new website to watch movies on and I gotta say.......it's not bad, not bad at all",relief,neutral
1964252379,The @Jonasbrothers 3d movie was amazing but a little to short  i wanted more!!,neutral,happiness
1694834781,@mynkeymonkey CONGRATULATIONS! How lovely,love,love
1964788728,"@flyzik awe! i miss him so much. they're on &quot;vacation&quot;. which has lasted for like, six months. and i miss you!",worry,sadness
1958111506,@BeckyBuckwild Omg Beckky i love you! you should've won the 250G's  i was rootin for you.. hows things going?,sadness,love
1964558195,"Awake again , I give up , I'm going to ready for today",neutral,neutral
1753381742,Happy Mothers Day. Havent got mom a present yet? Print off an Amazon Gift Card for her!  http://snipurl.com/hq0n1,surprise,love
1962300111,Dads should ask their 22 year old sons before drinking.,worry,neutral
1752123024,HAPPY MOTHER'S DAY to ALL MOM'S HERE and to YOUR MOMS too,neutral,love
1753501772,everybody needs some time on thier own  Guns N Roses x ? http://blip.fm/~5z5kz,sadness,neutral
1962781061,@KourtneyKardash lucky bitch! haha we have COLDDD rain up here in MA  i would give anything for hot rain right now!,neutral,neutral
1751853402,@vogleratmizzou yay about breaking 200!,happiness,happiness
1695731906,"@gfalcone601 you should come to Estonia, I know some epic horses here, hehe, and a good trainer and good beaches were to ride!",fun,happiness
1753585696,@musicalmover @shotbeak got my grubby paws on a live recording of paramore. you have to hear. its better than chocolate,happiness,neutral
1751175555,@NKANGEL74 Sweet! Thanks!,happiness,happiness
1964555330,I wish I could just go for a drive..or a movie or the store..I just wanna be alone,neutral,worry
1962708234,TGIF!!! But also sad that this is last day I get to work with my favorite TV reporter,sadness,sadness
1752352556,http://twitpic.com/4wgoq - The Beach was phenomenal 2day,happiness,happiness
1965695708,@WerewolfEmbry I'm sorry.,worry,neutral
1957174335,OUCH! my earphones just shocked me,surprise,worry
1752383906,Happy mother`s day to your moms !,love,love
1966124710,"also I managed to ink half more page. unfortunately page 006 will totally suck, but at least I tried hard before I decided to move on",worry,worry
1695249858,@matthew_west one day the hubs and I WILL take one of those. There's actually a missions cruise that we want to go on. It has music too.,love,neutral
1751251087,Ha that was cliche.,neutral,happiness
1753532697,It's just a click without subscription needed  Vote for my tweet on http://openzap.com/ (in today best list),worry,neutral
1694182177,@EmmaK67 Or a Mexican wrestler. They year capes too. You probably haven't the build for it though.,neutral,neutral
1964152153,ughh feel rubbish,hate,sadness
1965942375,@doodleworld  Thx had a great day &amp; gonna have a long weekend.  Excited yet I'll be missin my tweeple badly.,happiness,happiness
1694143818,@mommymuse Thanks for the hint.  http://tinyurl.com/chtx7e.,worry,happiness
1694273355,I am having a pretty good time at work talking shit with one on  the gymnastics gils,neutral,neutral
1752088048,"@scalzi Happy Birthday  I didn't get you anything, but you have my best wishes.",worry,love
1960535604,"Sorry if I'm unsociable I'm loading up stock in the shop, mums making me",sadness,worry
1751645614,"Made breakfast for bf; went to sears to pass my drivers test! stayed with minh for a lil, sauna&amp;spa with aunt, uncle &amp; mom; FINALLY HOME",relief,happiness
1752413160,@da_gurl_cece what up?,worry,neutral
1751608578,@theDebbyRyan How does it look like a Ninja Tutle?!  xo lol,sadness,fun
1963294139,I want to get my braces removed sooo bad!!!!,hate,worry
1961528553,"Oh noesss seniors last day  However, tickling will till he was on the floor giggling made it totally worth it. Plus, a senior sandwhich!",happiness,neutral
1963174602,@alltimebritt  why not now you made me sad I thought you'd be jumping for joy,sadness,worry
1695961639,@alroaker Loved the comment on flashcads! I'm old school too!,love,neutral
1963708497,wtf happened? i have no feed,worry,worry
1960631717,@MollieOfficial congrats mollie! just wish i could have got some tickets,happiness,happiness
1961874393,aaaah taking back sunday are playing in new york 3 days after we leave,sadness,neutral
1751431033,@alyssaisntcool hahah  i loveeee him though.,love,sadness
1964618907,ONE OF THE WORST DAYS OF MY LIFE.,neutral,worry
1695693823,"@taylorswift13 i love you so much tay (: youre so amazing &lt;3 you should come to denmark, we love you here",love,love
1963059126,"Its official, I am working Sunday in DC.",worry,neutral
1753310430,"Now, lets do funkey stuff, talking with magento, through xmlrpc with codeignite and output with amf (Zend) to flash",fun,neutral
1958080837,"Loving the weather this weekend, shame i'm back into work tomorrow",sadness,sadness
1962516379,I really hate revision,hate,hate
1962951815,@binary42 I'm sorry you won't make it.,sadness,worry
1751955107,happy mother's day to all moms in the planet!,neutral,love
1694647251,"@wolfie_Rankin yep to you buddy  long time no talk, hows things and i see your cat still like sinking fangs into your ankle lol",happiness,worry
1963497138,"Hey, @jonaknt I'll be in sa then  maybe if we cross highways we can grab lunch?",worry,neutral
1753617172,@stephenTiano Esp with Twitter access! the party NEVER stops - even &quot;at nite&quot; cuz it's always daylight &quot;somewhere&quot; around the world!,empty,worry
1752194600,Enjoying my yummylicious shrimp burrito... MmMmm,love,happiness
1752443943,"o/*\o (high five) to all of our fans! It's finally here! I'll write up a fancy news post shortly, wanted to get the mod itself out ASAP",happiness,neutral
1958058801,Good morning/afternoon/night to all.....studying as usual!,neutral,happiness
1960327139,It looks like it might rain,neutral,worry
1753695158,@jbgreece yeh  A little.. How are you ?,neutral,neutral
1751644678,@goodlemax can you send me two coldplay songs?  clocks and viva la vida.,empty,neutral
1966224834,@Aphrosie It would still involve me standing up. lol. Windows are too high up. Guess im just gonna have to go out,happiness,worry
1694664932,@lizscherer cheer up buttercup! Rain will go away and hearts always mend. I can actually bet $ on that!,happiness,neutral
1695220191,Just saw a male Baltimore oriole at our suet feeder and something enjoyed a lot of thistle from our new thistle feeder early this a.m.,hate,neutral
1960567815,PSA::::: Being that I've been usuing twiddict- my last 14 tweets have yet to show on the bored. Bare w me.,sadness,worry
1962174895,"@LauraKatzenberg Yo, what happened to my invite?",worry,worry
1966071403,I heard an icecream truck and took of like a shot but I couldn't catch it.,sadness,worry
1960298901,"hair, grow back!",worry,worry
1752291151,@daStasia everyone says that,neutral,neutral
1751501410,flashlight tag!  i love playing games in the dark.,happiness,love
1957665077,"@ShiGGaShay - I only get bubble tea during the cambodian new year - only once a year  &amp; when i do, i stand in line for over 10-15 min.",hate,neutral
1695053779,@dizzybunny. Haha. Rite. Im freeeeeeee. Britneys spears listenin time.,fun,fun
1694493039,Not only has it broken but it's Monday!!Does this mean Monday can be fix'd?  ? http://blip.fm/~5jgio,worry,worry
1694107557,@ryanwashurrr don't worry be happy Ryan,love,worry
1751608097,he's back! meeting him in 40 mins,worry,neutral
1958069746,@BeckyKingston I don't think I've ever tried peanut butter on toast,neutral,neutral
1964779350,@MissBethAnn   I'm a Metsies fan also! Boo Hoo,love,love
1966248355,@el_juansimon God I'm bored. Wish we could've done something 2night!,worry,happiness
1962717744,@Em_Fizz he's really not into new people  I dunno em but he said he'd try,neutral,worry
1965956703,@missuzliipzlive ilooked in my phone book and ur name was the first to show and i was like i got ti-ti number but it was just ur email,surprise,worry
1753839226,Round and Round the Garden: The amazing thing is that he's still talking to me!  http://tinyurl.com/dx8as4,sadness,happiness
1966159052,@dance2jeffreee lOL 518 that was not the year i was born  lol,worry,happiness
1966175199,@AndyR3w wish i was rollin with ya,neutral,happiness
1751538878,"@CHRIS_Daughtry You should come play in the college town of Eau Claire, WI.  Seriously, you'd have TONS of people turn out for it.",fun,neutral
1695922956,@Laurendorcus...I need a huge favor of love. Anticipate texts from me,neutral,neutral
1966402162,Wow no one loves me  @stuntmann88,worry,love
1695001647,@ajaymohanreddy It's time to face the truth - expat Indians are practically Americans.,neutral,neutral
1753742737,"Hey, hey, happy mother's day!  http://plurk.com/p/svwii",happiness,love
1694089030,My Chemical Romance Official Sodahead Profile  http://www.sodahead.com/mychemicalromance/,neutral,worry
1963870457,@smaknews sorry about that anna wintour repeated tweets!! sooo sorry  somethings up... | was wondering abt the quad tweet ;),worry,worry
1696216127,"@juliannebritton Ohhh, i really want to see Coraline, it seems really good",happiness,happiness
1753903723,goooodnight everyone!  and Happy Mothers Day to all the mothers out there.,love,love
1695165989,Monday and I am at work and the legs are a still hurting a little! Smile,love,worry
1753648357,Oh my 'Mix Khichadi' seems to be ready now .. time for Lunch  !,neutral,neutral
1961477134,The gigantic initial inertial to get oneself to work after a deadline,boredom,worry
1961526696,@FunkeyGurlNo1 I'm going to work.... bummer,worry,sadness
1752674435,I just received a mothers day card from my lovely daughter wishing my a happy mothers day  http://tr.im/kWK9,love,love
1962382291,@letsocietydream I think i would die if they played Pushit. I missed them when they came last time. When Isis toured with them,worry,worry
1957268633,"@MissMaryJ M Jizzle I need u to Hit me too, ugghh I'm sick of this damn phone! Like seriously!",hate,worry
1694240469,"done with the exams. oh my. such a nerve-wracking experience! passed it, though.",relief,happiness
1957282284,"Well thats me for the day, watching Panthers tonight beat the Saints (fingers crossed) cause there are no QLD teams playing this round",sadness,neutral
1753729789,@tommcfly but it all went too quick and there wasn't a chance lol,worry,worry
1957446240,Going to see Angels and Demons tonight. It better not scare me!!,worry,worry
1962476498,was spose to be going to a party tonight but gues what im sick  grrrrr.,worry,worry
1963482523,@eprussakov ohï¿½ unfortunately not,sadness,sadness
1753255275,@dcal44 Been meaning to email you for months. Your pre-reunion party must be coming up soon. Really wish I could be there. &gt;140 char soon,sadness,neutral
1752845527,@nkotbworshiper me too... it goes to my phone so all night long sometimes my phone is blowing up... so nice to wake up to!,happiness,worry
1694647149,"@TerrenceTaps Yeeeeah...I am so much better off, I think!",happiness,worry
1694220618,"anyone drive a newish diesel car? any advice on pros cons? not interested in old diesel cars, need recent model experience, eg SUV",happiness,neutral
1961993845,@QdobaMexGrill how do we know if we won?,neutral,worry
1694144824,"blame it on the goose gotcha feelin loose, blame it on the tron gotcha in the zone;; michelle...this is your fault. lol.",worry,neutral
1695194264,Drinking tea and eating choc chip cookies. Going to head to sleep soon! Night all,relief,neutral
1694747448,"@hubermanuela  hey girl, what's up? what r u gonna do today?",neutral,neutral
1695030210,@PhilKSpencer Thanks 'Mckenzie',neutral,happiness
1957543470,I'm sooo lost without my car  This is truly depressing. Pregnant people should NEVER be this stressed out!,sadness,worry
1963133694,"@la_maestrada: i agree about tw, me and my cat have been watching full housse, sabrina the teenage witch and sister sister re-runs",fun,neutral
1695512095,"@geerlingguy http://tinyurl.com/dlqo2p is a good one, nice",happiness,happiness
1963502727,@Rachael_Hodges Yup. Their loss.,relief,love
1694953694,ha english portfolio!!! i finally finshed you  annnd you! comm final. youre half done! whoa 6:44am time for sleeps. night,relief,neutral
1965306781,Freakin' HAWT guys at this restaurant...where I'm eating dinner with my father,worry,happiness
1751360695,watching &quot;slice of life&quot; (laughing at the songgg) and then going to sleep,fun,neutral
1962263473,@theyjusthowl,worry,neutral
1751784910,loving life lately!!!!  Looking forward to going to see Samantha! Hanging out with Natalie right now!,love,love
1961694432,"@xac Reminders are good! Speaking of which, we haven't had a Posture Check in awhile.....",enthusiasm,neutral
1753216710,I'm trying to decide if I want to go camping for Memorial Day...any help from my twitter friends?,neutral,neutral
1965653261,"@rmetalbroad belay the swimsuit, hot tub won't be ready this weekend.  sadness",sadness,worry
1961765253,Downside to being on client site... no donut today.,neutral,neutral
1695923794,@RC73 I hear U. I can barley keep up with the followers I currently have. Its tuff on a mobile device.,worry,neutral
1957465259,FUCKSAKE i shouldn't smoke so much stuff.,hate,worry
1753449569,"@RAVERJONO good, good.  what could it be then? :o",happiness,worry
1966358541,Not talking to anais anymore.,hate,neutral
1751749771,Happy mothers day to all the mums!,love,love
1962030930,my head is bruised really bad :|,sadness,worry
1695441969,YAY!  A bright and shiny new week to play with,happiness,happiness
1963505226,"my girlies @VeeVeeBOMBSHELL &amp; @ReeseCromwell r leavin me today  Vanessa, I'll c u when u'r black *I mean back and Reese, I'll c u Sunday",worry,neutral
1961762432,I work in one hour,surprise,neutral
1965960998,@Bensabeast Whaaaat?!?!?  When did that happen?,surprise,worry
1961525180,taking care of sick children,sadness,worry
1694767627,Also love and Light to everyone else who I have not been able to fit into my last tweet  Thank YOU All,love,neutral
1960385365,"@crazydaisyfire Well thats even worse cuz when it gets hurt everyone is in pain, but poor Stephen has a smushed twitter now!",worry,worry
1957715674,"@JulieAdore I checked ULCA, they've got a program in producing, I'll be so much interested in. But....",worry,neutral
1694418836,checking iDestroy sales.... sales are good,relief,neutral
1696133820,Moving today!!  I'm so excited!,happiness,worry
1694585898,"@lharp @franto it's an app to finally face the truth: you lack time, and never be able to achieve all your goals in life?",relief,neutral
1695191931,"@ROBsessedBlog Welcome back, and thanks for the pictures. You made my morning 100% better",love,happiness
1966209046,@ArtyTheCat oh noes I missed you again.,sadness,worry
1963187685,absolutley gutted i am this ill when a) it's this sunny outside and b) i have shit loads of revision to do for my c) exam on tuesday,worry,worry
1752384050,I am back from the best party ever,happiness,happiness
1752699134,OMJ JUSt qOt HOME fROM tHAt PARty! it'S 2:OO a.m! i'M MAN tiRED! GOODNiqHt AND HAPPY MOtHER'S DAY 2 ALL!!! tAkE CARE &amp; GOD BlESS!,happiness,neutral
1961080590,@mikebugout Nooooo!  Working this weekend,worry,happiness
1694953220,@Andrewgoldstein just pre-ordered your new album 'Off The Deep End'. Been listening to 'Permanent Heart' on repeat since.,enthusiasm,happiness
1694511646,Now I remembered the password,neutral,neutral
1965313632,J Ross you can't leave the killers still singing and run the titles - you should have been edited out for more music - happy - not,boredom,neutral
1957091372,bed bed bed @samuelasanders do you never answer texts anymore?  I thought of you the other day and sent one but never heard back. Sad day,sadness,worry
1752503316,I think its cute my mom still waits up for me when I go out eventhoough I've spent 2 yrs out of the house. &lt;3 my mama,love,worry
1753822376,"Hello all my new followers, there is suddenly a lot of you, so will take a little time to get round to you all",happiness,neutral
1957532810,Tv arrived but can't play cos have to go to stupid work,sadness,sadness
1751143814,Gonna go watch Jackson's band play and then going to the band after party,neutral,neutral
1957448182,asks can someone pass me some load. :| Kahit 2 pesos lang.  http://plurk.com/p/wxzyr,worry,worry
1752288332,@thnkhappythghts HIM shirt at dinner? Do you need to ask??  Does it actually have Ville on it?,worry,neutral
1751851594,lots of decisions to make...i need an assistant/cook/nanny/chauffer lol lol but 4 real!,sadness,worry
1957198802,back time.  I wish I was a teenager again. I wish I could feel healthy again. I can't remember what it's like to feel healthy anymore.,worry,worry
1753647248,"@mr_billiam whoa..you're fast. Check it out I've submitted my comment . Oh, and thanks!",surprise,neutral
1753075907,"@ChesterBaker not so awesome now, huh? LOL",fun,happiness
1751104555,grecia! its between mood &amp; party! i wanna see him lol but we are going out fershure.,happiness,worry
1962231573,Yorks V Lancs on the telly. Not going too well for Yorkshire.,worry,neutral
1695409282,@robluketic You almost have as many viewers as the Live Eagle Cam on Ustream  http://tinyurl.com/d4hgoj,neutral,neutral
1753382162,@TeresaHonoursMC goodmorning/night to you too! sleep well,neutral,neutral
1695657198,Going to French. Anyone want to pick me up?,enthusiasm,neutral
1753008065,heeey heeey!   about to go read...,happiness,neutral
1963861778,@taurenlegend it's kind of hard to see a pic of a doggie if the pic doesn't exist,sadness,worry
1752645261,@misskg86 thanks kelly! that means a lot.  have you figured out your apt thing yet?,worry,neutral
1695923721,"@AndreasHale lol nah no swine flu for me bro. lmao what's ur schedule like this week, I need to catch up!",neutral,worry
1965473076,"okay, need to hit the sack.  i gotta wake up in like 5 hours   goodnight everyone!",worry,neutral
1753870081,"Happy mothers day to those of u that are mothers, and happy mothers day to all of your mothers      I miss my mom....",sadness,love
1965674847,The Palm pre doesn't record video,neutral,neutral
1964542849,"@jamieaiken919 *JEALOUS* I desperately wanna go shopping, but alas, I have no cash.",worry,worry
1694625864,@dougiedaydream thank you,neutral,love
1694365697,@John1954Moi Brilliant  Thanks! Not sure what brownie points will get you though!,neutral,neutral
1957019034,i am doing homework it sux big time maths is the worst!!!!!!,worry,neutral
1962613532,@rinaswag I think she'll probably have the baby before I get there unfortunately,neutral,worry
1753218598,HAPPY MOTHER'S DAY to all of the wonderful women out there.  Have a great and relaxful day.,happiness,love
1963274871,Watching Ellen Love her!! then doing the dishes  and tanning ...it's gorgeous out!,fun,love
1957429876,wishes that she has a private jet so that she can go see her BFF @ times like this.. ok ok..ot really thinking of carbon footprint here.,neutral,worry
1753584600,@JfB57 good morning,happiness,happiness
1957465210,"@Cadistra NOOOO I'll miss you too much!  I went stag to my prom and all the high school and middle school dances, if that helps. &gt;_&gt;",worry,worry
1966334473,rainy season-- here it comes!,neutral,neutral
1957630940,@capricious_and IKR. I myself am headed out for a meeting.,worry,neutral
1751396856,Happy Mother's day,happiness,love
1751986395,"@konghee It's allright pastor, jiayou for the book!!",relief,neutral
1751854154,"is hanging with Bryant&amp;&amp;Hailee, possibly Lafayette tonight. 'nd i don't know why i keep updating this because i have 0 followers",worry,worry
1696135306,Good Afternoon,happiness,happiness
1964575808,@gracieh89 can you get catacombs ffrom the cinemas? i tried to get it from my local one a little while ago and theyh didn't have it.,surprise,worry
1957452600,@AlexAllTimeLow awww that is very sad.  I sawwy,worry,love
1964767444,Mitchells pants fell down while he was getting gas. I missed it,empty,worry
1752157543,@Sue_Moe well it is #stalkersaturday after all,neutral,happiness
1964949438,"@Georgielockwood IM SORRRYY  i went to the cinema with my broth.. cause im cool.. and yeah im sorrrry  TOMORROW THO, ILL MAKE SURE OF IT",neutral,worry
1962806227,"@thatchmaster i miss that place, but miss wegmans even more. whole foods != wegmans",sadness,sadness
1752773213,@PrincessArchie Remember to put your phone on silent! lol  Night loveees,love,neutral
1963597465,looking at this website!! should be working!!,happiness,neutral
1695583569,Well hopefully I'll see you both @rasikakrishna @chrisloos at the conference,worry,neutral
1964458450,OooooOOOOO @golougo  but you just said you were dancin at home.  so doesn't that count?,surprise,worry
1963319738,Headed back to Pulaski,neutral,neutral
1962190247,"@duncangela I tried sooooo hard to work from home today, but failed  Not my fault though.",surprise,sadness
1957452386,Heading home. Could really have done without banging my head on the way into the bus,sadness,neutral
1750998138,@Courtney_ @beachbum77,empty,neutral
1960494527,"@mrpandora I got a headache because of all the hard work today, still not ready, with a #Heineken trying to finished up",neutral,worry
1750930734,@Djalfy Thats on Fox isnt it? Never watched it,neutral,neutral
1960606825,oh no somebody hacked into my email  i'm scared now. what the fuck!!,worry,worry
1965502316,@sam_h786 as ur coming on to here im just off to bed  hows ur day been? x,worry,neutral
1964969994,@h011yw00d no  are you for sure going?,neutral,neutral
1695803101,@jcsalterego no turkey leg? i can't believe it!,worry,worry
1695310273,ill and bored on bank holiday.. Nothings open.. Bad times.. Film it is,sadness,worry
1694510694,chillaxing really  Yeah man hehe,love,happiness
1957484500,"Just woke up &amp; can't go back to sleep. Had a txt from the bff sayin if you're up call me, sounds important but that was 4 hours ago",sadness,neutral
1963419701,oh no noisy family who live next door are back from holiday  there goes my peace and quiet,worry,worry
1960627142,@laurenmichell Scary!,worry,neutral
1964792600,@jackEO313 at first i thought bar life meant you were partying nonstop to catch up for the last 2 years...lol shoulda known better,fun,neutral
1958073734,I dreamt someone committed suicide w a drip stand!  - http://tweet.sg,worry,worry
1753534746,@aljones15 thank you!! ooh I see you've read Desert Islands http://is.gd/ys6K great book!,love,happiness
1958105637,the weather is good mmm what to do today??? shame working tomorrow,neutral,neutral
1753774728,@iamhenrymorgan my screen is covered with BLUR ...  how's ya day been kiddo ?,sadness,neutral
1694313585,@rosehwang Good Evening Rose ....,happiness,love
1965963366,Saw the UCLA bookstore...now convinced that every single major university has a better bookstore than @ASU   Having fun so far!,fun,worry
1753176250,"off to mothers day brunch with the gang. YAY!!!!! It's not the Zoo, but should be just as much fun.",sadness,neutral
1966110073,@JuliaBronwyn I accidently dropped it &amp; now the screen is all messed,worry,worry
1694237549,"Not paying attention at school, more distracted on browsing on Pokernews",empty,worry
1960492581,@lilabiem awww  don't do this to meee haha now you're gonna make me saddd,sadness,worry
1965265589,@TheMrsH I saw an all red Audi on the highway. I sped uo to it hoping it was you. My loss,surprise,worry
1961423737,"@JCinQC it is far from downtown, 30-40 minutes or so  and they do have veggie burgers",surprise,neutral
1752190967,well going to sleep peoples!! night all twitterers!! loves ya!  *Welcome Home*,love,love
1753695932,hates samanthas guts,hate,hate
1961369507,NOO!! XBOX got red rings of death,sadness,worry
1960662447,It just hit me that I am leaving conti...     boooooooo..,happiness,worry
1961184197,"@AFCEAHelen If I end up working in DC, GMU is on my &quot;short list&quot; for Masters No. 2. Started Sys Eng program in the 90's; never finished.",worry,neutral
1752847175,Good days with good friends make me not regret living,love,worry
1960558019,@Twyst The devil you say!  I've been waiting for the Black Widow in movies and now she won't be awesome at all.,surprise,worry
1957237598,"Change my hairstyle,but it isn't good as it supposed to be N don't wealth that much money..  hate that hairdresser~~",hate,worry
1963171083,"Rain finally arriving, drat. Guess this means we'll have to picnic in the living room instead of at WolfTrap tonite.",sadness,neutral
1957038324,my teeth and head hurts,sadness,worry
1753075815,"@ferrao California waiting, every little thing's gotta be just right ? Putz, adoro essa banda",happiness,neutral
1694549825,@andykemp one of our governors is one of the directors of the company,neutral,surprise
1752504942,"wow, so x-men was pretty much amazing. i love wolverine.",love,love
1964640359,@lexiloohoo i'm sorry  today's been nothing but a fucking heartbreak,sadness,sadness
1961517108,@Thecookieninja if mom gets paid...,neutral,worry
1961412216,Take that back on the cast...one dropped last night!,surprise,worry
1963545365,healthy food is NOT helping my hangover,worry,worry
1752701221,@sunmaker   Yeah it's just based on my e-mails.,neutral,neutral
1694164230,"Good morning. haha I just read that the swine flu probably not come`s from pigs at all, but from people! Poor pigs who got all the blame!",surprise,worry
1752532770,be sure to tell your Mom you love her and thank her for putting up with you!,love,love
1753075696,listening to jubey snoring on the phone  hehe goodnight,happiness,neutral
1962951959,Installing a new hard drive! Gotta redo everything though,worry,neutral
1957601859,Its a lovely day sky is clear birds are singing and i'm stuck in an office with on windows for 9 hours,sadness,neutral
1966190137,"@tamtamdoll no, New orleans.. been here since katrina ..",neutral,happiness
1694551684,"@brettdennen 'discovered' you at the fray last night, nice music. then saw your vlogs. really, so whack.",surprise,neutral
1961870609,"Yay, my train is late... It starts here but it's 15 mins late arriving from London in the first place",worry,neutral
1753417233,"@home last night after long drive, slept really well, now time for dino's wasstraat",neutral,relief
1693997778,&lt;3 KoRn... You guys are champions of the world,love,happiness
1957511036,i cant afford it  go to school here ? !!,worry,sadness
1960558912,@RetroRewind OMG and you have to do this when I'm at work and can't listen,neutral,worry
1694549343,@themanwhofell compliment taken. Thanks. Key is to be yourself,happiness,happiness
1694127934,@imraphael @hsubidooby Scrub and moisturize... doesnt even sounds like 'showering'... maybe u should be inclined to follow me en. rephael,surprise,neutral
1752385364,@david_henrie i would still rather be in your shoes instead in bed bc i work from 10-9 tommorow. i love cold weather.,love,neutral
1961489263,"Blah. So i registered to coach this summer and eh the tourney starts July 6th. My vacation 7/15-28th. Fk my life, haha",fun,happiness
1752722763,@cariocastv Stylish soap; lots of sexy people; now we just need a version dubbed in english!  Keep up the good work... Bruno,fun,happiness
1963459320,Shoe shopping but out of luck. They don't have a size 5 in anything I want!,neutral,worry
1960427531,@lofigirl who what?  call me,worry,neutral
1960300158,@seansmithsucks i would be looking forward to seeing you tonight if i was going,worry,worry
1965273154,@LaurenConrad I can't belive you only have one episode to go  xx,surprise,worry
1695655008,@Monodi what lol?,sadness,neutral
1962530086,What a glorious week. My best holiday ever I think. I so don't want to go home in the morning,happiness,worry
1696217833,"@Sobk13 I love to eat chicken, would I be a cannibal chicken?",surprise,love
1752416028,learning how to use twitter,neutral,neutral
1963791915,Just woke up and saw that the sun isn't out  I need to start waking up early,surprise,neutral
1695165563,is also very excited for the BLAZIN SQUAD revival!  im rooting for 'em-- their new song http://tinyurl.com/dz7tms,happiness,happiness
1694437769,@byronicman my GF has an interview with them this week,neutral,happiness
1753678335,@johnfoliot I think we all need a oil change wash and wax every now and again,neutral,neutral
1963903868,Damn just spent a week whole of pay on shopping  oh well i'm happy!!!,happiness,happiness
1753633337,happy mother's day,love,love
1966351987,@rWilliamr I'm tryin not the be boring today . . . I just can't seem to come up with thing to say,worry,worry
1957474784,I'm sleepy but is feeling under the weather! ugh! These damn tonsils. I need some company or somebody to talk too!,sadness,worry
1695846755,@besufern @sillywhitney @lautore someone tell @jasonekim if he wants help with the bus to just lemme know.   he no follow me.,neutral,neutral
1963524016,@Levanah_Gates am also gutted...the end is nigh  x,worry,neutral
1962976161,"Best day at work, best weekend ahead. Hopefully I will have someone to go to USC with...",sadness,happiness
1694291851,@sarahtonner are you tweeting while running?,neutral,neutral
1957586924,"Wow what a sunny day,  just recovering some erased files",happiness,neutral
1966259744,"been working all day, finally relaxing!! i miss you",relief,sadness
1694513674,@SmellTheRainbow really .. least u wont hav 2 put up wiv him,worry,worry
1753384012,What a fun night,love,fun
1960903539,Stupid kubuntu keeps on freezing on me. I thought linux never freezes,hate,worry
1956995852,Well it almost was a good day... Guess I just retry tomorrow,neutral,worry
1751985785,@missSHANNAbaby YAY  u get to see ddub again ;) those 5 men always keep me happy &amp; motivated,happiness,happiness
1964664901,@Pisces_1988 cool i wish i could av gone 2 da 1 he did where i live but i couldnt,neutral,worry
1695885099,"@ad1318 Yes, you can change your name under settings",neutral,neutral
1957052167,@brettyrocks thats what i was thinking but the only time it's gonna be on is 1 am!,neutral,worry
1696045563,just realized i have 30 followers HEY GUYS,surprise,neutral
1964289931,"two hours till our offer on the house expires  no word yet! Come on people, sell us your house!!!!!!!!!!! #Parker #Colorado",worry,neutral
1962518882,"@grantimahara man, 4 months until we get to see what those drunk tweets were all about",happiness,neutral
1962019013,@tearose21 Wish I could be there to enjoy a girls day!!!,sadness,love
1957760429,Working now,neutral,neutral
1957738949,"Some of the figures quoted are so wildly optimistic, they are the stuff of science fiction.  A bit disapointed in CIBER and SABIP",sadness,worry
1753678802,@SongBuildersUK wow is a good idea... but the b-day was yesterday and I already took him a present! Thank you anyway!!!,love,happiness
1695619439,@desire4it oh yeah - love his choregoraphy. the pants...not so much.,neutral,love
1752445618,@jmstewart0220 I know!!  It was great!!,worry,worry
1753157121,"@lionschmion Honey I don't think you're kidding for a MOMENT, I feel that your dedication to the gorgeous smirky men is STRONG indeed!",love,neutral
1694419708,@drchino Yay! I too had some joy in that department,happiness,happiness
1957616058,"i'm so sad, because my beloved boy doesn't online, i wait for him everyday..",sadness,worry
1961178411,"the day i was planing on doing my work, i havent ...... i leave everything to the last minuet ...",worry,worry
1962821923,Funerals are no bueno,hate,worry
1753468231,"Oh, time to eat and make conversation with the domestic partner.",neutral,neutral
1694768604,[Wrong!] @anambanana thanx  your THE awesome! http://tinyurl.com/ddqpoa,relief,neutral
1694859690,Happy Star Wars Day,happiness,happiness
1962957721,had a great session canvassing in the sun... but now is miserable cus i have no1 to go to the pub with,worry,sadness
1751785484,@BPDINOKC Thanks!,worry,happiness
1957618813,i miss the Soulja Boy dance...,worry,sadness
1964251850,@Kevinchinart But I really want a Sporebat pet.,neutral,worry
1961963611,"@CaronsBeachHs  Still dealing with quite a bit of pain, will jump off here soon to lay down,very frustrating  Thanks 4 asking",hate,worry
1960453760,TGIF... this &quot;short&quot; week has been wayyyyyy too long,relief,worry
1751214539,@GreenNinja89 after we pissed you off,worry,worry
1964399036,"Enjoying my pathetic tiny music collection, while rearranging my room. Still a little tired from shortening the grass, and that one frog",surprise,worry
1962144302,just done planting the garden...hope sun will shine soon!,happiness,happiness
1750894073,"@danameller Aww, thanks!",love,happiness
1965361712,T.G.I.F to bad i have to spend it in the E.R,worry,worry
1962472894,Loving the sunshine! Wish poor Richie would feel better,love,worry
1753072909,@chillman2 dude... Can you really be a bachelor at this point?? Don't worry about it.,relief,neutral
1751396965,Just chillin at home,worry,happiness
1964545139,The new Lego Rock Band trailer looks pretty weird. They coulda done a better job making it  http://bit.ly/jCfk7,neutral,happiness
1965741554,"@dr00ness I wasn't  I was with the bf at the time, and am now omw to class. What is this new Kaggra,?",neutral,neutral
1753585539,Bumping dj opus in the drunk in the car.  lmao. Don't act like u don't know.,fun,worry
1694667501,I'm dragging myself out of the low point. Slowly. And with wine to assist. Prob not v sensible but these lows don't hit very often.,sadness,worry
1750929394,@datalore_tv I hope Shatner didnï¿½t address that message to philosophers. Weï¿½re doomed if they stopped thinking,worry,worry
1960432135,"@TomFelton Oh how cool!!!, ok so for your head just laydown and put ice on it, that should heep the swelling down, I feel really bad",worry,worry
1695805213,Just talked to donald faison about next day air. He doesn't understand twitter. And he loves cacee cobb,worry,neutral
1958036304,I got a new high speed Machine stuffed with latest technology for Development in office but it z crashed now,sadness,neutral
1965697525,so bored. nothing to do,neutral,worry
1752415938,"@hotdogwater dayum.  i dont even remember why i started twittering... oh yea, facebook integration.",neutral,worry
1694532336,"@mathewhulbert  Now there's a question for 140 characters   One of history's great unanswered what if's, I would say",neutral,neutral
1957668214,3-4 hours sleep last night  barely functioning,neutral,worry
1753293599,@dada8dee you tooooo dada!!!  such good times!!,love,happiness
1962876646,@AttyBowen me and Arlando are totally done. I havn'e talked to him in a LONG time!Now I just have to find a 'worth while' man...,sadness,worry
1694293336,@geemaree Yeah it's a really fascinating paper isn't it? Credit goes to @metaweb20 for the discovery,surprise,neutral
1753331665,@LunarLife hes definitely my fav host ever!  Can't wait to watch the rest tomorrow!!,happiness,happiness
1963349366,Now I have no SKy until Monday,neutral,neutral
1963113263,so wanted to go to the Basshunter concert tonight.  so so so wanted to.,sadness,sadness
1751001174,"@psuperstar the problem is, superstars always deliver huge files! too much energy pixels",worry,worry
1965887598,@Pointman24 I always yell TRADE ME when I see old people with super nice cars. I have an old people car,neutral,neutral
1963728281,@xxAnnaSxx oh I'm sorry for that. how old was your grandpa?,worry,worry
1753006311,Had an awesome lunch with the family &amp; now dinner with the in-laws,happiness,happiness
1753696004,"Lady Gaga - Poker face (acoustic)  is really really good, she really can sing",happiness,love
1694880056,School then football then with alecceeee,worry,neutral
1965090524,I hate waiting in lines,hate,hate
1966178241,@materialistic i know i suck.  my data plan is weak sauce.,sadness,worry
1963211705,working weekend it looks like,neutral,happiness
1753532889,@MyCaribbeanFood enjoy and congrats! thanks for the recipe we'll do it tomorrow morning.,happiness,neutral
1966279165,"@djflykid Ooooh, boo!  We only see each other at the bar (at @titusofalltime's well) or miss each other! I'll make a pt of stopping by! ;)",sadness,neutral
1694221255,i love the feeling of a finishing a 10 page paper,love,worry
1694648064,"says new layout! Back to default Plurk themes, yay. Pero dumugo ilong ko kaka-tweak sa font ha.  http://plurk.com/p/rprmr",neutral,neutral
1751358606,i know when Alexx's debut in Big Butt Magazine comes out...because she loves me,love,happiness
1963110874,@WerewolfSeth i think my niece got me sickee  lame.,happiness,worry
1957523139,"i'm so worn out, this week has sped by soo fast. gonna ask mum if we can go to the movies. i'm desperate",worry,worry
1751178610,I am sitting at the computer eating grapes  it's hailing outside! o: I MISS SUMMER.,sadness,neutral
1753728489,Gloomy day can't stop my bliss.  I hope Ronaldo will score in derby match today.,happiness,worry
1694147382,"@noravrenezi, Heeeey dear! Finally found!",love,relief
1695220645,Making Banana Bread,empty,neutral
1694473679,@David_Henrie how are you?what are you doing?answer me plz,neutral,worry
1961618161,@larrygadea  but I'm sure you'll find a new set of challenges at twitter. Best of luck.,worry,happiness
1960630103,@NmcDee Haha ....I Cudnt Get Tickets For Dublin ..I Was soo Upset,worry,worry
1751251766,Literally had the worst dinner out ever tonite. So tired of mediocre food in the 'burbs. *sigh* At least we can get good ice cream,hate,worry
1957325063,"@Nanava_3 U know - kids do what we DO - not what we SAY ... well, don't we all, really  ....",worry,neutral
1957220804,i wanna be love drunk,love,love
1694089356,"@amiong factory ng Elmer's? hihihi. sorry, corny! baka si ate ruby, alam!",empty,neutral
1962711785,@DopeAlicious I'm sorry,love,sadness
1753137671,listening to some brandy...never say never cd,neutral,neutral
1694400313,is sick!!!! and just chilling tonight watching Desperate Housewives,sadness,worry
1753466536,"now on pg 237, night",neutral,worry
1752383430,Yes... I'll have some ice in ice tea please  LoL,neutral,neutral
1753804396,Hockey was so fukinï¿½ good  Fuck you hole! xD,hate,neutral
1961478769,So cold in here!  getting the chill,worry,worry
1965929749,@robo__rob IKR. but i hate the lack of troyella  ggmow always makes me so sad,sadness,sadness
1960617748,@pennydog Yucky!  Time to bring out the vaccuum and go to War. Our house is always a spider haven for some reason. Not cool.,worry,neutral
1960498619,@unloveablesteve Morrissey cancelled on me,neutral,neutral
1957024334,@seemouserun so I tried jumping without the trampoline and its like thud* thud*  shouldn't have eaten that cookie.  http://myloc.me/1XIz,worry,worry
1964808124,@theAmberyOne I would like to be able to go just to ONE of those,neutral,worry
1752942276,@jtug all the photos  niceeeee,love,love
1752053325,@Ayosilva when in doubt go with the instincts.,surprise,worry
1957047571,Taylor Swift and Joe Jonas looked really good together. I'm kinda sad they broke up.,sadness,worry
1964532001,surgery effin hurts,sadness,worry
1957590387,I'm tired. I think I'm becoming too old to go out.,worry,worry
1965906016,@iliveinbetween i graduate at 9am on Sunday June 14th...,happiness,neutral
1966198646,@Bea0414 eh..not sure daw guesting ni cha on monday,neutral,neutral
1957076214,@BuzzEdition reminds me of the weather a month ago it was horrible  I hope all is well hugs,worry,worry
1751104391,@Lizzs_Lockeroom Maybe   But you start to really like a team after living 12 years in the city.  Was there for 2 Cups.  Awesome!,happiness,neutral
1753415479,wonder what white supremists have to say about this  I abhor racists. http://bit.ly/Rd31F,hate,worry
1694437100,"@Littlepiddle1 hey chicLit whats happening? Just trying to promote my business, it's really hard!",worry,worry
1753348253,"@Emoly_ really!? that son of a bitch, screw him, ill talk to on msn later k  xox",hate,worry
1961858751,has a gym day and is hoping to enjoy the last Friday of her twenties.,sadness,happiness
1964015849,"@TehBlue I don;t know how they interact. I'm getting better with the pain, though. I want to give my poor liver a break.",sadness,worry
1751212416,Dad and Mum are heading that way and I normally jump in the middle and thash about a bit while having cat chasing dreams,neutral,worry
1963549094,"@bradleemeredith Awwwww, i'm sorry",worry,sadness
1965728025,@allisonfelmet What's wrong?,neutral,worry
1694125983,"@bhackett Hi, I teach some Chinese lessons on youtube... Feel free to have a look  www.youtube.com/ChineseLearn",neutral,worry
1957523236,"@ddlovato july 21st!?? that means at your concert I won't know all the songs.  oh well, yay demi!! &lt;3",love,neutral
1965009423,They wouldn't reverse any of my overdraft fees.,hate,worry
1960269287,"@SarfaBarfa My friend Cliff has the tix, so I have to wait on him   Or you can ask trent to just let me in.  You  know, over all else &gt;.&gt;.",worry,neutral
1966335615,@cityofedmonton - the service on the west end of #yeg is a joke after 6pm. And the 2 and 150 been late doesn't help.  #yegtransit #fail,worry,neutral
1752672045,its mothers day,worry,love
1966219921,@BBKwieen all of em! Hahahahaha sry,fun,happiness
1694905992,"Shopping. Cleaning. BMFing. Webcam chatting with nephews. Nothing spesh, but a good bank holiday Monday nonetheless",neutral,neutral
1694811432,&lt;---My expression watching this again: http://tinyurl.com/eqbwe,neutral,neutral
1960759416,I know that just sounded really stupid.  having 2 jobs sucks. I don't like feeling like this. I feel bitter and angry. What am I? 70??,worry,worry
1960459566,Good Morning. It's Friday and the start of my work week  But... Lakers are going to take the 4th W tonight. Woohoo GO LAKERS!!!!,fun,happiness
1694204371,@Hayday12 keith... im better now,enthusiasm,neutral
1964377244,What happened to the warm?  I will commence pouting until it returns READYSETGO,sadness,neutral
1957483776,"@sweetavalanche haha yeah i know  yeah, things are okay, pretty much the same. i'm slowly sorting things out.. exams are coming D: haha",love,worry
1694017070,if you cant hide the tweetie icon why not change it   http://twitpic.com/4j92o,neutral,neutral
1962417041,"off to go buy more deck sleeves and 3X3 card pages.  Man, those pages are expensive!   Stupid organizing collection.",enthusiasm,neutral
1694051924,"Hey dudes, 4AM. Please check out my blog at http://stevencohmer.blogspot.com and my youtube channel http://youtube.com/stevencohmer",worry,neutral
1752617887,@fatally_yours that's stunning!,happiness,neutral
1751034214,Chatting w/ Calyx.,neutral,happiness
1963991825,producing the 6 with @PieterBickford then anchoring... and a sad goodbye to Miss Lynne Ashminov  we will miss you!,sadness,sadness
1965762158,@Jaz_paige aww hey! I didn't know this was you! LOL. I'm sick. No outtie for me.,sadness,worry
1753634347,@casual_intruder well said...please take him off my hands..i can't cope !!!! Set that fox on him,worry,worry
1965594815,@greenphoenix09 thanks!!! But ummmm can't find that option  http://myloc.me/21F2,worry,worry
1960632260,"Lunch time! Feeling really odd today, generally not great",sadness,worry
1751175633,and I bought FOUR ties  http://tinyurl.com/pvajlm,neutral,neutral
1696135084,out shopping....,happiness,neutral
1751714893,I would love to sleep with pete Lmfao   jk,fun,love
1962569426,"Not to thrilled about the marathon this sunday, they assigned me on the street. Less $$$",sadness,neutral
1751325467,"i thought ur account @DavidArchie was fake. but, it's true, sorry david!",neutral,worry
1694954348,@mrsblankenship  can you follow me so I can DM you?,neutral,neutral
1753631708,@newtoid oh jealous. Though you're missing the fried potato bread,happiness,neutral
1957147618,@colstewart You're cycling tho' that's good. Healthy eating  Healthy and eating are a contradiction in terms.,relief,neutral
1751395347,Alix's graduation party!,worry,worry
1964015646,Last Late Late with Pat Kenny! Bless,happiness,neutral
1751214048,Now only with Windows 7,neutral,neutral
1960910528,Today seems like it should be a good day! Even though my fuel pump is going out on my car  *~xoxo~*,worry,worry
1752506446,beach...yummy steak and catching up on 'lost' with my man...lovely day,happiness,neutral
1753650476,@rssanborn games? Just wanted to clarify,empty,neutral
1695411090,"This completes today the 4th of Mayï¿½s entry. For the new day, invite a friend to come along to reflectively in-joy the read ï¿½  ï¿½",relief,happiness
1962149069,almost done with my first day at the spa...I missed this place! Then headed to Fort Collins to close down casa de kent,happiness,neutral
1695804462,my body is aching. I can barely move...but its worth it to be champs,worry,worry
1750895475,@misssprintcup http://twitpic.com/4w06l - LOVE IT! U have a great job!!,love,love
1753569208,@ParentByNature that is so lovely,happiness,love
1753236905,"@heycassadee thanks for following, it means a lot to me  i love hey monday!",love,love
1961613794,"is it too late to jump on a plane to Richmond, VA and go to the Conditions concert?! ...i think that's a yes  boo my life. and ohio.",worry,neutral
1694221360,@ralphp eagerly anticipating twitpics,happiness,happiness
1694835645,hopes everyone is having an amazing bank holiday monday. NO WORK,love,happiness
1964946925,Is heading home from foot surgery and wishing she had a boyfriend to come over and cuddle with,relief,worry
1753836802,Law week is gonna go the fuck off  SO EXCITED,happiness,worry
1962199371,@P33ZY  My Power was cut off  thats where i went,worry,worry
1753008958,feelin nice after this bottle of bacardi,love,happiness
1695766036,"@Deirdre_Morris Congratulations! what a milestone for you and your girls! I'm almost at five months, just for one though  You rock!",love,neutral
1961176385,"So yeah, things aren't going so well for me. I'm getting to feel like I haven't felt in a long, long time.",worry,worry
1695281281,Watching loudQUIETloud documentary about the ever awesome Pixies. Realised Joey Santiago and David Lovering are Twitterers. Fantastic,happiness,happiness
1965802162,Trader Joe's &quot;sushi&quot; is a fail.,empty,neutral
1963068802,My replacement iron ring arrived.  It's shiny.  And a bit more jagged than the original,relief,neutral
1753175755,@beyondthestars omg! shannon Happy Birthday!!!! I'm celebrating for you!,love,happiness
1961241573,@elijahmanor targeted browser for what?! I just read that Windows Mobile uses the IE6 core as its default.,neutral,neutral
1752962439,The battle at Minas Tirith is still very impressive. Return of the Jedi is the best Lord of the Rings movie IMO.,love,neutral
1960149869,@TheMandyMoore good morning sunshine. sleepytown is sleepy.,happiness,neutral
1961091640,@captaincarrott  you're mean to me. You're gonna have to have pizza tonight or it will go off.,surprise,neutral
1752021616,"&quot;Bad words are a crutch, they lead to tattoos and peircings!&quot;  Hahahaha!",happiness,neutral
1753006823,likes the smell of the roast in the oven mmmmmm must have dips and sakatas to tide me over till the roast is cooked,happiness,neutral
1753871921,"Headache is gone,thank god!Time for tea i think",happiness,neutral
1962458576,@emuhleepee Why?,empty,neutral
1694686028,"oooh babies, i wanna hug you all",neutral,love
1695137775,watching spongebob,neutral,neutral
1696178713,"@RFleeshman  lol since I got twitter a little while ago, it seems like loads of people setting up an account",neutral,neutral
1750999045,hanging with Bri,neutral,neutral
1962114976,Molly keeps punching me cuz she sees yellow cars. I'm gonna be covered in bruises. I don't like this game,fun,neutral
1963505519,"@MommaSalty Aw, sorry about your cat   No worries about the blankets, I was just wondering, I'm in no rush, take your time!",worry,worry
1695250865,"has two finals left today, then starts her big girl job tomorrow",worry,worry
1694647779,"@GeekWearsPrada Wasn't all bad #celtics won! But yeah, hope the #redsox do better. Good morning BTW.",worry,worry
1694309871,"lol simpsons S20E19: &quot;first day at your new school, so lisa: have fun!   and bart:  DON'T!&quot;",happiness,happiness
1957427070,hates continually getting sick whenever he has exams,sadness,worry
1753869591,ps liam we're going to look like tools on the train to the city  hopefully we can scare some old people,relief,neutral
1960446216,@TALENTEDGENIU5 and that prob wont happen....,worry,worry
1963083363,Thunder &amp; lightning scarededededed me!,worry,happiness
1753806665,@jazz_machine lol - Good evening/morning/day (just to catch everything!) to you too!,enthusiasm,happiness
1694978220,@stevencohmer - and yes i like the vids,relief,happiness
1753217674,Just got home. :3 Was pleased with Star Trek.,worry,happiness
1960460785,Vacation over!!!  Looking forward to the next one........,happiness,neutral
1752158420,@TrevorAB aww you poor dear! But it was awesome you came out to race!,worry,happiness
1962171118,No gas PLUS no money = Desperation!!!   and that's the word of the day!  http://twitpic.com/66zls,anger,neutral
1753646975,watching americas next top model yah haha,happiness,happiness
1753218751,Happy Mother's Day to all the Mommiessss,love,love
1695251336,"@GlovesElectric well then you should come, nigguh. Only thing is i may be going to like Phuket or Bali afterwards",neutral,neutral
1752985660,"OMGoodness, I need sleep........",neutral,worry
1753115890,good morninï¿½everybody  happy mothers-day to every mom,love,love
1961974653,"@frgmnt I know, lame.",sadness,worry
1960672880,Ok super bored... guess no one else it,boredom,worry
1961748925,@dsml dont depress me  I have the mother-in-law staying the weekend. Someone else to wait on other than the kids!,sadness,worry
1751325234,"@mstrillian sorry I can't help it, hopefully it rubs off on you.",worry,worry
1752647458,classic SNL digital short tonight! Be my mother lover  ha ha... too good!,love,love
1752774531,"@JeffTracey I have wacky on series link so it records for me automatically  I'm good, How you doing?",empty,neutral
1752125555,watching ace of cakes  its suwweeeeet they use alot of fondont or howeva ya spell it.(:,relief,neutral
1694745544,"@ovidiunegrean thanks, nice app  i will take a closer look.",love,happiness
1695581741,@jspruett have a safe trip joshy poo.......you'll knock them dead at your speech,enthusiasm,neutral
1752290581,@SherriEShepherd   you deserve so much better... hang in there good things come to those who wait!,love,neutral
1694349443,"@uhandbag I will  I enjoyed doing the peg bags, I've adapted the design for a tote bag  Bit cuter than I normally do",happiness,neutral
1965564453,26 pin multi core cable goes bad just B4 service,worry,worry
1753679618,I Sing Everytime,neutral,worry
1961487855,"when i cheered,i yelled SHAKE THESE at the end of a chant and did the suck it &quot;X&quot; and got suspended &amp; had to give a public apology,lol",sadness,worry
1694238715,"Finally welcoming new #followers: @syedbalkhi, @knowem, @avilan, @jkneen, @webfusion5 &amp; @jonathanengalla. Tweet on!",surprise,happiness
1963729397,@KittyBuffieKat I know Buffie. I am sitting in my office instead of going to see Ms. Kane. Major bummer,worry,worry
1695193069,@dboyd1 Yep. Nothing to worry about.,relief,worry
1751610566,@SmBizGuru You are very welcome. You deserve #followfriday every day!,fun,love
1963341196,@LostMyHeart Gourmet pizza = BLEH. Pizza is SUPPOSED to be greasy and filthy. You can't eat pizza that's been prepared by a chef.,worry,neutral
1965676556,@hopei91 I am lost. Please help me find a good home.,worry,worry
1695846320,"@mela0521 dont think too hard, its bad for your health  lol love u girl",worry,worry
1964322038,GREG NOOOOO DON@T LEAVE ME  U SHUD HAVE GONE THROOOOOOOOOOOOOO!!!!!! im gonna find u restaurant don't worry lol  cry cry cry,worry,worry
1963547671,@Lynsay mine wont turn on,neutral,neutral
1752385341,Back again. Almost the last haul.  - at Wagner's Casa in Bend http://shz.me/5ke,neutral,neutral
1965278020,@PHXPhoto No kidding there! Ugh ... One thing I know for sure - it won't be me showing the property this weekend,sadness,neutral
1752964498,"Well ive had a twitter account 4 a while, but just started using it.",neutral,neutral
1960874743,@Kainz_UK I'll hopefully get a chance to play it tomorrow. Hope it's good otherwise I've wasted so many points,neutral,worry
1694273302,is watching neighbours!,neutral,neutral
1751608562,@snookca looking forward to the reading this post as I like your 'no bullshit' writing and often learn a few things,hate,neutral
1963707664,Fuck the day flies when u got 3647 things to do and only 8 hours to do it in!!,hate,neutral
1966129469,@deegirl825 you're just unhappy to return to occupying the same city as me  I am cry now too.,worry,sadness
1751715723,Just got done watching Bedtime Stories! Love that movie!,love,love
1956988223,"Last one month due to summer, strawberry is not availble in the Chennai markets!",worry,sadness
1751886103,happy mothers day to all..im gonna help mine right now.she deserves it..you guys should too..,love,neutral
1753870575,Chillaxing in Hyde park,surprise,neutral
1960138824,today has not started out very well,sadness,neutral
1962267254,It's gonna suck being the only sober one tonight,sadness,worry
1695003298,just got home.  errrr... V.Luna hospital is so far. :|,neutral,worry
1958136518,: nothing to do,neutral,worry
1695963009,@alansmitheejp yeah i want to know what that is too!,worry,worry
1961540483,Well poop.  Looks like the office doesn't have the keys.  I don't have the keys.  Neighbors don't have the keys.   Bike rides from now on.,worry,worry
1963090682,@cassieventura I know how you feel cassie my cat went missing 3 weeks ago still have him on my display pic miss him so much,empty,worry
1962836290,I'll guess I will see everyone after the weekend  Gunna be having major Tweet cravings the entire time!!...,worry,worry
1694625859,@StaciJShelton Well tell me what fashion tips you need and I'm your woman  hehehe,enthusiasm,neutral
1752414139,"btw. ear is getting better! its about time! finally - i say goodnight twitter world, (even though y'all are already asleep). xoxo",relief,neutral
1963179761,@lorenatierra I'll be back home on Monday.,neutral,neutral
1961764762,"Oh well, there go my hopes for seamless transfer of blog  however I am now on track and will have it up and running sometime this eve",sadness,worry
1963277683,@rachelyn082909 i think i ordered a few days after you. Maybe you got something that was on backorder?,worry,worry
1966162343,UP is out today!!! Why why why why does my head hurt so badly??!?!??!!?   I want to see it!!!,worry,worry
1962061347,This is California it has to be sunny... But its not ::::: makes me kinda sad,sadness,sadness
1962167935,tired but have a lot to do.  Looking forward to tabletop gaming tomorrow as a break from my constant programming,worry,worry
1752255763,@BoyceAvenue hey guys it's leann. . i dont know if you remember me but i just wanted to say that i'm very excited to see you guys go far,happiness,neutral
1695619987,@missyIbee Not a problem at all sis - respect due,relief,worry
1694384908,is very excited! jonas tickets are on sale 2morrow,surprise,neutral
1962586857,@jjskidmore i was in front of u the other day i waved and u didnt  off to eddie izzard now!,neutral,neutral
1964119722,can't find her favorite Nike shorts,worry,happiness
1753485201,bbq party,neutral,happiness
1694366518,hold on to what you've got,enthusiasm,worry
1753552215,had a cool lil night. Now at Berrie's about to eat pizza waitin for @NOEL4PRESIDENT,happiness,happiness
1965220377,"bummer, my phone gets disconnected. on the weekend of my birthday. darn &lt;/3",surprise,worry
1962812559,In denial about the moving van parked a few blocks away.,sadness,worry
1696085525,Day of writing,neutral,neutral
1694439026,@locuta did I miss something??,worry,sadness
1695052977,@iamSteveZapp I've noticed!  enjoy another rainy day!,worry,happiness
1965824327,off to bed with my sore nipples,worry,worry
1753331223,"@ddlovato http://twitpic.com/4vtlm - awww, she is really cute",neutral,love
1961035706,My mind automatically wakes up at 7. Huge fail -- it's SUMMER!  Good morning nonetheless. Gonna get ready for work now.,neutral,worry
1956987950,.. I'm suppposed to be sleep. But i got some much to do. &amp; i got that one part of the song stuck in my head &quot;your a jerk (iknow)&quot;  blaahh,worry,worry
1966091942,"@ss1271 yes, that's what I meant... I don't have anything to turn it into Hirigana, though.",sadness,worry
1694181720,are you talking to meeeeeeeeeeee???!!!!!!!!!,surprise,neutral
1957681266,wonders when all of these end... hay...  http://plurk.com/p/wy9wi,neutral,worry
1966280446,"The ballerina family is super nice, albeit a little too controlling of their son's life, but the bayou family is so judgemental.",neutral,worry
1962195602,@_HarryKim OOC:  It's okay.  Maybe our schedules will work out soon.,relief,neutral
1695731360,back to school! feels like its gonna be a great day,happiness,happiness
1751714305,is Level 58  http://plurk.com/p/stvri,neutral,neutral
1694684775,@MissMary i am so jealous!!,hate,worry
1960386291,Ugh going to town. I can never rest!  wants to go to tylers but who knows when i will get back. (exausted),neutral,worry
1694016064,@Meghaaa lol. sounds like don't call me babe  have done that too !! have you thought that over ?,worry,neutral
1964641229,"is on her way to Seattle! Yay for Seattle, boo for Matt leaving.",sadness,neutral
1960991350,@trvsbrkr not working here,neutral,neutral
1753696119,"@mattcampagna You know, your updates are really amusing.  How was the prop auction?How much did that baseship bed go for?",happiness,neutral
1752895298,"has gone through about 6 tea bags , call me obbsessed , i say thirsty",relief,neutral
1962835812,Just finished weeding the flower bed. Why is it the weeds grow so well but legitimate plants hate me?,worry,neutral
1956980788,"@Mennard time diff and i've just been wrapped up in day to day stuff so i havent been tweeting. talk soon,must sleep...up in 6hrs",neutral,neutral
1957714838,knee surgery.... back home for about 6 weeks,sadness,worry
1963232683,@AJDADDY ima cry tht was mean,neutral,worry
1751502167,@SeanScottPotter I'm watching girl movies all night! Great night for movie night,enthusiasm,happiness
1960868483,"@BD_illustrated Me Too! Its hard to argue w/ him 'cause he makes some great points, i just can't wrap my heart around that one",happiness,worry
1961091131,"My poor wife.  I'm laid up for another 6 hours on doctors orders, then can't do much and she is dealing with screaming baby",worry,worry
1753347976,"Morning all its beautiful out already, glorious sunshine. Wash and vacum car Done, fill with petrol Done, bbq stuff buy Done.",happiness,happiness
1752382476,Rescued two adorable pit mix pups today.  LC and Brody.  Looking to adopt?  E-mail me for more info and pics!,love,neutral
1957451625,It's so hard to settle on a name,worry,neutral
1957186277,we can get a temporary tattoo. I would be totally sad if he died.,worry,worry
1960998783,Sometimes it hurts that pets cant talk back to us. What if they are in pain. How would they tell us.,worry,worry
1753694076,@kiwi_from_hell @sporkess how's monday for you?,enthusiasm,happiness
1966086127,"Wow, the new Google icons suck   http://bit.ly/z7JIE",neutral,neutral
1694313558,@martincarstens I think your just trying to make me feel better!,love,worry
1753535169,Proud 2 B a trekkie . The new Star Trek movie RUUULLZZZ,happiness,happiness
1966005176,Boyfriend is out with friends tonight. Don't know what to do with my evening,sadness,neutral
1694748187,"@ninjastalk HEY, BABEE. ) LOVE YOOOOUUU. &gt;&lt; RP time.",neutral,love
1965448718,craving coffee,neutral,neutral
1753076033,"@ScottATaylor Other than that, you are totally bereft of faults in every way",enthusiasm,worry
1965069250,@Juicytots yay!! we'll all move!! sorry dh is being Grr...  xx,worry,worry
1965940539,cowering from pain,worry,sadness
1694146999,@flickstack hehe i will never thorw out these shoes  i'm listening to varsity fanclub surprise surprise  sway sway baby is awesome,happiness,happiness
1957036183,@SuperFiasco  I'll make him nachos tomorrow. Better than if he would have made them himself.,neutral,neutral
1752259270,Sturday night live,happiness,neutral
1960450455,I feel like... I'm not gonna make it this year,neutral,worry
1695002933,"@phil1612 download iEmoticons from the AppStore. 0,79ï¿½. But cool",happiness,neutral
1966002211,At natalies just finished work. Had the most AMAZING peanut butter sandwhich EVER. &lt;3333 I miss your faceeee,relief,happiness
1752773522,"@MoCo love that lamp!  We're in Sydney, Australia",happiness,love
1751680636,pretty tired.. was going to the movies but decided against it.. im pooped,empty,worry
1957251669,so much fun at the beach today!  and delicious dinner at @kimbononowowo's house!! i friggin love Mark and Josh!! I'm gonna miss them!!,fun,love
1960310709,sitting in the parking lot-by myself  i miss you baby. couple min til i gotta deal with a bitch. then i'm peacin' out and hitting the gym,worry,neutral
1962064379,at school again  its boring and these people are playing country and it sucks !!!!XD,enthusiasm,worry
1962894054,I JUS FOUND MY I.D. FINALLY ; IT WAS IN THE LINT THINGY IN THE DRYER LOL ITS ALL BENT OUTTA SHAPE NOW  IM MAD,surprise,worry
1963498848,@ZeenaBoBeena im sorry. I fail.,sadness,worry
1964665649,missing @justbrad on his birthday,sadness,worry
1965308341,"Missed the WBC counterprotests.  But probably going to WaterFire with Ben, yay!",worry,sadness
1964773448,@ashleygaskins  sowwy. Lover you,worry,love
1957615489,@riineySTACKEDx lol cnt its too slow,neutral,worry
1751785986,as we were disembarking @ Tswassen we saw a pod of killer whales ^^ i'd just finished pointing out that i'd never seen bc killer whales.,worry,neutral
1966246467,": I saw US Postal was hiring, but once I was done filling out the pre-application thingy it didn't show me jobs open in the area.",hate,worry
1957613114,@JeremyRylan I'm on mobile web and it won't let me  it looks awesome though....and no one reads my tweets anyway.,sadness,worry
1694510865,my monday running so fast!,love,sadness
1963107385,"@brutalhoney I think #FF should be Feline Friday anyways, I want cat pictures. Maybe those are only for Caturday though",neutral,worry
1964325215,is not having a good day... I havent had a good week forreal!!,sadness,worry
1957697529,I thought when u go #2 your tummy is supposed to feel better not worse,love,worry
1751954520,My my I have never watched so many movies in one night with my mommy,surprise,worry
1751885680,@LisaTheDiva all late but I seen your bubble tweet video ) awww,love,neutral
1694437412,"Oh before I forgot, Happy Star Wars Day! May the Fourth be with you!",happiness,worry
1694347543,@susieblackmon I know what appeals to you with knitting! Believe me I KNOW!,happiness,worry
1961909966,@nellclothing I cancelled a run in favour of... staying in. Wish I monies for pubulation tho,sadness,neutral
1957444593,is seriously heartbroken!!!,sadness,worry
1751751284,Steel Magnolias gets me every time.. SNIFF... LOL!!! V and B make my days and nights brighter too,love,neutral
1752054829,Good night peeps! Give to your mom's the greatest love you have   xxx,empty,love
1960446720,on my way to work! working sucks big time,worry,sadness
1963725618,"@lobsterandswan Itï¿½s a beautiful blog, but Iï¿½m not able to acess it anymore!!",sadness,neutral
1695375151,"@bernadeth oic, where in Cavite? no sorry im not from America ... if you can see my profile, there's no word like America there",neutral,worry
1694419788,"Good Morning BTW - A public holiday in UK, love it  and dinner tonoght with 2 special people.",love,happiness
1751573111,"twittering, texting, and ipoding. i love the invention of mutitasking!",love,love
1695249501,Just learned aobut #starwarsday. Thus: &quot;There are only 3 movies and Han Solo shot first&quot;. Deal with it,neutral,neutral
1695138059,im almost to 300 updates. 200 more to goo,neutral,worry
1752288240,Is watching the cat in the hat,neutral,neutral
1957666935,had the lovliest night last night but was ruined by doctors inability to warn me of side effects. back again for more tests.,happiness,worry
1957681827,Anyone got any remedies for neck pain? Haven't been able to turn my head properly without a bad twinge for a few days now,hate,worry
1753007267,@FinIsKing thanx 4 thee follow,surprise,neutral
1753852815,"just got back from footy, thankgod eagles won",happiness,happiness
1694109554,@larainefan She does especially Pink ones LOL  What beautiful creatures they are!,happiness,love
1694403068,@Sixxjohn well then close your pretty eyes and count boring sheep  you'll be sleeping in no time,worry,neutral
1695620094,Catching up on #dollhouse Yay Alan Tudyk aka Wash is in it.,surprise,neutral
1958089527,@zachsang when nina picked up my call lastnight i didnt know she was talking to me and i like totally didnt answerr,sadness,worry
1963793394,"i wanna do something tonight, but that doesnt look very promising",worry,worry
1961224416,@IamABoogs oh plzzzzz u never had time for me!!!,worry,worry
1960450705,Friday is the new Thursday,worry,happiness
1753096878,"PB&amp;J makes me happier than anything else in the world  I love that when I'm tired, my demands are so simply met",relief,worry
1966170531,@cthundr How could you go to Cali without me??? I'm sad.,sadness,worry
1963305108,Babysitting in the sun and heat. I'm getting lots of freckles,worry,neutral
1962200824,@nick_carter THE LINK DOESNT WORK,empty,neutral
1965512172,Need some coffee... Getting serious withdrawal symptoms,worry,worry
1961124830,I need to get back into daily tweeting. This hiatus sucks  What also sucks is GSN interrupting shows while they're airing. &gt;_&lt;,sadness,worry
1958122038,So guttered that Ruby got eliminated from NZNTM..  I'm all about supporting the locals. Haha. Hosanna better not win..!,sadness,neutral
1752289074,Fun is being had.,happiness,happiness
1963792125,"had a great time last night, but my eye is burning !!! it hurts bad",hate,worry
1694144717,"yaayy, cannot wait for today girls!  gotta get dressed this early, because were going early!",happiness,worry
1751751874,blogging..it's my new passion,neutral,love
1752617468,"@torridcrafter One of my good friends in the states has it covered now, but thank you again!",love,neutral
1962565750,Swolen as shitt  boo hoo,hate,surprise
1961179186,@Sak_Pase I guess u ain like me den.. My hair cut short..  lol,happiness,worry
1966209836,just got sold out from UP,fun,neutral
1965009579,karma is a bitch ! i just got hung up on  lol i'm still a big dawg though,sadness,worry
1694511051,@willembuchner I'm putting in Societe Generale in China. Very interesting stuff but has me away too much ... gotta fix that!,worry,neutral
1962016753,@JonasBrothersOx umm..nope not anymoree,neutral,worry
1752672283,@ChrisPeezy angels even though I'm probably not the third... ANGELS AND DEMONS,worry,worry
1753050199,"@BrisbaneGirl I like tweetie better, that is what I use all the time",relief,neutral
1960219020,"My anticipated meet up with Tapan Parikh is no more  apparently he wont pass by Nairobi, and will head straight from Mombasa",sadness,worry
1965843565,I forgot I moved 100 east...make that 8 hours home.,neutral,worry
1694221644,@KristinStewart SherriEShepherd gave the link for @Brento http://www.brentozar.com/twitter. He gives Twitter tips. Hope this helps,neutral,neutral
1695477180,studying the american revolution...george washington,neutral,neutral
1966281141,@PheenX crud is all I can say,neutral,neutral
1751987518,Wishing all a Wonderful and Happy Mother's Day,love,love
1966267369,aw now where's that little asian girl who runs round pooping her pants in public? i miss laughing at her.,boredom,worry
1694162339,@charlesjwebster  pleasure  anytime,neutral,love
1957008287,Spent last night in A&amp;E (ER). Wife tangled wheels with Daughter &amp; hit the deck. Dislocation &amp; fracture resulted.,worry,worry
1963869161,@Airrun Oh yea! I didn't think it was open yet! They took over Ben &amp; Jerry's.  I loved that place.,surprise,worry
1751034402,"@Jonasbrothers OMJ I loved it....it was a good laugh and Frankie did a great job, and you guys did too ~Agnes",happiness,love
1957140914,"@Anime81  I'm soo sad. It's just on the edges of the pages, but it's not gonna come out. *cries*",worry,worry
1751573889,@Jennettemccurdy http://twitpic.com/4w7yp - this is sweet.  im loving those bracelets btw,love,love
1694091113,@chregu block this IE6 shit,hate,hate
1960460013,browsing nd watching barca win da champs league,neutral,happiness
1752193729,Had a good day 2day!  off to bed. Nite tweeps.,relief,happiness
1963452766,@tmg25 i tried to help,sadness,worry
1695374755,@iloven3wyork Thanks,neutral,happiness
1695884607,@foxandfriends I am glad to hear that you are ok. Without you they would have to rename the show to  &quot;Just Friends&quot;,love,worry
1750964630,"wow, nothing like a sale to perk up a girl's evening, huh!",love,neutral
1965533372,@nathanblevins  Maybe next time. Can't be away this weekend as much as I'd like to jump in the car and go. ::pout::,sadness,worry
1964052951,Staying after school today,sadness,neutral
1965459482,usually when im gone celebs come on its so unfair,sadness,worry
1753696850,Singing along to MyChem.,happiness,neutral
1752942577,@Infidel007 people ask a lot.. and plus i thought id contribute to a SYKES to the trending topics,empty,neutral
1957378778,@AravindJose thanks dude. Being a low level business man its hard to get normal credit cards..also our place is not listed with any bank,hate,worry
1963027078,"@jaycool2k I do want to go for Peaches... but also Miss Kittin, pendulum, chase&amp;status and the bloody beetroots! its not fair",sadness,sadness
1966433803,"Playin City of Villains, wishin my buddies were playin with me.....",surprise,happiness
1751431016,"@fankri haha! thanks, Tiff   it went well, but they WORE ME OUT!!! lol. im too old for this ;)",worry,neutral
1693957485,@MrWize sike sike call it truce???????????????? u still a bitch and my ppl still gonna air u out tho,hate,worry
1961970531,"@alwaysafton I had an interruption in service on my phone, so I missed everything on Tuesday morning.",worry,worry
1694836084,"Calling it a &quot;night&quot; abt an hour early.  All brain activity will be prorogued until further notice.  Happy journeying, everyone!  x",neutral,neutral
1753805688,@esmeeworld thanks,neutral,happiness
1696085483,today got her POP! t-shirt &amp; lovess ittt  haha x,surprise,happiness
1750895713,There we go... apparently I wasn't properly setting the DateTime from a Twitter response before.  Need a test for that!,fun,neutral
1751645728,This is fun !  haha re guy from all American rejects looks like he's on crack!!,worry,happiness
1957543263,@UltraSub Too much details !!!    (But glad he is better),worry,worry
1753583964,He's a mess. But iLove him,love,worry
1751429999,Hehe nah just doing this and watching Ace of Cakes with @jlsegarra while our 4-legged &quot;kids&quot; run around. Couldn't ask for more,worry,neutral
1752414644,&quot;Never give up on something you can't go a day without thinking about.&quot; I like that quote.,love,worry
1752503595,listening to the new demo! This song is going to be fantastic once its done!,sadness,happiness
1695475181,tea numver 7  (i may start on the coffee in a minute but that has way too much caffene in :S),enthusiasm,neutral
1694257510,@zekemurphy Webmail is your friend...,neutral,neutral
1751212204,@agentdelblaine yeahh,fun,neutral
1965836542,Im not friends with anyone anymore,sadness,worry
1957501281,Disturbed. They sold the baby tiger I met in Thailand as an exotic pet. Greedy bastards,sadness,neutral
1751988917,@BHA It takes a big man to type a sad tweet like that!,neutral,worry
1964492325,@opalbonfante Wonderful! Let me know what you think. Not light reading,happiness,neutral
1965569412,i soooo want to get a Nikon D 90  damn y do they cost soooo much!,worry,sadness
1963454052,soo sick. i hate my life,sadness,sadness
1957568605,Have you ever realized you never fully have everything you want?  feelin' down.,sadness,neutral
1957481237,3) I really want to see &quot;Up&quot;,neutral,love
1963454786,@richardepryor You missed me!  lol,love,sadness
1696178907,@atxtraveler thanks! I will try #boarding out,happiness,neutral
1696134156,@sabrina215 YES!! cant wait. hope these vip passes help since people already campin out hahah,happiness,worry
1753434709,@chantelleaustin  Good one,love,happiness
1752350702,"@schappie That's just weird... :\  Oh, and what was it you were drawing for me?",worry,neutral
1695029231,"@AprilAMiller Its 5:30 in the evening, sunset time",happiness,happiness
1961871129,i wanna good breakfast with @ronaldorivera  school is wiggity whack!,neutral,neutral
1753650234,"right, caffeine levels topped up, few more hours revision then #f1 time  'mon the jenson.",worry,neutral
1695341864,@jeremydmiller ok... maybe not angry... just with very little sense,worry,worry
1752823627,@limeice obviously it wasnt coz u werent there  pc fixed?,neutral,worry
1966006155,@vmarinelliRVA Parvo sucks. So sorry pup has it.  I lost a puppy to parvo many moons back. Still sad over it. Hope he's better soon,worry,worry
1966295810,Lol I mean hey! That's mean,worry,worry
1694791886,good morning!,enthusiasm,happiness
1956988145,@lepetitagneau what's going on sweetheart?,neutral,neutral
1753772814,@twilightgossip I hope you feel better soon,worry,worry
1963235226,Packing up my desk,neutral,neutral
1696177564,"feels the same way about cherry-flavored items as Shannt does about grapes. Strange, but true.",surprise,neutral
1964215443,@EllabellCullen3 I can't. I'm on my iPod and it doesn't have IM,neutral,worry
1957224712,2orw!!!!! Nooooooo I want to go back to Newcastle!!!!,sadness,worry
1964005884,I have to work tonight  But I get my paycheck!,sadness,worry
1695618313,Is sick to death of doing French prep. I feel like killing a bitch.  chgehcfncshvd,hate,worry
1752725637,catching up on House  season finale monday!,enthusiasm,neutral
1965086707,"Just an observation: Aside from the riverwalk, there are pretty much no cute girls in downtown sa",sadness,neutral
1964018612,"At tweetup loc, but don't recognize anyone  am outside in turquoise shirt. Please see me! #g4c09",worry,neutral
1957561232,yea dude... 5'8&quot;! really!?,surprise,neutral
1694128549,"chaof anh. chaof cacs chij cacs mowj cacs thims.di`.hoj hangf thaan thik gaanf xa thoong gia cuoois phoosm,hic! gio moi nhan ra ko co VK",surprise,neutral
1753806564,@drewryanscott Awww that's so sweet  Wish you could see yourz 2,love,love
1695219980,"@Jonasbrothers wow, that's cool  bytheway, i love your new TV show",love,love
1694109382,"@Cody_K Why thank you ver much!  I appreci-fuckin-ate the compliment. I do my level best, you know. Can't let mother down.",fun,neutral
1751985694,had a GREATTTTTT day    taking Liz home now. &lt;3,happiness,neutral
1957137171,@leopardqueen @seekinspiration Have fun! I miss you guys a lot!,enthusiasm,sadness
1696043806,Good morning scary world!,sadness,worry
1963133710,missin the #ia2009 guys really,sadness,sadness
1751572433,"@Jennettemccurdy http://twitpic.com/4w7yp - Haha, she looks a little like me. I'd get ecstatic if and when I meet you.",love,worry
1696087663,I'm SUPER tired and probably could sleep ALL day BUT I work 12:30 to 9:30 today in Tool Rental... Oh the Joy!!,boredom,worry
1752255470,A little twitter mention on SNL,empty,neutral
1963994502,@mleshock Noooo! Poor SE,worry,worry
1694928166,Listening my own playing on a friends album and being disgusted by every second of it... Damn I suck.  Normal reaction. Every album.,worry,worry
1752257876,"@Alonis lol &quot;guys in their wet suits&quot;, I should go to the beach and view girls in wet suits",neutral,neutral
1752672846,@kingsthings the President was funnier,neutral,happiness
1753534488,@flamingokitty I'm surprised your bf didn't want to play with u! Although that would require another guitar...Glad u had fun,love,neutral
1695728782,May the 4th be with you. Happy Star Wars Day!   http://tinyurl.com/cjamjt #starwarsday #geek #dork #fb #awesome,love,happiness
1966106109,http://twitpic.com/67ykt - We are losing so far.....,worry,worry
1962695636,Poor baby's got his first booboo  that he caused himself LOL  http://twitpic.com/673vt,happiness,worry
1962954956,The bunuelos were a huge hit but i had to skip shopping afterwards.  let's see what kind of trouble i can get into here...,surprise,worry
1695509245,unplugging for the rest of the day.  Have a good one everybody!!,love,neutral
1965979712,about to rehearse...starving!!!,neutral,worry
1963994680,@pinkalici0us argh! color me jealous! That rain I asked for the other day still hasn't gone away,worry,neutral
1965372325,@mpvt another david hughes on your list? I'm hurt  @davidahughes ftw!,sadness,neutral
1753311096,the sun is waking me up. what a beautiful day,happiness,happiness
1957104830,Q: what studio created 'Open Season'? should google it or look at the dvd downstairs but feeling lazy,enthusiasm,neutral
1958119443,@CheskieBear gosh! i hate it. my school will start in monday too.  and my classes will start 6.00 and end at 12.00 i'll never had a chance,hate,worry
1751854682,@mshemoney Aw Yay,neutral,love
1957163634,I've got to catch the bus to work,neutral,neutral
1965697137,off work early,worry,neutral
1965527205,It's so hot tonight  ugh gross.,worry,happiness
1957041856,@wuzzyangel You never answered your DM I sent you....   I need your info...,worry,neutral
1957014493,I'm so very tired...and have insomnia.,hate,worry
1753293986,Going to get some strawberries for the champagne tonight!,happiness,happiness
1753052720,@nicaliciousx hale yeahhh that's the coolest part about it ;) hahaha. And I can match grieco!,surprise,happiness
1753902385,@renagades Have a great day..... if the rain keeps up I may go swimming instead of dining here,sadness,neutral
1960325505,@kngibbard03 NOOOO!!!!! I'm so sorry,worry,sadness
1694647220,Another great song to sing along with....    ? http://blip.fm/~5jhtq,neutral,happiness
1961174279,@Nisher Yeah yeah? How the heck are you anyway? Sastch it up again this year? I had to bail out for lack of expenses,sadness,worry
1960673237,Hey #rda2009cla presentation was too large to post!  sorry   (From rules to entities: cataloguing with RDA live &gt; http://ustre.am/2j3l),worry,neutral
1961865961,mcfonalds roulette i i lose. they forgot mygrilled snack wrap,sadness,neutral
1752086903,"@Ms_Nigeria oh yeah I know  We met when I was taking out the trash, hhaha",happiness,neutral
1957712115,"@IzzySc Hi Isla! I hope it does, too.",neutral,happiness
1965850226,i wish i was in cali wit mari nd lupita seeing vfc  not fair,sadness,love
1696089389,"Ah, that was easy  I just received the new link for the Reegie rig",happiness,neutral
1957515772,@grantarnow WHY DIDNT I SEE YOU?,neutral,worry
1966413423,stuck here  ~*Lady*~,hate,sadness
1750893779,@jeg007jeg yay  coutch:couch,happiness,love
1962366136,Is on the couch hungover--don't expect much out of me today,sadness,neutral
1964063480,@MelanieRicheson - I used to have NKOTB sleeping bag too!!  I don't know where it is now,sadness,neutral
1752592440,@AspaPhoto Ahhhh \you are soo smart  Thanks for this schooling of thoughts  Have you taught before?,happiness,neutral
1695656873,En el colectivo jodiendo con las chicas  i promisse upload photos then.,neutral,neutral
1694238716,@breadesign Congratulations chap! Pass on our love to Claude,love,love
1966217065,I miss vlogcandy,sadness,sadness
1958079432,"It started out so lovely this morning, now looks like it's gonna chuck it down",worry,neutral
1964627519,Working 930a-730p today. 1.5 hour lunch..8.5 hours work. Overtime = good. The fact that I'm already dead tired = very bad.,sadness,sadness
1961872401,has just woken up from a power nap. That feels better! Nothing planned for tonight though,relief,neutral
1694586728,mint choc ice cream whilst studying.....now thats good,happiness,happiness
1964834535,So I thought the Cavs would crush the Magic and I come home from up north to realize how wrong I was.,sadness,worry
1753399857,"@fuzzyorange i thought people only went to hounslow when they'd gone the wrong way, didn't know there was anything there",relief,worry
1752256514,"@robdyrdek my husband wears the same shirt all the time, think you can send some of that this way??",happiness,neutral
1960576036,@Eyglo That's beautiful! Thanks for sharing... My grandpa was recently diagnosed with Alzheimers too....,worry,neutral
1962723200,Roscoe - Smooth Sailin' WHY DID NO ONE TELL ME ABOUT THIS SONG?????? RAP FRIENDS U HAVE FAILED ME,sadness,worry
1965930508,driving past Tattered Cover w/o stopping  promising myself to make time next week.,worry,worry
1965978469,"Sad I missed @tylerhwilliams going away party due to too much work, but I really am gonna miss that kid",sadness,sadness
1694495342,"@PinkPixie bugger, that would have been nice but typically, we're heading to Bristol",love,happiness
1694494928,Just planted flovers in the school garden with my 3 yr old...VERY MUCKY but GREAT FUN,happiness,happiness
1957574803,tried to 'bing' today.. not operational in australia yet,neutral,neutral
1752124263,ans so the lion.......kicked the dogs ass!!!!,hate,worry
1956997619,"claire @breakfastnt love the show, got into the office @ 5am and no radio",neutral,neutral
1964214202,"@arnteriksen I'm having exactly the same day you are, man. Just buried over here  #FollowFriday",sadness,neutral
1962432013,@xchikax I wish.,surprise,worry
1694665466,Im really excited! cant wait,happiness,worry
1965378068,Dammit i just locked the keys in the car! had to call mama whos in laughlin to call AAA for me,surprise,neutral
1694293912,@zhayrar whoa rad ! coffee makes me stay up all night,worry,happiness
1962901259,@MsUndrstood My sister is graduating too &amp; I can't afford to buy here anything,worry,worry
1960533608,@TheCubs Cubbies at an even .500. So what else is new?  No matter: Beat dem Bums! #chicago #baseball,sadness,neutral
1752964885,@WaDuRosario yay! you should do it. just think about the animals and it's not as hard,fun,neutral
1751749975,I dont care what kind of graphics or engines video games have nowadays. They are nothing compared to The Oregon Trail and Carmen Sandiego,surprise,neutral
1694126457,I love that Joan Rivers says it's Family First.,love,love
1957613292,"@ubuntugeeks good morning to you!  No wait, its evening.  You still have a whole day of work to go before the weekend!",enthusiasm,neutral
1964006803,My apologies for the very impersonal #FF. Swamped today  All great people and great follows though. You can't go wrong with those folks!,neutral,worry
1962372540,@ruby_may http://tinyurl.com/n23akq &lt; that! its so cute and currently has ymas pumping full blast ! i dont know what to revise for comms,surprise,worry
1964744181,"google wave next, can't keep up with the 186 ways i can communicate with people now  what happened to good old fashioned letter writing?",worry,neutral
1962328675,@MissCalderon that was horrible. I didnt ask u to. But u didn't have to laugh about it.  it hurt a little inside here *pints toward heart*,worry,worry
1961770433,Around 3 hours left until a 3 day weekend and I have waaaay too much work to do.,worry,worry
1753197472,"Morning, I'm shattered. Couldn't sleep last night....got to sleep about 5am then had to be up at 7am! Doh!",empty,worry
1752823966,Happy Mother's Day Mom! I love You!,love,love
1695376371,@jabula Thanks  Give it 5 stars!!11,surprise,neutral
1694606711,@Beverleyknight  really? ur a brave lady walkin around those lions then.  any other book suggestions?,neutral,worry
1962829370,@omar10points haha calm down. Youll get ur shades. I'm still sick tho. So I'll prolly knockout after,love,worry
1694567756,"@memesijaitort thanks, I will send you a photo of my first.",neutral,worry
1695249017,Today is a blessed day,love,love
1753275709,@hanastephenson I'm good! thx.  and how are u? what are u doing?,surprise,worry
1957636881,i miss my daddy,sadness,sadness
1961908806,@ryansilk sounds like a great idea.  wish I could make it,relief,happiness
1752442931,"finally, holiday.",happiness,neutral
1752799344,"@AshlieRayann Ashlie, thank you.  You made me feel a little better.",happiness,happiness
1961062776,Trying my best not to share this lovely head cold,neutral,worry
1695885369,@Dementress BIG HUG FOR YOU,love,love
1966152865,@KrissyJill fuck.  It's only in Canada right now.,hate,neutral
1962837456,@MikeyUnderwood so no rice or crusty bread with the chili .... aawww,sadness,neutral
1694346980,Good morning twitter world.raining in dingle- hopefully means a busy day for me,worry,neutral
1753178722,"@disang iya, nyokap gue pernah berkata demikian  :-|  and it's so hard to share what we have",worry,neutral
1962773974,"So there aren't anymore exams, but there is only 3 days left. I've just now relized this is a bad thing.  And a good thing. I dont know.",worry,worry
1696045448,@mirnygirly If it doesn't work out drop me a line. I would love to talk with you more about this,happiness,neutral
1696003267,happy star wars dayyyy =D and hbd to uncle LEE,happiness,happiness
1964703006,OMGosh! it's 79 degrees and I'm sweating and miserable!  what am i gonna do when i visit the ATX? need..AC! need...AC!,neutral,worry
1753552296,i'm looking forward to the joy of the f1.... hoping its another disaterous race for ferrari and button gets another well deserved win,love,happiness
1960909337,@EddieMalone yeah sucks eh!,hate,hate
1694385165,"A lovely weekend away at Kits Coty, now relaxed and well rested and ready for the week ahead.  Back on NNC in two weeks",love,happiness
1752193057,just met Sarah Kelly... wow... she is an amazing woman of God!  and she gave me a free t-shirt!  gotta love free merch,happiness,love
1962567491,"@TheAllianceGuy thankies! btw, what part of scotland do you live in? I never got to visit the UK at all when I lived in Europe",happiness,neutral
1694905268,"@badabam no, sry, didn't feel well at all. but there'll be another change I believe  hope FFK09 was fun with lots of inspiring input.",worry,happiness
1694147147,@rohitchauhan This is what pundits are paid for...how will TV channels and websites run otherwise,neutral,neutral
1694165251,13 days until graduation,neutral,worry
1964032589,"@mckenzie15 yeah, we get out june 4th...  blahhh (yet another reason the south is better!)",neutral,neutral
1752226964,"was in Palawan a couple of days ago, i'll try to post pictures tom.",neutral,neutral
1694979240,@SasaLoves bahaha.. Weekends are just too short.. Esp when it's nice out! I wanna stop time like evie on outta this world! Morning!,worry,neutral
1957657765,@x_Beckiie_x omg are you going to see it?! another reason to not live in devon none of the f***in cinemas have the film im so annoyed,hate,worry
1694163260,Expected a Silverlight content on M$ Vine site http://www.vine.net/default.aspx ... they realized the reach of Flash LOL,surprise,neutral
1962941564,Was about to head downtown...now there's a flash flood!  - Photo: http://bkite.com/07XFs,surprise,neutral
1962450075,@philcanty,neutral,neutral
1965802407,not ready to say goodbye to spring awakening tomorrow. ugh  anyone else going to be there???,worry,neutral
1694033593,@ work.. This week some new instrumentals.. stay updated,surprise,neutral
1962874165,@klee123 It wasn't loading.,neutral,surprise
1753757232,@PaulDuxbury Morning Paul  How are you?,neutral,neutral
1957008987,when da heck will the garage man get here I ask you.. WHEN..,surprise,neutral
1751920908,Found which exit to take. Thanks @Tianjinology.,neutral,neutral
1962529565,"Over-thought tying my shoe, couldn't figure it out for a while",worry,worry
1751885692,@CarCrashHearts what do i have? lots of stuff.,worry,worry
1962228001,"@kaylee2o3 HA! finally found someone I know! happy summer Kaylee, too bad I dont get to kick next to you anymore",love,worry
1753531963,@DJ_AM Well what can I say - you do look Hot in your pic... That's gotta work for most of us...,fun,neutral
1962432734,the low point: a poor pigeon outside my building isn't capable of flying. It's just wandering up and down the sidewalk. so sad,worry,worry
1962654379,@AnnRan5 thats too bad,neutral,worry
1753238214,@rhettmatic happy birthday,happiness,happiness
1751573156,Search Ryan Carera &amp; Josh Kelley  They're really good,happiness,happiness
1695136758,"@khad strange, that is exactly the chapter god laid on my heart to read in The Message yeaterday morning...He works in mysterious ways",neutral,neutral
1957101953,Getting ready for school - second maths test today  also its my last day of 3rd year!! Next week i will officially be in 4th year,happiness,neutral
1752353678,phillies gamee with mama for mothers day,neutral,love
1694881181,"@DavidArchie Maybe you can take a recorder with you around, so when you can record those new melodies that you've came up with in yr head",neutral,neutral
1966355702,"needs to write term paper by monday  busy tonight, busy tomorrow, busy sunday  shit. i need to fix my priorities.",neutral,worry
1753518494,@AnOldMasterJukz You're welcome,surprise,love
1960168482,@gprado Awww I HATE that one!!,hate,sadness
1694437290,@Moonshayde I hope you aren't allergic to dust  Choc or syrup?,worry,worry
1752225643,@alaksir Thank you for the FF,neutral,neutral
1966097144,So sad that Aki is out for the rest of the season!,worry,sadness
1694589545,Can't wait till Friday. Leave school at 10:15 and party at Manor Heath for the rest of the day,neutral,worry
1751360886,Movin into the Big Room,worry,neutral
1957077528,"@taylor_d No, it's not...",neutral,sadness
1961993638,My break is over  back to the inferno  [ I Love Her ],love,worry
1694705576,In the arts having coffee and cake,happiness,happiness
1751288218,Laying with lyndi on drive way. Drinking tea. Listenin to music. Takin pictures. Just a Chillin.,relief,neutral
1962244514,@eeks_ I wish you were here NOWWW!!! grrrrrrr,sadness,happiness
1962734804,@Cracklin_Rosie  it was my name until yesterday,worry,neutral
1962607552,Jenn jenn jenn oh why oh why won't u pass on ur iTunes knowledge onto me?,sadness,neutral
1752674364,@thatswhack74  haha aww hun i bet you are more creative than me,fun,happiness
1964056835,It does! Lol but i have none,neutral,worry
1751953358,Learning how to jerk and stanky leg at sunset cliffs. headlights spotlight  with colorado and fam,worry,neutral
1753484264,@Sharmi A pretty black top with flowers in pink hues,happiness,love
1963530135,"@katecameron2002 Oh same here, can't believe they killed him off!  Hate Stringer now!",hate,worry
1752291232,@katyperry i think it's under a honeymoon by the good life -- either that or it's under a honey moon by joseph arthur.,neutral,neutral
1957123747,"@heresmyhello92 LOL, very true. Maybe next year. I loooved that siggy, and I don't remember what the password for the mod thing was  Cake?",love,neutral
1753534563,@fiercemichi well that's good  and i'm a fast learner. Mmm  Zachary...be prepared 4 me t randomly mention him at any given time. he yummy.,fun,neutral
1962845814,"despertando megadespistado, me ire a la u y luego full fin de semana on the beach, saldrï¿½ en wild on!",worry,neutral
1751213740,Catching up on 2 weeks of LOST and Grey's!!    House is quiet again.,surprise,worry
1694834169,@ccr_harris  There were way more than two! Ten hours of real-ale takes it out of you,happiness,neutral
1695004095,@taylorswift13 I wish I was in London to see you. It's like my biggest dream to meet you  iloveyouuu &lt;3,love,happiness
1966397829,Guys my phone is dying!!!,worry,worry
1960260996,funeral at 2.  today is going to be bad.,worry,neutral
1694240176,no school today gd  but dont get to see mates n millsy x,sadness,sadness
1694904216,@hadoukenuk http://twitpic.com/4hsd2 - Weheyyyy   We give thanks for MIDI keyboards,happiness,neutral
1694705705,WOOOOO!! Twitterberry is working again!! Good morning everyone,happiness,neutral
1962883892,Its so cold! I wish @shelby_says or @tattoos1985 were here to cuddle with me,sadness,neutral
1751921718,Jumping im the shower after a long day of work  it shall feel ahmazing I CAN MATH!,happiness,worry
1753853940,is having a loungey sunday,love,happiness
1753365066,@FlissTee I think the very late night on Friday just hit me  off to town to meet a friend soon for ice cream and coffee,happiness,neutral
1752384283,@alterna180 i sorry sweetpea... almost over with!,relief,worry
1752920978,watching jackass. then bed,neutral,neutral
1961153858,Weather sucks. APUSH filming has become a maybe  At least banquet is tonight,hate,neutral
1965830814,@MarieTuckerVA busy wit work  how is your business going on?,surprise,neutral
1965368852,i am soo fucking sick of wades mood swings... uhh i hate him.. he's an asshole!! ahhhh,surprise,worry
1966401857,The bus is rolling along faster than expected. I might make it home by 6:15. Maybe.,neutral,neutral
1694608685,@scullyrific Hell Yeah!,fun,hate
1695882532,@riandawson will do,neutral,neutral
1694645103,@Pebbles945 http://twitpic.com/4jcf1 - Looks great!  Love the way they did the bottom.,love,love
1753789374,"@rehabc give him a gift voucher for something like shoppers' stop or something. that's as good as cash. unless he's immigrating, that is!",happiness,neutral
1960540427,Good Morning Folks 13 more days to go! and sadly 2 more days of the Giro  but that means the Tour is not too far away,sadness,worry
1695511809,But what about faith?   Peter  :^),neutral,neutral
1963459465,About to go on 6 hour journey home,enthusiasm,neutral
1751952782,"'Cause you have that effect on me, you do ? ?Currently loving Hey Monday. Thanks a lot, @alexrellosa.",happiness,neutral
1964537999,@GramaLindax4  Linda ~ What do you mean by your last post??  It doesn't sound good,empty,neutral
1752591761,"whole foods, barton springs, yogurt spot &amp; the oasis = perfect day in austin.",happiness,happiness
1964151538,So freaking close to getting my car back. Told me I could pick it up then call back to tell me there is a crack in the mfing windshied.,worry,worry
1966429879,@mikekang That is super sad   How is Bart etc holding up?,sadness,worry
1965843345,@mitchelmusso Hey Mitchel when will you be live again? I didn't get a chance to call you,sadness,worry
1693995855,Morning all - woken by neighbour's kids screaming in the garden before 8am so not in a very benevolent mood...  you have been warned!,sadness,neutral
1964096936,I get the feeling @kris0614 is going to make me wait until I get home to tell me I'm denied vittles from BWW.,neutral,worry
1752414388,@iamjonathancook you are adorable,love,love
1965980003,"can't find my trusty hair tie  My hair will spill all over the place when I run!Mom's bands doesn't work for me,normal ones hurt.(((",sadness,worry
1961367642,@devontebrown its cuz you love me. dont make me sad,sadness,sadness
1966339727,Literally laid in bed all day. Major headache,sadness,worry
1693958360,"@yourshyness21 lol I hear you, I think I watched about 2 - 3 different movies, when I should have been getting work done.  I'll ttyl girl",love,worry
1965932148,"Drat. All my land boots died at once. I think of boots like parsley- one going to seed, the other first season. What to do now?",sadness,worry
1961078703,just thought about how unfair 3 ppl have been 2 me n got depressed again  HATERS!!!,hate,worry
1752797005,@__loss good god woman! Get some sleep!!! I'll call/text when I'm in the city.,worry,happiness
1751177832,happy mothers day,love,love
1695618276,@larrybenet Just DMed you your login details for the Twitter Salvation System. Enjoy! do let me know what u think.,neutral,neutral
1752226531,"@etafish my grandpa called, wants to know what you are doing with his hat.. and when you plan to return it",neutral,neutral
1956968636,Hmmm. http://www.djhero.com/ is down,worry,neutral
1961291344,"I'm struggling today...Nola woke up at 3:30, so I'm running on no sleep.",empty,worry
1752321945,"@MsKnitSox thanks amy, its full of hotness",happiness,happiness
1753219043,@Bern_morley LOL I love your kids,love,love
1966122261,"is watching &quot;Wall Street&quot;, and realizing that since it is on a movie channel she won't get a potty break",worry,neutral
1751068880,Sidebar: the moon is SO beautiful,love,love
1694904132,"Cougar Privacy Threatened as Surveillance Increases  http://bit.ly/ayViO - sorry, couldn't help myself with this one",neutral,worry
1751104688,"@xodedexo18 OMG, I get the $50 coupon from them all the time, do you?? I'm obsessed with their catalog when it comes in the mail",happiness,worry
1695656407,@MatReesUk Has to be a Mac! Believe me - you won't regret it,neutral,worry
1694052230,Good day today tomorrow will be even better,happiness,happiness
1751395386,@ZnaTrainer How are you today!?,neutral,worry
1960900440,ok nevermind. photo was set to private. sorry.,worry,neutral
1966326447,"I left a chocolate egg sitting in my office, and now it's calling my name......................",neutral,worry
1962732367,@JoeysMissMac Blah! Got a shot at the hospital   Taking gravol and moving very slow.,neutral,worry
1752052021,"@mrskutcher HUGE difference in temperature from the last time you were here, huh?  Gotta love DC. lol",fun,love
1694146756,I'm doing an advert 4 the Make-A-Wish foundation &amp; I can't find photos of kids looking close to death... that's a good thing for the kids,neutral,happiness
1750893502,I love how two of my favorite shows have the same acronym  lol.,happiness,love
1752382043,@mikeprasad noticed that yesterday too...i'm actually really happy about that  #StarTrek,happiness,happiness
1957162630,@ryanhalloran why not?,neutral,worry
1957080521,@mousebudden I'ma need you to follow me real quick cause I can't DM you,neutral,neutral
1695054038,Is watching the final Underbelly,worry,worry
1753433380,@xoxmillyxox 26th February,empty,neutral
1964153291,"@ChantelleDaily sold out in 6 stores, i don't think so",worry,worry
1753565993,"Paul Scanlon sharing from God's Word this morning, he's sounding a bit hoarse perhaps a touch of *#cold*? It won't hold our Pastor back",happiness,worry
1694456538,@larasati Uh?Your US iTMS credit is loaded by your friend?That's really nice  I wonder when any of my friends do the same for me.Hahaha.,fun,neutral
1964645620,@scaldara HAHAHA i only have the groundhog to play with,love,worry
1752415697,@Jesse_Attack thanks dude!,relief,happiness
1753328677,Celebrated Mother's Day with the best lamb roast lunch followed by a box of Cadbury's shared around the table. It was a wonderful day,happiness,happiness
1694954158,Is getting her new double yellow volkswagen beetle.  happy star wars day.,fun,happiness
1965289800,"@Ashcoates its been fun so far, but its nothing like a festival altho we did have a cider this afternoon, but only the one",fun,sadness
1753381377,Playing &quot;The Simpsons Game&quot; for Nitentdo DS Light *_*,fun,neutral
1964370122,I am finally on a roll... now time to stop.   Is it weird when you love what you do?,neutral,love
1753632624,"band recommended by Steph --&gt; PARAMORE! who else? a great band, consists of-&gt;Hayley Williams,Josh Farro,Zac Farro,Jeremy Davis  best band!",love,happiness
1753467844,@bdeezy @PleasureNPain lol you guys are awesome,love,happiness
1753156820,"@kristenstewart9 Hi!good luck for the mtvawards, Im sure you're going to win!I hope so!I Love your work! ha you speak spanish? take care",worry,worry
1962697318,Sims 3 wouldn't work on my old macbook  hope to get Sims 2 by tomorrow.,sadness,worry
1753484770,@ScubaStev3 jfufnfwucnbqjic im bored,worry,boredom
1957727430,@ashleeadams no wonder you hate driving and country roads and stuff,worry,worry
1966208572,i'm a bum today,worry,worry
1696002198,Google ... show me apples ... I only want to see images with green in them: http://tinyurl.com/clrbau COOL,neutral,neutral
1957544941,http://twitpic.com/666gy - My glass is empty. Will someone be a dear and fetch me another?,love,worry
1964650444,"Man, looking through and packing up my books is looking at my past lives. Feeling kind of sentimental",neutral,worry
1753118225,@therealsavannah I know you would be successful. And you're just starting. You would do great in the coming years. Good luck to you,love,neutral
1963750793,Arghhhhhhhhh... i can't keep up with these TwitterBones peeps,worry,worry
1957227127,"Awake, no migrane (yey) but tummy is hurting, evil IBS",worry,worry
1750963606,@EricMillegan 0k...enjoy Dora the Explorer..  greetings to your niece!!,neutral,neutral
1694585974,JD and Turk make me laugh  #scrubs,surprise,happiness
1695407857,"@red_sunflower yeah, somehow it was one  i'm hoping for someone to have taped it *iz coward herself*",worry,worry
1966084441,this has been a pretty shitty week. minus seeing @marktheescape. where is that muscle relaxer i need?,neutral,worry
1957485317,365days rperss.... where are youuuuuuu,worry,worry
1694551987,"@vectorfunk Presentation went well  Yes, I also met a buch of cool people. Checked your portfolio, nice work/details in the projects.",fun,happiness
1694108935,chillin with christina and diana,happiness,happiness
1753885325,"@Zanna85 Almost, almost.. Thanks on the &quot;good save&quot; Z!",love,neutral
1961080294,@crapsticks how do i make it better after being robbed of 1m.,worry,worry
1750897123,"@heidimontag It was wonderful, just home from a wedding. I love it   How was youre's?",love,love
1751464336,Babysitting. Text me and keep me company,neutral,neutral
1957371316,on that note - i do not feel missed.,relief,worry
1753137685,"@MorganH03 Thanks for a great night, dear.  Perfectly completed my weekend.",happiness,happiness
1695312981,going to take my sociology exam   and back to bed,relief,neutral
1957120767,@emlevins,neutral,neutral
1957082086,"Looks like another sleepless night dedicated to homework. Sorry in advance, Ms. Chapman.",worry,worry
1957617413,is not paying ï¿½8 per hr for Internet access so may be limited to Twitter via txt,hate,neutral
1960609076,"@EricaJo42 yeah but there are like 5,000 types of snakes..and it's wicked wicked wicked hot...and idk. i don't think i'd like it",worry,worry
1753869248,"@mutantsounds i was think of something with a better view, but i am on a tight budget.",worry,worry
1957084166,Sometimes the things you say hurt the ones you love most unintentionally.  And you can never ever take it back or fix it.,sadness,worry
1751176109,On my shoot with Ron and Torey! Have lots of fun,happiness,happiness
1751574861,"@KatiaDominos loll , of course me tooo  &amp; i love their new song toooo ?",worry,love
1694952448,@SteveHealy - I shall post a notice in town so us Cork ladies know to watch out!! lol  You had fun then?? Sevens were the business !! ;),fun,neutral
1957573557,"Also, I'm really missing Sami... just thought I would throw that one out there...",sadness,worry
1966292602,"@roomerholmes I know it's in HD, but Comcast doesn't have it.",neutral,worry
1751285743,@mantia a mouth for sure,neutral,neutral
1957386977,1 month ahaha. AND i dunno if I can go tomorrow LMAO cause i went today   Freakin filipino parents AHA,neutral,worry
1964456197,i don't feeeel good. :/ my head hurts. and i have too much homework to do.  schools no fun. :p hehe,worry,worry
1696219136,"@ABeautifulMind1 Whats with you though, you sound a bit down yourself.. not your boiler again is it",neutral,neutral
1963145708,@tina_beanz damn sorry to hear that tina...,sadness,worry
1964784881,@llcooljew Poor dear. Your fellow busty mavens have been there.  What gym do you belong to? PEAC?,sadness,neutral
1962835758,@japanimated I miss you too,sadness,sadness
1751286404,Okay people my fones charged,relief,neutral
1960862577,My sister got a lunch date and I don't,worry,neutral
1695692328,@Rene_Kay2 welcome to Twitter babes! I know what you mean...still trying to figure this out,fun,neutral
1753565702,@joshboulton Yeah I guess he does sound a bit odd 'cause he's saying really quickly,surprise,worry
1962954005,@jennjolie yep... or it should b automatic that if u fall 4 someone that person does 2!or smthng like that... but the way it is SUCKS!,sadness,neutral
1752503371,Just watched Star Trek. A+! That was so well done. I think I'm down to see it again. Who wants to join me?,happiness,neutral
1753567604,@Reptar01 what do you mean it sit funny? I like the way it looks!!!  and I took the other part of the nail off. It didn't hurt that time!,surprise,worry
1964387487,got a super cold!,neutral,happiness
1962200179,I'm back!! Sudden wave of melancholy takes over. I miss the Shining Emblem,neutral,worry
1957663990,@QueenKelso dooood! it is working! tea time later? are you working tonight?,fun,neutral
1961417787,@Marianna26 hey mar! i miss you also ( yeah  but i gotta find a stupidstupid school (,worry,worry
1694746739,just finished designing her multiply site,neutral,neutral
1957222804,Got a flat on the way in today - Pot hole. Another thing to tick off the &quot;crap things that can happen in a week&quot; list,worry,neutral
1696088688,"Leaving minneapolis, doing some homework and going to watch my brothers tennis match later",neutral,neutral
1753273068,"good moring  gonna take a shower, fix my hair and then Im going out .",neutral,worry
1752291436,Movie night with kate,neutral,neutral
1962513555,@maxinefrances Ah  Not doing cbeebies epg by any chance are you hehe. need pinkyponk crash warnings ;-) Is your journey home long?,surprise,neutral
1964139665,Holidays are now over - not fair!!,sadness,worry
1961542162,@Hi_Im_Chris and i cant get to mine  keep getting an error,sadness,worry
1964395960,@yelyahwilliams Noooooooooooooooooooooooooo! You can't do that,sadness,worry
1961824945,any other Mac users completely given up on Google Chrome?,sadness,neutral
1964823217,"Oh god, I feel like shit.",sadness,worry
1694162320,"@surfnmusicexpo Yup, but what they going do??? He's the Mother Effin Champion!!!! LOL",fun,worry
1694455148,"@ARustedSmile Oh, I thought it's only a man-ly problem to not be able to figure out your mom. So now it's official! Mom's are weird!",surprise,worry
1957676286,I wish I had a concept of what time it is right now....  not adjusting well. Obvs.,sadness,neutral
1958095589,"feeling very stressed and strung out, awake at 4.50am, mind buzzing... and Mrs Dr. A is not talking to me",sadness,worry
1962996830,bout to go to work with a wicked sunburn on the chest.,anger,worry
1751431475,"Nice place to eat in sao paulo, brazil  http://twitgoo.com/28hh",love,happiness
1753499767,thanx peeps 4 following me,neutral,neutral
1965675658,"Got fully denied tonight  sleep time now, lnd in morn!",surprise,worry
1753177322,@teresanguyen oo ok. When I opened up twitterfon and it said I had a reply I was like lauren Conrad andswere me  haha,happiness,neutral
1960132682,"@JonathanRKnight I`m really sad, that you didn`t give me an answer until now",worry,neutral
1695619551,Now english academy,love,neutral
1965491980,@janetfraser so true   sad to say.  I'm glad you'll be with me to be my support group ;),love,sadness
1753219073,Home. Tonight was fun  thanks!,happiness,happiness
1963092235,"Stupid jobs, idk what to do.",hate,worry
1966130917,i think that i'm the only 1 on!!!,empty,worry
1961491975,"I'm so tired idk what 2 do...and I have 2 much 2 do ...church 2 nite, gotta write sermon, wash &amp; flat iron hair, eat! so so much 2 do",sadness,worry
1751888315,Today was fun  I &lt;3 meeting boardies! The acoustic set was just soo phenomenal!,happiness,happiness
1753050121,about to run the hinckley half marathon!  Fingers crossed for a &lt;1h30m time,neutral,neutral
1963552412,Okay gots to go and now for the first time since it started will miss the Block Party on @retrorewind,sadness,neutral
1751920534,@SustainableSeas I do now. thanks for turning me on to them. I follow them on fb but was not here.,neutral,neutral
1963160439,feeling really dizzy  not soo good,sadness,worry
1694530525,@stephenfry gotta catch 'em all,enthusiasm,love
1753663805,At home about to go to sleep! Goodnight twitter world!,relief,neutral
1695962196,Happy Star Wars Day to you all,happiness,happiness
1753155093,"Finally home, watching saturday night live, then dreaming about my amanda boo",relief,neutral
1694727655,"@Rliversidge Great stuff, can't wait to hear it!",happiness,happiness
1964012456,@wamarineangel awwwwww  *hugs*,love,neutral
1964333091,ugh trek of hollie steel  she annoys me &gt;,hate,neutral
1694512097,@triplejsr A little 'Chair Lift' tonight would be muchly appreciated,neutral,happiness
1962728806,"@DevonStebnicki wow, that sounds way more stressful than my job  thought about continuing edu and making a move?",neutral,worry
1694108796,"@Robviktum Warm and muggy after Tuesday possible t-storms, but not as widespread, possibly severe too",worry,worry
1694904572,"@augusten Ha ha, that's really funny!",fun,happiness
1962841570,@nikkie20six well I learnt to use a machine yesterday! not too confident yet though so... hand sewin for me!!  xxx,neutral,neutral
1965907125,"@aimzy24 I'm sorry, but x-men sucks... in a bad way!  ;p",hate,worry
1694930520,@bhanks morning,neutral,neutral
1751140902,@itouchiphone thanks got it will contact you if i am having troubles!Thanks,relief,neutral
1964220266,Noooooo worst news ever today my tattoo artist is moving omg what am I going to do!?!?!?!?,worry,worry
1751464863,@davemark welcome to the last two years for Flyers fans,neutral,happiness
1695312114,Humous and Dorito's.... Oh yes,happiness,happiness
1752773646,@amygrant Chocolate with peanut butter. One of my favorite combonations,happiness,love
1962838082,...  Headed to Hospitol : Had to pull out of the Golf Tourny in 3rd place!!!!!!!!!!! I Think I Re-Ripped something !!! Yeah THAT !!,hate,worry
1753400583,I really need to turn my swag off it's 3:30 time for bed!,worry,neutral
1753073261,Had the Best lazy/really productive day ever. So many options lay ahead of me.  My only job is prioritize them  Thank u universe. -Luv DD,happiness,neutral
1695163369,will just take a bath,relief,neutral
1965277637,Omg guys my internet has been down the whole day  It's still not working  I'll try fix 2m,sadness,worry
1753175801,@adityamishra yeah next time,love,neutral
1752619507,"I love how small adelaide is. Just ran into callum, of all people, at the airport. Amazing to see him though",love,love
1696044896,@LarryWalksFast Cool. That'd be fantastic!,happiness,worry
1966083365,dont wanna cry  but the seniors are out there graduating&amp;its breakin my heart;but im home,empty,worry
1964456431,Yea!  Headed home to change and head over to Pelham.  Sad thought... suposed to be heading over there for the NKOTB concert...,sadness,neutral
1960761257,It's too hot. I hate summer  #harrymcflytosing,neutral,sadness
1753075612,Daniel has won DSDS. His voice is great.,love,neutral
1694107541,bed time! night yall!,relief,neutral
1695026744,"The pushing has started, not long before a new #starwarsday baby is born",relief,neutral
1695580971,@shefinds Great job!,happiness,happiness
1960756509,@meeshel that sucks.   did you save any of it?,sadness,worry
1750930867,@kurliedoc poor grace!!! You need to date a cute male nurse.,sadness,worry
1965098047,"Traffic along McArthur!  okay, keeping my eyes on the road and my hands on the phone, err, steering wheel.",worry,worry
1751713472,@charmainelhs then you must insist you write essays the twitter way - no more than 140 characters,happiness,neutral
1957231863,I don't remember what i text to twitter to get a list of commands  halp,neutral,neutral
1752870477,Planning tomorrow's special breakfast Ima cook for mom  she's gona get so happy,worry,happiness
1752796265,@YasmineGalenorn used is definitely cheaper... may have to get later ones that way... but new is ok for now...,neutral,neutral
1750896910,"@SaraBareilles just the mere fact that you twittered and someone read it, then it matters p.s. love your song Gravity",love,neutral
1964538625,Lost a battle with the couch....phone has been blowing up,empty,worry
1964566165,@3minds babe u aint been reading my tweets- my phone has fallen apart. My new on comes nxt wk. The track ball keeps fallin out my phone,surprise,worry
1751953090,@johnwyattedgar i dont really trust the judgements and vouches of @brandy_xo   jk. i'll think about becoming a friend of yours,fun,worry
1966276851,Def isn't. I don't even feel like me without a pic next to my tweet.,neutral,worry
1695001556,"@shawtyslim lol, I'm sorry!",neutral,surprise
1961429900,@KirstenAlexa I KNOW! I love Nicholas Braun &amp; I think he'll make an okay Cameron but I don't wanna see it either,love,neutral
1694108429,@ChageAUS fiscally responsible is fiscally over rated,sadness,worry
1965287990,"@wylthenemesis nope not going be able to finish it tonight, got a few other things to do before bed",neutral,neutral
1965880256,My vibe is currently downed.  The only thing amusing me is my Joker shirt. *Looks down and pokes shirt* I want a peanut butter sandwich...,worry,worry
1751607439,@shereenzangana That was fantastic! Thank you,worry,happiness
1964498112,@beccaschlagen Oh no!  I hope you find your kitten,worry,worry
1962102335,"Jonas and Demi, I miss you  / NIIICK, in my soul, ASASGDYGYASDGY ?",worry,sadness
1695444218,@reddhed The pics should be up later today at www.dosriosrestaurant.com!,worry,neutral
1961177787,@hilarylanders I know  I think I'm like dieing!,neutral,worry
1957738720,"@christianedward it's a good sized family room, so not too cramped, watched match in room  Watched tv on iplayer after kids asleep",neutral,neutral
1752445475,"@RonDance **Jaw Drops** **Gasp** Whatever do u mean? I'm as sweet as pie  Allow me to re-introduce myself, I'm Coach &amp; I'm a Cancer &amp; u?",fun,neutral
1964381613,"Finally, I got my teaching load confusion cleared. I will teach 3 third year sections but with a catch.",relief,worry
1751643123,@tonysarti is it in crowntown? i think i may just meet you there? let me get ready and ill let you know,neutral,worry
1694645950,hi everybody! i'm having my lunch break at work and enjoying a nice cup of coffee!,love,happiness
1957287286,@WoWInsider I would be playing my old rogue but a friend took the account and could not get it back,hate,worry
1964676611,Class until 9:30  yes on a Friday night...,worry,neutral
1752941145,@natalietran I did really like that http://tinyurl.com/c63mhr reminds  a little of my favor hfw,happiness,worry
1960216372,@lstcinthabldg im good! im on my laptop using and external internet plug. i need to send it away to be fixed,worry,neutral
1966100178,@JennyLouis_420 why baby?,neutral,worry
1753416677,It's the final count down to bigger hair people   ? http://blip.fm/~5z4uq,surprise,neutral
1957512735,"So, I am working on the news as well while I am doing all of this &amp; Rob is all over the place!  No wonder that boy never gets left alone!",neutral,worry
1960661455,Missing my mom today. We made it a &quot;date&quot; every year to get our flowers together. This yr I was alone. Felt so weird,worry,worry
1753712282,Sunday sunshine track  ? http://blip.fm/~5z7cg,neutral,happiness
1957190291,@sfannah Ahhhhh  Well at least I'm up to!,sadness,neutral
1961433056,sucks that i don't have a drawing tablet!,surprise,worry
1696135705,The seat was a nice place to go,happiness,happiness
1694771422,@yadatree I used to row in high school and just found out there is a rowing club ten minutes away from me so I thought I should sign up,surprise,neutral
1752592527,FREE UNLIMITED RINGTONES!!! - http://tinyurl.com/freeringring - USA ONLY - Awesome 4 iphone,relief,happiness
1966267210,@ltyson yay asap lol awwh I miss our friday night happy hours even luna del sea and the &quot;boy&quot; hahahaha,worry,happiness
1752382859,@AlohaZen do u hav a garden? bunny probs r decidedly uncool.   thanks 4d link!,happiness,neutral
1694836450,"@marieosmond See you October! Love the new book, when's the next one out?",surprise,love
1964156621,"yeahh, uhhh, not so sure if i'm feeling the new jonas songs just yet",enthusiasm,worry
1695377329,@xx_Megan_xx oh dear lmao that a key ingredient :p cakes in the oven and now I'm cooking my lunch paprika and chilli chicken YUM haha,love,neutral
1958132112,"@kev_watson   Sorry address was wrong. where I put samuel in the address, it should be just sam. I am having a stupid brain day today.",sadness,worry
1961253775,"headache, headache, go away. come again another day....",sadness,happiness
1696005128,@CaroleCross Thank you for that!  I know it.,happiness,neutral
1752563328,I promised to update my twitter every now and then. LOL Greet your mom by simply saying YOUR HOT,fun,neutral
1695029359,"@neo_indian hehe very true  but you've got the color advantage, which the complete americans haven't",neutral,happiness
1966347649,tomorrow valeria's lunch!!! going to get my hair done but im arraving late   got my cousins babtizm or whatever you spell it,happiness,worry
1753332219,you are acting like 5 year olds   @player112345 @Carole09,relief,neutral
1957689210,I can't sleep ugh!! and I have shit to do all damn day tomorrow. Wanting to take a sleeping pill but I know Ill get up late,hate,worry
1964688761,So broken now,worry,worry
1963509762,I don't believe there's anything worse than losing a best friend,neutral,worry
1751751363,@mikeyway http://twitpic.com/4vw9a - I'm not gonna buy one...nor two... But three! I will be the ultimate slaughter machine!,fun,worry
1957616075,huh? its 1 am already? shucks,surprise,worry
1695965591,Recovered now  Back to work!,neutral,neutral
1964497836,"I really should be doing something more productive, why am I not there yet?",worry,worry
1694455510,You are the First to know that SinhalenFOSS ep22 is out with the big news. http://tr.im/kpoR,neutral,neutral
1961196206,Fuccin bacc hurts now. Just dragged the long blocc on a piece of wood. From the corner to in my garage.,worry,worry
1752723023,@angelakeen the next wk I C Drs too but maybe then? I would love it! I did go to Mac Grill.  John was not there! Thought of U!,happiness,neutral
1752088515,I'll stop the world and melt with you...the cure,neutral,worry
1962030628,Twitter is slow!,neutral,neutral
1694791715,Mexican! That's what I'm craving,happiness,neutral
1751642583,@Lo_Bosworth hey Lo!!!!,empty,neutral
1750895585,@peburns that's exactly what this mama is doing,empty,neutral
1752896774,@brendanvalencia where and when is your next show? or upcoming ones? i really want to see you guys,fun,neutral
1965870887,Mr amp over heated,neutral,hate
1753663760,"enjoying the sun with daddy, learning for englisch exam, watching gilmore girls",relief,happiness
1960633359,had a shit contact with both parents &gt;.&gt;  grrr,relief,neutral
1963570489,"@BellaBKNY Thanks for your support as I kept updating, it helps",happiness,neutral
1964365814,@Momofnation is it bad that I sort of want her to miss me?  I know I will be missing her.,neutral,worry
1958049507,if someone had've told me things would get this hard..i would never have done it,surprise,worry
1751429819,"@hatpak12 Remeber my blue dolphin?  I wore it out, thinking Victoria day gift for me?",neutral,neutral
1751104605,everyone get #buckonellen one of the topic things!,happiness,neutral
1963047425,@sunshineangel89 Yeah..  Of course next time. ;) ICQ?,happiness,neutral
1964378068,@Rhea_C hahaha i agree. im s glad Aiden won tonights show and greg should have got the other place,love,happiness
1752225902,"@BOLDNATIVE Hi Denis, when can we grab coffee?   would love to catch up with you.  Jordan",love,love
1694476667,@dzschille You're welcome.,neutral,surprise
1696135859,"@czarinas78 Ah  So you've seen both. (Either way, you get to experience the fantasy of sound and shock waves in the vacuum of space. Heh.)",happiness,worry
1694858893,"@LMcreation yes, Mondays are hard!  Hope you have a great day too &amp; have the opportunity to get out at some point into the sun",empty,happiness
1694977715,@SamStreet69 back to the lovely land of the north,hate,neutral
1964085189,Raining again,neutral,neutral
1694647945,just 3 days left for the offf 2009 http://www.offf.ws/ in oeiras portugal... see you there,surprise,neutral
1966400624,"@MelissaPan ah the Computer's not in my room  on BBerry right now, and Youtube charges D: !! Heyy, how about you, aren't you tired XD?",worry,neutral
1961129258,@tiyephoenix I have to DJ 2 gigs on 6/20. no bk hh fest for me  so please keep me posted on live dates,happiness,neutral
1962372836,lif's unfair....luk wat it did to ma frend...i m so hating it,hate,worry
1963648079,"@unscriptable yes, at an upgraded consumption rate, too",neutral,neutral
1751177645,@NLiukin hey i know ya dont know me but i wanted to say yopu have helped me a lot i was over in iraq and i wanted to thank you,relief,worry
1753350086,Gorgeous day! Off to Hash around Waterley Bottom - wonderful name for a village! Quiz Mistressing at the Porto this evening,happiness,neutral
1960759723,VCenter is screwing up on me today.  More specifically the MSSQL server that it connects to.,sadness,neutral
1753582712,@DannysGhirl hehe i found ya,fun,happiness
1694512289,@dannywood Good Morning! Hope that you enjoy your run &amp; gym workout this morning. Can't wait to hear some of your new songs.   &lt;3Pennie,happiness,happiness
1753712554,bruxels - 12:02 at home... really tired... end the song,neutral,happiness
1753030525,i have to put it out there...... I ADIDAS JOSH DENYER  xoxoxoxoxoxo,neutral,happiness
1753178918,"@Chaela12312 yay, I'm glad  THOUGH MAN I WANTED TO SEE IT",love,worry
1694273542,Happy Star Wars Day  May the fourth be with you!,happiness,happiness
1752562430,@VancityAllie they shall win,happiness,neutral
1694349549,"@SmilinNursAnnie Far from it. Bali, a wonderful place but wouldn't have such music. Not that I have asked. Should I?",love,worry
1694110980,Added Twitter updates to @Conceptis Facebook page at http://tinyurl.com/d4cxze wondering if this one will show up...,neutral,neutral
1957147399,how to have a glowing face? my complexion is always so pale,sadness,worry
1962697086,"@SallyTraffic ermm, me me me!!",happiness,sadness
1752644803,"Yeah, my brain does rock!  I am happy to share my knowledge with you Carrie",neutral,worry
1963212449,@PokerAuthority I broke up with Christian Bale when he played Batman,worry,neutral
1753631137,Lovely hubby has just spray tanned the back of my legs for me so hopefully won't look like an allsort for much longer!!,relief,neutral
1694382784,loves the way the sky looks now i.e. no cloud at all.  but that would only mean that it's ultra hot outside.... http://plurk.com/p/rpb7t,worry,worry
1957426941,@katiemoffat I was never a good stereotypical teen,empty,worry
1695312033,@MMAGear510 thanks.... just awesome,surprise,happiness
1695375369,@jpoglesby Hope you feel better soon and check out my cool backround on my profile,neutral,worry
1963729133,@gfalcone that made me cry  poor hollie xx,worry,worry
1753516917,@sahilk It was on March 22nd in UK..today all quiet here regarding mothers day  Very sweet of u to wish though..thanks!,love,neutral
1957305935,lol my other tank/dps friend is having the same problem in a different guild.  wtf is wrong with this server?,hate,worry
1964991805,"Apple is also rotten in the center, just my luck",hate,sadness
1962195160,Yeah it's Friday but I have to work at 5am tomorrow  oh well going shopping afterwork,love,neutral
1751887994,with thee ladies getting retarded,empty,neutral
1695694116,@lulazoid So vacation is good so far?,fun,sadness
1696178721,@isaacn86 Thanks! Funny cause it's true!,happiness,worry
1751140190,Has no idea wtf Twitter is about but willing to give it a go!  Going out for a bit!,fun,neutral
1957692821,@NANCY___ just got your TWEETS. that sucks my love,sadness,love
1964374228,"Husband Went off to bed, now off to missing him again until he is off again Tuesday",worry,worry
1750997860,"@nodgesoft pfft, cydia apps ftw, code on the phone, make, reload springboard",neutral,neutral
1752675297,@boredgirl260 did he ask for your Twitter ID? Your sun sign?,happiness,neutral
1965872822,It SUCKS when my playmate is MIA all weekend.  Sad,sadness,sadness
1957744815,"home for the nite, sleeping on the pull out bed with Maggie. wishing it was @kyla_durden  I got to find a apt",neutral,neutral
1694625654,is finally starting her assignments,relief,worry
1753029992,Happy Mother's Day everyone,love,love
1965722431,@spookygirl what a great project!!! Wish I could have done that with DD1. She's too old now.,happiness,worry
1752646455,he's here   sleep over with the MR. night peeps !,relief,neutral
1957422689,@sunnyphoenix there was like no1 there n tha DJ comp was hella wack... no gud DJs  but got in free so its all gud,happiness,neutral
1751540067,just came back from a nice bike ride with her family and is now refreshed thanks to a shower,love,happiness
1752675281,@TravellingSales WELCOME BACK  see you tomorrow! come pick up your gift ;),relief,happiness
1964596368,@DangerAdamJonas  I saw you in the facebook live chat... but you will have to answer my question the next time  !,neutral,neutral
1753449450,"@hopeluvfaith aww lovely! Hope you had a great mother's day, our little mother hen  did you get in contact with sharn?",happiness,worry
1752350853,Shakedown Street!!!,neutral,sadness
1751287864,"@jota_pe awesomeness! Phillip hasn't completely finished it but if goes up, down, left, and right",fun,neutral
1694293088,@rowsell will be following you tomorrow!!  sleep well,happiness,neutral
1962719031,Tiggerk is still having upset tummy issues  http://apps.facebook.com/dogbook/profile/view/6823131,worry,worry
1695193996,@ShelleyStudioS Major Fail. Since you asked,worry,neutral
1958063663,@iPat143  hmm.. idk that song.,happiness,sadness
1753869452,Happy Mothers Day to all you mom out there,happiness,love
1753855166,"right im off for a shower my little treasures, ill see you later on",empty,worry
1695768471,Congrats &quot;Mine That Bird&quot; for being an underdog and kicking the crap out of all the other runners yesterday. I love seeing that happen.,love,love
1963589187,"Whenever, whever, sarah's in dc all summer  and sure!",surprise,sadness
1753632533,@emjhoistarr Hello. New follower lang po. Tweet to meet you.,neutral,neutral
1752699766,@jtimberlake  Thank you and Happy Mothers Day to your Mother also SNL tonight,happiness,love
1963107151,@TiaMowry I think you and Tamera should have your own show anyway...the CW or ABC fam is not appreciating you like they should.,worry,neutral
1964541479,new project @ work,neutral,neutral
1753328512,Crap. I have lost the game more times today than any other day in history.  #lostthegame (Blame @meekakitty ),sadness,worry
1962995826,@Freebies4Mom will they have your video available online?  I have been gone all morning and missed it   after waiting so long 4 it,sadness,worry
1966101498,"@kearycolbert june 15, 1995, chino hills, CA. The 1 day it rained n june in SoCal...we had an outside grad; had 2 move it 2 the gym",neutral,neutral
1960914525,Looking for accessories for my #livescribe smartpen.. not many sources here in germany for it.,neutral,neutral
1696217703,I day til NYC!!!! and the journey soon begins!!! Music baby,neutral,love
1753790623,@NeNe96 happy bday to her  and happy mothers' day too,love,love
1964118411,"@Agarcia1097 y r u so defensive on the bus??!!!?? Being mean to me, you make me sad!!!",sadness,neutral
1753049583,nice night  bed time; work from 4:30-8:45 tomorrow,relief,neutral
1965314331,@grooveybianca12 nah jkin he's hot! so... bored now,boredom,neutral
1958134970,@Dublins98Dave @doneganland has tickets.......?,surprise,worry
1753532372,My home made red velvet cupcakes were pretty damn good! now to master the frosting... goodnight!,love,happiness
